{0 - 0}: Nil
{1 - 3693}: Object
  {1 - 966}: Reference
    {1 - 1}: String
    {2 - 208}: Array
      {2 - 2}: Array(IO)
      {3 - 3}: Array(Array(T))
      {4 - 4}: Array(Crystal)
      {5 - 5}: Array(Log::Metadata::Value)
      {6 - 6}: Array(LLVM::BasicBlock)
      {7 - 7}: Array(LLVM::Type)
      {8 - 8}: Array(LLVM::GenericValue)
      {9 - 9}: Array(JSON::Any)
      {10 - 10}: Array(Crystal::ASTNode)
      {11 - 11}: Array(Crystal::Def)
      {12 - 12}: Array(Crystal::Annotation)
      {13 - 13}: Array(Crystal::ExhaustivenessChecker::BoolPattern | Crystal::ExhaustivenessChecker::EnumMemberNamePattern | Crystal::ExhaustivenessChecker::EnumMemberPattern | Crystal::ExhaustivenessChecker::TypePattern | Crystal::ExhaustivenessChecker::UnderscorePattern)
      {14 - 14}: Array(String)
      {15 - 15}: Array(Crystal::Type | Nil)
      {16 - 16}: Array(Crystal::Token::Kind)
      {17 - 17}: Array(Tuple(Crystal::Def, Int32))
      {18 - 18}: Array(LLVM::Value)
      {19 - 19}: Array(Crystal::Compiler::Source)
      {20 - 20}: Array(Crystal::DWARF::Abbrev::Attribute)
      {21 - 21}: Array(Crystal::DWARF::Abbrev)
      {22 - 22}: Array(Crystal::DWARF::LineNumbers::Sequence::FileEntry)
      {23 - 23}: Array(Crystal::DWARF::LineNumbers::Row)
      {24 - 24}: Array(Array(Crystal::DWARF::LineNumbers::Row))
      {25 - 25}: Array(Crystal::MachO::StabEntry)
      {26 - 26}: Array(Crystal::MachO::Nlist64)
      {27 - 27}: Array(Tuple(UInt64, UInt64, String))
      {28 - 28}: Array(Pointer(Void))
      {29 - 29}: Array(Int32)
      {30 - 30}: Array(Tuple(Int32, Int32, String::Grapheme::Property))
      {31 - 31}: Array(Time::Location::Zone)
      {32 - 32}: Array(Tuple(Int32, Int32, Int32))
      {33 - 33}: Array(Tuple(Int32, Int32))
      {34 - 34}: Array(Tuple(Int32, Int32, UInt8))
      {35 - 35}: Array(Tuple(Int32, Int32, Unicode::QuickCheckResult))
      {36 - 36}: Array(LLVM::ABI::ArgType)
      {37 - 37}: Array(Crystal::HashLiteral::Entry)
      {38 - 38}: Array(Crystal::NamedTupleLiteral::Entry)
      {39 - 39}: Array(Crystal::Var)
      {40 - 40}: Array(Crystal::NamedArgument)
      {41 - 41}: Array(Crystal::Arg)
      {42 - 42}: Array(Crystal::When)
      {43 - 43}: Array(Crystal::Rescue)
      {44 - 44}: Array(Crystal::AsmOperand)
      {45 - 45}: Array(Crystal::Lexer::LocPopPragma | Crystal::Lexer::LocPushPragma | Crystal::Lexer::LocSetPragma)
      {46 - 46}: Array(Crystal::Location)
      {47 - 47}: Array(Crystal::Type)
      {48 - 48}: Array(Crystal::NamedArgumentType)
      {49 - 49}: Array(Crystal::DefWithMetadata)
      {50 - 50}: Array(Crystal::Macro)
      {51 - 51}: Array(Crystal::Hook)
      {52 - 52}: Array(Crystal::InstanceVarInitializerContainer::InstanceVarInitializer)
      {53 - 53}: Array(Crystal::LinkAnnotation)
      {54 - 54}: Array(Hash(String, Crystal::MetaVar))
      {55 - 55}: Array(Crystal::PointerOf)
      {56 - 56}: Array(Crystal::Def)
      {57 - 57}: Array(String | Nil)
      {58 - 58}: Array(Crystal::Call::ArgumentTypeMismatch)
      {59 - 59}: Array(Crystal::Match)
      {60 - 60}: Array(Crystal::ExhaustivenessChecker::Target)
      {61 - 61}: Array(Crystal::Const)
      {62 - 62}: Array(Tuple(Crystal::AnnotationType, Crystal::Annotation))
      {63 - 63}: Array(Crystal::TablePrint::Cell)
      {64 - 64}: Array(Crystal::TablePrint::Column)
      {65 - 65}: Array(Hash(String, Crystal::Type))
      {66 - 66}: Array(Path)
      {67 - 67}: Array(Crystal::Token::DelimiterState)
      {68 - 68}: Array(Crystal::Doc::Type)
      {69 - 69}: Array(Crystal::Doc::Method)
      {70 - 70}: Array(Crystal::Doc::Macro)
      {71 - 71}: Array(Crystal::Doc::Constant)
      {72 - 72}: Array(Crystal::ImplementationTrace)
      {73 - 73}: Array(Crystal::ExpandResult::Expansion)
      {74 - 74}: Array(NamedTuple(name: String, implementation: Crystal::ImplementationTrace))
      {75 - 75}: Array(Array(NamedTuple(name: String, implementation: Crystal::ImplementationTrace)))
      {76 - 76}: Array(Int32 | Nil)
      {77 - 77}: Array(Crystal::Formatter::AlignInfo)
      {78 - 78}: Array(Crystal::Formatter::CommentInfo)
      {79 - 79}: Array(Crystal::Formatter::HeredocFix)
      {80 - 80}: Array(UInt8)
      {81 - 81}: Array(Crystal::Repl::CompiledInstructions::ExceptionHandler)
      {82 - 82}: Array(Char)
      {83 - 83}: Array(Int32 | String)
      {84 - 84}: Array(Crystal::MacroType)
      {85 - 85}: Array(Crystal::MetaVar)
      {86 - 86}: Array(Crystal::MachO::Segment64)
      {87 - 87}: Array(Crystal::MachO::Section64)
      {88 - 88}: Array(Proc(Int32, (Exception | Nil), Nil))
      {89 - 89}: Array(Proc(Nil))
      {90 - 90}: Array(PrettyPrint::Group)
      {91 - 91}: Array(Array(PrettyPrint::Group))
      {92 - 92}: Array(Time::Location::ZoneTransition)
      {93 - 93}: Array(Log::Builder::Binding)
      {94 - 94}: Array(Log::Entry)
      {95 - 95}: Array(LLVM::Builder)
      {96 - 96}: Array(LLVM::Attribute)
      {97 - 97}: Array(JSON::Builder::ArrayState | JSON::Builder::DocumentEndState | JSON::Builder::DocumentStartState | JSON::Builder::ObjectState | JSON::Builder::StartState)
      {98 - 98}: Array(JSON::PullParser::ObjectStackKind)
      {99 - 99}: Array(Crystal::Call)
      {100 - 100}: Array(Crystal::ASTNode | Crystal::Type)
      {101 - 101}: Array(UInt64)
      {102 - 102}: Array(Crystal::Program::ConstSliceInfo)
      {103 - 103}: Array(Crystal::ClassVarInitializer)
      {104 - 104}: Array(Crystal::Program::RecordedRequire)
      {105 - 105}: Array(Tuple(Crystal::Yield, Array(Crystal::Var) | Nil))
      {106 - 106}: Array(Crystal::Program::FinishedHook)
      {107 - 107}: Array(Crystal::InstanceVarsInitializerVisitor::Initializer)
      {108 - 108}: Array(Tuple(String, Regex::Options))
      {109 - 109}: Array(Crystal::While)
      {110 - 110}: Array(Crystal::TopLevelVisitor::FinishedHook)
      {111 - 111}: Array(Crystal::TypeDeclarationProcessor::InitializeInfo)
      {112 - 112}: Array(Array(Crystal::TablePrint::Cell) | Crystal::TablePrint::Separator)
      {113 - 113}: Array(Tuple(Crystal::Token::DelimiterState, Crystal::Lexer::HeredocItem))
      {114 - 114}: Array(Set(String))
      {115 - 115}: Array(Crystal::Parser::Unclosed)
      {116 - 116}: Array(Crystal::Init::View.class)
      {117 - 117}: Array(Proc(HTTP::Request, Nil))
      {118 - 118}: Array(Socket::Server)
      {119 - 119}: Array(Bool)
      {120 - 120}: Array(Crystal::Repl::CompiledDef)
      {121 - 121}: Array(Crystal::FFI::Type)
      {122 - 122}: Array(Crystal::Repl::Interpreter::CallFrame)
      {123 - 123}: Array(Array(String) | Nil)
      {124 - 124}: Array(Crystal::FunDef)
      {125 - 125}: Array(LibLLVM::MetadataRef)
      {126 - 126}: Array(Crystal::CodeGenVisitor::FunMetadata)
      {127 - 127}: Array(Crystal::CodeGenVisitor::Handler)
      {128 - 128}: Array(Crystal::DWARF::LineNumbers::LNCTFormat)
      {129 - 129}: Array(Tuple(Crystal::DWARF::AT, Crystal::DWARF::FORM, Bool | Int32 | Int64 | Slice(UInt8) | String | UInt128 | UInt16 | UInt32 | UInt64 | UInt8))
      {130 - 130}: Array(Float64)
      {131 - 131}: Array(Tuple(Crystal::Type, UInt64))
      {132 - 132}: Array(Range(Int32, Int32))
      {133 - 133}: Array(Tuple(Crystal::Type, String))
      {134 - 134}: Array(Tuple(Crystal::NamedArgumentType, String))
      {135 - 135}: Array(Array(Crystal::Type) | Nil)
      {136 - 136}: Array(Float32)
      {137 - 137}: Array(Crystal::VoidType)
      {138 - 138}: Array(Tuple(UInt64, UInt64, UInt64))
      {139 - 139}: Array(UInt16)
      {140 - 140}: Array(Crystal::Parser::Piece)
      {141 - 141}: Array(Crystal::ASTNode | String)
      {142 - 142}: Array(Pointer(UInt8))
      {143 - 143}: Array(Tuple(String, String))
      {144 - 144}: Array(Array(String))
      {145 - 145}: Array(Crystal::Token)
      {146 - 146}: Array(Tuple(String, Crystal::Expressions))
      {147 - 147}: Array(Float::Printer::Dragonbox::WUInt::UInt128)
      {148 - 148}: Array(Tuple(Crystal::Arg, String))
      {149 - 149}: Array(LLVM::CallConvention)
      {150 - 150}: Array(Array(Crystal::Type) | Crystal::Type | Nil)
      {151 - 151}: Array(Crystal::VirtualTypeLookup::Change)
      {152 - 152}: Array(Tuple(Crystal::Type, Tuple(Int32, Int32, String)))
      {153 - 153}: Array(Crystal::InstanceVarInitializerContainer::InstanceVarInitializer | Nil)
      {154 - 154}: Array(Array(Crystal::Type))
      {155 - 155}: Array(Crystal::NamedType)
      {156 - 156}: Array(Crystal::Type | Crystal::Var)
      {157 - 157}: Array(Crystal::Repl::LocalVars::Key)
      {158 - 158}: Array(Tuple(Crystal::Type, Int32))
      {159 - 159}: Array(Crystal::Block)
      {160 - 160}: Array(Crystal::Var | Nil)
      {161 - 161}: Array(Crystal::Repl::Context::InstanceVarInitializer)
      {162 - 162}: Array(Pointer(Crystal::LibFFI::Type))
      {163 - 163}: Array(String::CharIterator)
      {164 - 164}: Array(Crystal::Program::RequireWithTimestamp)
      {165 - 165}: Array(Set(String) | Nil)
      {166 - 166}: Array(Tuple(Crystal::Program::RequireWithTimestamp, String))
      {167 - 167}: Array(LLVM::ABI::X86_64::RegClass)
      {168 - 168}: Array(Tuple(Crystal::Type, LLVM::Value))
      {169 - 169}: Array(Tuple(Tuple(Int32, Int32), Int32))
      {170 - 170}: Array(Tuple(LLVM::Value, Crystal::Type))
      {171 - 171}: Array(Tuple(Crystal::Type, Tuple(Int32, Int32)))
      {172 - 172}: Array(Tuple(Tuple(Crystal::Type, Tuple(Int32, Int32)), Tuple(Int32, Int32)))
      {173 - 173}: Array(Crystal::Compiler::CompilationUnit)
      {174 - 174}: Array(Tuple(Int32, IO::FileDescriptor, IO::FileDescriptor))
      {175 - 175}: Array(Tuple(String, Time))
      {176 - 176}: Array(Array(Crystal::Annotation))
      {177 - 177}: Array(Tuple(Crystal::ASTNode, InterpretCompareWrapper))
      {178 - 178}: Array(Symbol)
      {179 - 179}: Array(Tuple(Int32, Crystal::NamedArgument))
      {180 - 180}: Array(Tuple(Tuple(Int32, Crystal::NamedArgument), Int32))
      {181 - 181}: Array(Array(Crystal::ASTNode))
      {182 - 182}: Array(Tuple(String | Nil, String))
      {183 - 183}: Array(Crystal::Call::ArgumentsAlreadySpecified | Crystal::Call::ArgumentsTypeMismatch | Crystal::Call::BlockMismatch | Crystal::Call::ExtraNamedArguments | Crystal::Call::MissingNamedArguments | Crystal::Call::WrongNumberOfArguments | Nil)
      {184 - 184}: Array(Crystal::Call::MissingNamedArguments)
      {185 - 185}: Array(Crystal::Call::ExtraNamedArguments)
      {186 - 186}: Array(Crystal::Call::ArgumentsAlreadySpecified)
      {187 - 187}: Array(Crystal::Call::ArgumentsTypeMismatch)
      {188 - 188}: Array(Tuple(Crystal::ASTNode | Crystal::Type, String))
      {189 - 189}: Array(Crystal::EnumType)
      {190 - 190}: Array(Crystal::Init::View)
      {191 - 191}: Array(Crystal::Playground::EnvironmentHandler | Crystal::Playground::PageHandler | Crystal::Playground::PathWebSocketHandler | Crystal::Playground::WorkbookHandler | HTTP::StaticFileHandler)
      {192 - 192}: Array(Dir::Globber::ConstantDirectory | Dir::Globber::ConstantEntry | Dir::Globber::DirectoriesOnly | Dir::Globber::DirectoryMatch | Dir::Globber::EntryMatch | Dir::Globber::RecursiveDirectories | Dir::Globber::RootDirectory)
      {193 - 193}: Array(Array(Dir::Globber::ConstantDirectory | Dir::Globber::ConstantEntry | Dir::Globber::DirectoriesOnly | Dir::Globber::DirectoryMatch | Dir::Globber::EntryMatch | Dir::Globber::RecursiveDirectories | Dir::Globber::RootDirectory))
      {194 - 194}: Array(Tuple(Int32, String | Nil, Crystal::System::Dir::Entry | Nil))
      {195 - 195}: Array(Dir)
      {196 - 196}: Array(Crystal::Playground::WorkbookIndexPage::Item)
      {197 - 197}: Array(Regex)
      {198 - 198}: Array(Range(Int64, Int64))
      {199 - 199}: Array(Tuple(Crystal::Doc::Type, String))
      {200 - 200}: Array(Crystal::Doc::Constant | Crystal::Doc::Macro | Crystal::Doc::Method)
      {201 - 201}: Array(Tuple(Crystal::Doc::Method, Tuple(Int32, String)))
      {202 - 202}: Array(Tuple(Crystal::Doc::Macro, Tuple(Int32, String)))
      {203 - 203}: Array(Tuple(Crystal::Doc::Constant, String))
      {204 - 204}: Array(Crystal::Doc::RelativeLocation)
      {205 - 205}: Array(Tuple(String, Array(NamedTuple(name: String, implementation: Crystal::ImplementationTrace))))
      {206 - 206}: Array(Crystal::MetaTypeVar)
      {207 - 207}: Array(Tuple(Tuple(Crystal::Def, Int32), Tuple(String, Int32, Int32)))
    {209 - 349}: Hash
      {209 - 209}: Hash(String, Crystal)
      {210 - 210}: Hash(String, Log::Metadata::Value)
      {211 - 211}: Hash(String, JSON::Any)
      {212 - 212}: Hash(String, Array(String) | String)
      {213 - 213}: Hash(String, String)
      {214 - 214}: Hash(String, Crystal::MetaVar)
      {215 - 215}: Hash(String, Nil)
      {216 - 216}: Hash(String, String | Nil)
      {217 - 217}: Hash(Int32, Tuple(Int32, Int32, Int32))
      {218 - 218}: Hash(Int32, Tuple(Int32, Int32))
      {219 - 219}: Hash(Int64, Int32)
      {220 - 220}: Hash(Crystal::AnnotationType, Array(Crystal::Annotation))
      {221 - 221}: Hash(Int32, Crystal::Expressions)
      {222 - 222}: Hash(Int32, Array(Crystal::Lexer::LocPopPragma | Crystal::Lexer::LocPushPragma | Crystal::Lexer::LocSetPragma))
      {223 - 223}: Hash(String, Array(Crystal::DefWithMetadata))
      {224 - 224}: Hash(String, Array(Crystal::Macro))
      {225 - 225}: Hash(String, Crystal::ASTNode)
      {226 - 226}: Hash(Crystal::Def, Array(Crystal::Type))
      {227 - 227}: Hash(Bool, Array(Crystal::ExhaustivenessChecker::Target))
      {228 - 228}: Hash(Crystal::Const, Array(Crystal::ExhaustivenessChecker::Target))
      {229 - 229}: Hash(String, Array(Crystal::ASTNode))
      {230 - 230}: Hash(String, Crystal::ASTNode | Crystal::Type)
      {231 - 231}: Hash(String, Crystal::Arg)
      {232 - 232}: Hash(Crystal::Def, Crystal::Def)
      {233 - 233}: Hash(String, Crystal::Type)
      {234 - 234}: Hash(String, Bool | Int32 | String)
      {235 - 235}: Hash(String, Int32)
      {236 - 236}: Hash(Crystal::Def, Int32)
      {237 - 237}: Hash(String, Tuple(Int32, Crystal::Type))
      {238 - 238}: Hash(Int32, Crystal::ASTNode)
      {239 - 239}: Hash(Crystal::Def, Crystal::Repl::CompiledDef)
      {240 - 240}: Hash(Crystal::External, Crystal::Repl::LibFunction)
      {241 - 241}: Hash(Crystal::Repl::Context::MultidispatchKey, Crystal::Def)
      {242 - 242}: Hash(Pointer(Void), Crystal::Repl::CompiledDef)
      {243 - 243}: Hash(Crystal::SyntaxHighlighter::TokenType, Colorize::Color256 | Colorize::ColorANSI | Colorize::ColorRGB)
      {244 - 244}: Hash(String, Crystal::CodeGenVisitor::ModuleInfo)
      {245 - 245}: Hash(String, Crystal::CodeGenVisitor::LLVMVar)
      {246 - 246}: Hash(Tuple(LLVM::Module, String), LLVM::Type)
      {247 - 247}: Hash(Crystal::ASTNode, Crystal::CodeGenVisitor::Handler)
      {248 - 248}: Hash(Int32, Int32)
      {249 - 249}: Hash(Crystal::Type, LLVM::Type)
      {250 - 250}: Hash(Tuple(UInt64, Symbol), Nil)
      {251 - 251}: Hash(UInt64, UInt64)
      {252 - 252}: Hash(Signal, Proc(Signal, Nil))
      {253 - 253}: Hash(Int32, Channel(Int32))
      {254 - 254}: Hash(String, NamedTuple(time: Time, location: Time::Location))
      {255 - 255}: Hash(Log::Backend, Log::Severity)
      {256 - 256}: Hash(String, WeakRef(Log))
      {257 - 257}: Hash(LLVM::Attribute, UInt32)
      {258 - 258}: Hash(String, Crystal::NamedType)
      {259 - 259}: Hash(Crystal::DefInstanceKey, Crystal::Def)
      {260 - 260}: Hash(String, Crystal::MetaTypeVar)
      {261 - 261}: Hash(Array(Crystal::ASTNode | Crystal::Type), Crystal::Type)
      {262 - 262}: Hash(String, Crystal::TypeParameter)
      {263 - 263}: Hash(Int32 | Range(Int32, Int32), Crystal::Def)
      {264 - 264}: Hash(Array(Crystal::NamedArgumentType), Crystal::Type)
      {265 - 265}: Hash(Int32, Crystal::Def)
      {266 - 266}: Hash(String, Crystal::FileModule)
      {267 - 267}: Hash(Array(UInt64), Crystal::UnionType)
      {268 - 268}: Hash(String, OptionParser::Handler)
      {269 - 269}: Hash(String, Array(Int32))
      {270 - 270}: Hash(String, Tuple(Crystal::ASTNode, Crystal::ASTNode))
      {271 - 271}: Hash(Crystal::ClassVarContainer, Hash(String, Tuple(Crystal::ASTNode, Crystal::ASTNode)))
      {272 - 272}: Hash(String, Crystal::TypeFilter)
      {273 - 273}: Hash(String, Crystal::TypeDeclarationProcessor::TypeDeclarationWithLocation)
      {274 - 274}: Hash(Crystal::Type, Hash(String, Crystal::TypeDeclarationProcessor::TypeDeclarationWithLocation))
      {275 - 275}: Hash(String, Crystal::TypeDeclarationProcessor::InstanceVarTypeInfo)
      {276 - 276}: Hash(Crystal::Type, Hash(String, Crystal::TypeDeclarationProcessor::InstanceVarTypeInfo))
      {277 - 277}: Hash(Crystal::Type, Array(Crystal::TypeDeclarationProcessor::InitializeInfo))
      {278 - 278}: Hash(Crystal::Type, Array(String))
      {279 - 279}: Hash(String, Crystal::TypeDeclarationProcessor::InitializeInfo)
      {280 - 280}: Hash(Crystal::Type, Hash(String, Crystal::TypeDeclarationProcessor::InitializeInfo))
      {281 - 281}: Hash(String, Crystal::TypeDeclarationProcessor::Error)
      {282 - 282}: Hash(Crystal::Type, Hash(String, Crystal::TypeDeclarationProcessor::Error))
      {283 - 283}: Hash(String, Crystal::TypeGuessVisitor::TypeInfo)
      {284 - 284}: Hash(Crystal::ClassVarContainer, Hash(String, Crystal::TypeGuessVisitor::TypeInfo))
      {285 - 285}: Hash(Crystal::ClassVarContainer, Hash(String, Crystal::TypeDeclarationProcessor::TypeDeclarationWithLocation))
      {286 - 286}: Hash(String, Crystal::External)
      {287 - 287}: Hash(String, Array(String))
      {288 - 288}: Hash(String, Hash(String, String) | String)
      {289 - 289}: Hash(Crystal::Type, Crystal::Doc::Type)
      {290 - 290}: Hash(String, Set(String))
      {291 - 291}: Hash(HTTP::Headers::Key, Array(String) | String)
      {292 - 292}: Hash(String, HTTP::Cookie)
      {293 - 293}: Hash(Int32, Crystal::Playground::Session)
      {294 - 294}: Hash(Crystal::Location, Int32)
      {295 - 295}: Hash(Crystal::Repl::ClassVars::Key, Crystal::Repl::ClassVars::Value)
      {296 - 296}: Hash(Crystal::Const, Crystal::Repl::Constants::Value)
      {297 - 297}: Hash(Tuple(UInt64, UInt64), Crystal::Repl::FFIClosureContext)
      {298 - 298}: Hash(Crystal::Type, Array(Crystal::Repl::CompiledDef))
      {299 - 299}: Hash(Crystal::Type, Int32)
      {300 - 300}: Hash(Crystal::Repl::LocalVars::Key, Crystal::Type)
      {301 - 301}: Hash(Crystal::Repl::LocalVars::Key, Int32)
      {302 - 302}: Hash(Crystal::MacroInterpreter::MacroVarKey, String)
      {303 - 303}: Hash(String, Crystal::Program::CompiledMacroRun)
      {304 - 304}: Hash(String, Crystal::MacroType)
      {305 - 305}: Hash(Crystal::Type, Crystal::CodeGenVisitor::ModuleInfo)
      {306 - 306}: Hash(Crystal::CodeGenVisitor::StringKey, LLVM::Value)
      {307 - 307}: Hash(Crystal::VirtualFile | String | Nil, LibLLVM::MetadataRef)
      {308 - 308}: Hash(LLVM::Module, Hash(Crystal::VirtualFile | String | Nil, LibLLVM::MetadataRef))
      {309 - 309}: Hash(Crystal::Type, LibLLVM::MetadataRef | Nil)
      {310 - 310}: Hash(LLVM::Module, Hash(Crystal::Type, LibLLVM::MetadataRef | Nil))
      {311 - 311}: Hash(LLVM::Module, Crystal::CodeGenVisitor::DIBuilder)
      {312 - 312}: Hash(LLVM::Function, Array(Crystal::CodeGenVisitor::FunMetadata))
      {313 - 313}: Hash(Tuple(String, String), LibLLVM::MetadataRef)
      {314 - 314}: Hash(Crystal::Type, Tuple(Int32, Int32))
      {315 - 315}: Hash(String, LLVM::Type)
      {316 - 316}: Hash(Thread, Pointer(LibPCRE2::JITStack))
      {317 - 317}: Hash(Thread, Pointer(LibPCRE2::MatchData))
      {318 - 318}: Hash(Crystal::Type, Nil)
      {319 - 319}: Hash(Crystal::Def, Nil)
      {320 - 320}: Hash(Crystal::ASTNode, Nil)
      {321 - 321}: Hash(Int32, Nil)
      {322 - 322}: Hash(Int64, Array(Crystal::DWARF::Abbrev))
      {323 - 323}: Hash(Char, String)
      {324 - 324}: Hash(Char, Char)
      {325 - 325}: Hash(Crystal::Type, Crystal::Matches)
      {326 - 326}: Hash(Crystal::Type, Crystal::Type)
      {327 - 327}: Hash(Bool, Array(String))
      {328 - 328}: Hash(Crystal::Const, Array(String))
      {329 - 329}: Hash(Int32, Crystal::Type)
      {330 - 330}: Hash(LLVM::Value, LLVM::BasicBlock)
      {331 - 331}: Hash(Int32 | String, String | Nil)
      {332 - 332}: Hash(Int32, String)
      {333 - 333}: Hash(Crystal::MacroType, Crystal::MacroType)
      {334 - 334}: Hash(Crystal::ASTNode | Crystal::Type, Crystal::ASTNode | Crystal::Type)
      {335 - 335}: Hash(Crystal::ASTNode | Crystal::Type, Nil)
      {336 - 336}: Hash(Int32 | String, Int32 | String)
      {337 - 337}: Hash(Array(String), Array(String))
      {338 - 338}: Hash(Crystal::ASTNode, Crystal::ASTNode)
      {339 - 339}: Hash(String, Hash(String, String))
      {340 - 340}: Hash(Markd::Node::Type, Markd::Rule::BlockQuote | Markd::Rule::CodeBlock | Markd::Rule::Document | Markd::Rule::HTMLBlock | Markd::Rule::Heading | Markd::Rule::Item | Markd::Rule::List | Markd::Rule::Paragraph | Markd::Rule::ThematicBreak)
      {341 - 341}: Hash(Char, Markd::Parser::Inline::Delimiter | Nil)
      {342 - 342}: Hash(String, Time::Location)
      {343 - 343}: Hash(Crystal::Doc::Method, Nil)
      {344 - 344}: Hash(Crystal::Doc::Type, Crystal::Doc::Type)
      {345 - 345}: Hash(String, Array(Crystal::Doc::Method))
      {346 - 346}: Hash(String, Array(Crystal::Doc::Macro))
      {347 - 347}: Hash(Crystal::MetaTypeVar, Tuple(Crystal::Type, UInt64 | Nil))
      {348 - 348}: Hash(String, Hash(Int32, Int32))
    {350 - 350}: Regex
    {351 - 419}: Exception
      {351 - 351}: Crystal::MachO::Error
      {352 - 352}: IndexError
      {353 - 353}: ArgumentError
      {354 - 354}: TypeCastError
      {355 - 355}: InvalidByteSequenceError
      {356 - 356}: KeyError
      {357 - 357}: DivisionByZeroError
      {358 - 358}: OverflowError
      {359 - 359}: NotImplementedError
      {360 - 360}: NilAssertionError
      {361 - 361}: RuntimeError
      {362 - 362}: Enumerable::EmptyError
      {363 - 363}: Enumerable::NotFoundError
      {364 - 375}: IO::Error
        {364 - 364}: IO::TimeoutError
        {365 - 365}: IO::EOFError
        {366 - 370}: File::Error
          {366 - 366}: File::NotFoundError
          {367 - 367}: File::AlreadyExistsError
          {368 - 368}: File::AccessDeniedError
          {369 - 369}: File::BadExecutableError
        {371 - 374}: Socket::Error
          {371 - 371}: Socket::ConnectError
          {372 - 372}: Socket::BindError
          {373 - 373}: Socket::Addrinfo::Error
      {376 - 376}: Base64::Error
      {377 - 377}: Channel::ClosedError
      {378 - 378}: File::BadPatternError
      {379 - 379}: Path::Error
      {380 - 380}: Regex::Error
      {381 - 385}: Time::Error
        {381 - 381}: Time::FloatingTimeConversionError
        {382 - 382}: Time::Location::InvalidTZDataError
        {383 - 383}: Time::Location::InvalidLocationNameError
        {384 - 384}: Time::Location::InvalidTimezoneOffsetError
      {386 - 386}: Time::Format::Error
      {387 - 389}: JSON::Error
        {387 - 388}: JSON::ParseException
          {387 - 387}: JSON::SerializableError
      {390 - 403}: Crystal::Error
        {390 - 390}: Crystal::Codegen::Target::Error
        {391 - 398}: Crystal::CodeError
          {391 - 395}: Crystal::TypeException
            {391 - 391}: Crystal::FrozenTypeException
            {392 - 392}: Crystal::UndefinedMacroMethodError
            {393 - 394}: Crystal::MacroRaiseException
              {393 - 393}: Crystal::TopLevelMacroRaiseException
          {396 - 396}: Crystal::MethodTraceException
          {397 - 397}: Crystal::SyntaxException
        {399 - 400}: Crystal::Init::Error
          {399 - 399}: Crystal::Init::FilesConflictError
        {401 - 401}: Crystal::Playground::Error
        {402 - 402}: Crystal::CrystalPath::NotFoundError
      {404 - 406}: OptionParser::Exception
        {404 - 404}: OptionParser::InvalidOption
        {405 - 405}: OptionParser::MissingOption
      {407 - 407}: Digest::FinalizedError
      {408 - 408}: Crystal::Call::RetryLookupWithLiterals
      {409 - 409}: Crystal::SkipMacroException
      {410 - 410}: URI::Error
      {411 - 411}: MIME::Error
      {412 - 412}: MIME::Multipart::Error
      {413 - 413}: HTTP::FormData::Error
      {414 - 414}: HTTP::Server::ClientError
      {415 - 416}: CSV::Error
        {415 - 415}: CSV::MalformedCSVError
      {417 - 417}: Crystal::Repl::EscapingException
      {418 - 418}: Crystal::Loader::LoadError
    {420 - 420}: Iterator::Stop
    {421 - 421}: Iterator::AccumulateInitIterator
    {422 - 422}: Iterator::AccumulateIterator
    {423 - 424}: Iterator::ChainIterator
      {423 - 423}: Iterator::ChainIterator(Int::DowntoIterator(Int32, Int32), Int::DowntoIterator(Int32, Int32), Int32, Int32)
    {425 - 425}: Iterator::ChainsAllIterator
    {426 - 426}: Iterator::CycleNIterator
    {427 - 427}: Iterator::FlatMapIterator
    {428 - 428}: Iterator::SkipIterator
    {429 - 429}: Iterator::SkipWhileIterator
    {430 - 432}: Iterator::FirstIterator
      {430 - 430}: Iterator::FirstIterator(String::CharIterator, Char, Int32)
      {431 - 431}: Iterator::FirstIterator(Indexable::ItemIterator(Array(String), String), String, Int32)
    {433 - 433}: Iterator::TakeWhileIterator
    {434 - 434}: Iterator::WithIndexIterator
    {435 - 435}: Iterator::ChunkIterator
    {436 - 436}: Iterator::SliceAfterIterator
    {437 - 437}: Iterator::SliceBeforeIterator
    {438 - 438}: Iterator::SliceWhenIterator
    {439 - 439}: Steppable::StepIterator
    {440 - 440}: Indexable::CartesianProductIteratorT
    {441 - 441}: Indexable::CartesianProductIteratorN
    {442 - 444}: Indexable::ItemIterator
      {442 - 442}: Indexable::ItemIterator(Array(String), String)
      {443 - 443}: Indexable::ItemIterator(Array(Crystal::Type), Crystal::Type)
    {445 - 446}: Indexable::ReverseItemIterator
      {445 - 445}: Indexable::ReverseItemIterator(Array(Int32), Int32)
    {447 - 447}: Indexable::IndexIterator
    {448 - 448}: Indexable::PermutationIterator
    {449 - 449}: Indexable::CombinationIterator
    {450 - 450}: Indexable::RepeatedCombinationIterator
    {451 - 451}: String::CharIterator
    {452 - 452}: String::LineIterator
    {453 - 478}: IO
      {453 - 453}: IO::ARGF
      {454 - 455}: IO::FileDescriptor
        {454 - 454}: File
      {456 - 456}: IO::Delimited
      {457 - 457}: IO::Hexdump
      {458 - 458}: IO::Memory
      {459 - 459}: IO::MultiWriter
      {460 - 461}: IO::Sized
        {460 - 460}: HTTP::FixedLengthContent
      {462 - 462}: IO::Stapled
      {463 - 463}: String::Builder
      {464 - 464}: File::PReader
      {465 - 465}: JSON::Builder::Escape
      {466 - 472}: Socket
        {466 - 469}: IPSocket
          {466 - 467}: TCPSocket
            {466 - 466}: TCPServer
          {468 - 468}: UDPSocket
        {470 - 471}: UNIXSocket
          {470 - 470}: UNIXServer
      {473 - 473}: HTTP::UnknownLengthContent
      {474 - 474}: HTTP::ChunkedContent
      {475 - 475}: HTTP::Server::Response::Output
      {476 - 476}: HTTP::Server::Response
      {477 - 477}: HTTP::WebSocket::Protocol::StreamIO
    {479 - 479}: IO::Encoder
    {480 - 480}: IO::Decoder
    {481 - 483}: Crystal::EventLoop
      {481 - 482}: Crystal::EventLoop::Polling
        {481 - 481}: Crystal::EventLoop::Kqueue
    {484 - 485}: Crystal::EventLoop::Polling::Arena
      {484 - 484}: Crystal::EventLoop::Polling::Arena(Crystal::EventLoop::Polling::PollDescriptor, 65536)
    {486 - 487}: Crystal::PointerPairingHeap
      {486 - 486}: Crystal::PointerPairingHeap(Crystal::EventLoop::Polling::Event)
    {488 - 488}: Crystal::EventLoop::Polling::FiberEvent
    {489 - 489}: String::GraphemeIterator
    {490 - 490}: Box
    {491 - 491}: Thread::Mutex
    {492 - 492}: Thread
    {493 - 495}: Thread::LinkedList
      {493 - 493}: Thread::LinkedList(Fiber)
      {494 - 494}: Thread::LinkedList(Thread)
    {496 - 496}: Fiber
    {497 - 497}: Channel::SelectContextSharedState
    {498 - 503}: Channel::SelectContext
      {498 - 498}: Channel::SelectContext(Nil)
      {499 - 499}: Channel::SelectContext(Int32)
      {500 - 500}: Channel::SelectContext(Exception | Nil)
      {501 - 501}: Channel::SelectContext(Tuple(Log::Entry, Log::Backend))
      {502 - 502}: Channel::SelectContext(String)
    {504 - 509}: Channel
      {504 - 504}: Channel(Int32)
      {505 - 505}: Channel(Exception | Nil)
      {506 - 506}: Channel(Tuple(Log::Entry, Log::Backend))
      {507 - 507}: Channel(Nil)
      {508 - 508}: Channel(String)
    {510 - 510}: Channel::TimeoutAction
    {511 - 511}: Channel::StrictReceiveAction
    {512 - 512}: Channel::LooseReceiveAction
    {513 - 513}: Channel::SendAction
    {514 - 514}: Fiber::StackPool
    {515 - 515}: Thread::ConditionVariable
    {516 - 516}: Crystal::Scheduler
    {517 - 517}: Process
    {518 - 528}: Deque
      {518 - 518}: Deque(Fiber::Stack)
      {519 - 519}: Deque(Fiber)
      {520 - 520}: Deque(PrettyPrint::Breakable | PrettyPrint::Text)
      {521 - 521}: Deque(PrettyPrint::Breakable)
      {522 - 522}: Deque(Array(String))
      {523 - 523}: Deque(Int32)
      {524 - 524}: Deque(Exception | Nil)
      {525 - 525}: Deque(Tuple(Log::Entry, Log::Backend))
      {526 - 526}: Deque(Nil)
      {527 - 527}: Deque(String)
    {529 - 529}: Dir
    {530 - 530}: Hash::EntryIterator
    {531 - 531}: Hash::KeyIterator
    {532 - 535}: Hash::ValueIterator
      {532 - 532}: Hash::ValueIterator(String, Crystal::MetaTypeVar)
      {533 - 533}: Hash::ValueIterator(Log::Backend, Log::Severity)
      {534 - 534}: Hash::ValueIterator(String, Array(Crystal::DefWithMetadata))
    {536 - 536}: Int::TimesIterator
    {537 - 537}: Int::UptoIterator
    {538 - 539}: Int::DowntoIterator
      {538 - 538}: Int::DowntoIterator(Int32, Int32)
    {540 - 540}: Mutex
    {541 - 541}: Path::PartIterator
    {542 - 542}: PrettyPrint::Text
    {543 - 543}: PrettyPrint::Breakable
    {544 - 544}: PrettyPrint::Group
    {545 - 545}: PrettyPrint::GroupQueue
    {546 - 546}: PrettyPrint
    {547 - 547}: Process::Status
    {548 - 548}: Random::PCG32
    {549 - 549}: Range::ItemIterator
    {550 - 550}: Range::ReverseIterator
    {551 - 551}: Range::StepIterator
    {552 - 552}: Time::Location
    {553 - 553}: Log
    {554 - 557}: Log::Backend
      {554 - 554}: Log::BroadcastBackend
      {555 - 555}: Log::MemoryBackend
      {556 - 556}: Log::IOBackend
    {558 - 559}: WeakRef
      {558 - 558}: WeakRef(Log)
    {560 - 560}: Log::Builder
    {561 - 561}: Log::Metadata
    {562 - 562}: Log::AsyncDispatcher
    {563 - 563}: Log::SyncDispatcher
    {564 - 564}: LLVM::ABI::FunctionType
    {565 - 572}: LLVM::ABI
      {565 - 565}: LLVM::ABI::AArch64
      {566 - 566}: LLVM::ABI::ARM
      {567 - 567}: LLVM::ABI::AVR
      {568 - 568}: LLVM::ABI::Wasm32
      {569 - 570}: LLVM::ABI::X86
        {569 - 569}: LLVM::ABI::X86_Win64
      {571 - 571}: LLVM::ABI::X86_64
    {573 - 573}: LLVM::Builder
    {574 - 574}: LLVM::Context
    {575 - 575}: LLVM::FunctionPassManager
    {576 - 576}: LLVM::GenericValue
    {577 - 577}: LLVM::JITCompiler
    {578 - 578}: LLVM::MemoryBuffer
    {579 - 579}: LLVM::Module
    {580 - 580}: LLVM::ModulePassManager
    {581 - 581}: LLVM::PassBuilderOptions
    {582 - 582}: LLVM::PassManagerBuilder
    {583 - 583}: LLVM::TargetMachine
    {584 - 584}: LLVM::Orc::JITDylib
    {585 - 585}: LLVM::Orc::LLJIT
    {586 - 586}: LLVM::Orc::LLJITBuilder
    {587 - 587}: LLVM::Orc::ThreadSafeContext
    {588 - 588}: LLVM::Orc::ThreadSafeModule
    {589 - 589}: JSON::Builder
    {590 - 590}: Iterator::FromJson
    {591 - 591}: StringPool
    {592 - 594}: JSON::Lexer
      {592 - 592}: JSON::Lexer::IOBased
      {593 - 593}: JSON::Lexer::StringBased
    {595 - 595}: JSON::Parser
    {596 - 596}: JSON::PullParser
    {597 - 597}: JSON::Token
    {598 - 709}: Crystal::ASTNode
      {598 - 598}: Crystal::Nop
      {599 - 599}: Crystal::Expressions
      {600 - 600}: Crystal::NilLiteral
      {601 - 601}: Crystal::BoolLiteral
      {602 - 602}: Crystal::NumberLiteral
      {603 - 603}: Crystal::CharLiteral
      {604 - 604}: Crystal::StringLiteral
      {605 - 605}: Crystal::StringInterpolation
      {606 - 606}: Crystal::SymbolLiteral
      {607 - 607}: Crystal::ArrayLiteral
      {608 - 608}: Crystal::HashLiteral
      {609 - 609}: Crystal::NamedTupleLiteral
      {610 - 610}: Crystal::RangeLiteral
      {611 - 611}: Crystal::RegexLiteral
      {612 - 612}: Crystal::TupleLiteral
      {613 - 614}: Crystal::Var
        {613 - 613}: Crystal::MetaTypeVar
      {615 - 615}: Crystal::Block
      {616 - 616}: Crystal::Call
      {617 - 617}: Crystal::NamedArgument
      {618 - 618}: Crystal::If
      {619 - 619}: Crystal::Unless
      {620 - 620}: Crystal::Assign
      {621 - 621}: Crystal::OpAssign
      {622 - 622}: Crystal::MultiAssign
      {623 - 623}: Crystal::InstanceVar
      {624 - 624}: Crystal::ReadInstanceVar
      {625 - 625}: Crystal::ClassVar
      {626 - 626}: Crystal::Global
      {627 - 629}: Crystal::BinaryOp
        {627 - 627}: Crystal::And
        {628 - 628}: Crystal::Or
      {630 - 630}: Crystal::Arg
      {631 - 631}: Crystal::ProcNotation
      {632 - 633}: Crystal::Def
        {632 - 632}: Crystal::External
      {634 - 634}: Crystal::Macro
      {635 - 645}: Crystal::UnaryExpression
        {635 - 635}: Crystal::Not
        {636 - 636}: Crystal::PointerOf
        {637 - 637}: Crystal::SizeOf
        {638 - 638}: Crystal::InstanceSizeOf
        {639 - 639}: Crystal::AlignOf
        {640 - 640}: Crystal::InstanceAlignOf
        {641 - 641}: Crystal::Out
        {642 - 642}: Crystal::MacroVerbatim
        {643 - 643}: Crystal::Splat
        {644 - 644}: Crystal::DoubleSplat
      {646 - 646}: Crystal::OffsetOf
      {647 - 647}: Crystal::VisibilityModifier
      {648 - 648}: Crystal::IsA
      {649 - 649}: Crystal::RespondsTo
      {650 - 650}: Crystal::Require
      {651 - 651}: Crystal::When
      {652 - 652}: Crystal::Case
      {653 - 653}: Crystal::Select
      {654 - 654}: Crystal::ImplicitObj
      {655 - 655}: Crystal::Path
      {656 - 656}: Crystal::ClassDef
      {657 - 657}: Crystal::ModuleDef
      {658 - 658}: Crystal::AnnotationDef
      {659 - 659}: Crystal::While
      {660 - 660}: Crystal::Until
      {661 - 661}: Crystal::Generic
      {662 - 662}: Crystal::TypeDeclaration
      {663 - 663}: Crystal::UninitializedVar
      {664 - 664}: Crystal::Rescue
      {665 - 665}: Crystal::ExceptionHandler
      {666 - 666}: Crystal::ProcLiteral
      {667 - 667}: Crystal::ProcPointer
      {668 - 668}: Crystal::Union
      {669 - 669}: Crystal::Self
      {670 - 673}: Crystal::ControlExpression
        {670 - 670}: Crystal::Return
        {671 - 671}: Crystal::Break
        {672 - 672}: Crystal::Next
      {674 - 674}: Crystal::Yield
      {675 - 675}: Crystal::Include
      {676 - 676}: Crystal::Extend
      {677 - 677}: Crystal::LibDef
      {678 - 678}: Crystal::FunDef
      {679 - 679}: Crystal::TypeDef
      {680 - 680}: Crystal::CStructOrUnionDef
      {681 - 681}: Crystal::EnumDef
      {682 - 682}: Crystal::ExternalVar
      {683 - 683}: Crystal::Alias
      {684 - 684}: Crystal::Metaclass
      {685 - 685}: Crystal::Cast
      {686 - 686}: Crystal::NilableCast
      {687 - 687}: Crystal::TypeOf
      {688 - 688}: Crystal::Annotation
      {689 - 689}: Crystal::MacroExpression
      {690 - 690}: Crystal::MacroLiteral
      {691 - 691}: Crystal::MacroIf
      {692 - 692}: Crystal::MacroFor
      {693 - 693}: Crystal::MacroVar
      {694 - 694}: Crystal::Underscore
      {695 - 695}: Crystal::MagicConstant
      {696 - 696}: Crystal::Asm
      {697 - 697}: Crystal::AsmOperand
      {698 - 699}: Crystal::Primitive
        {698 - 698}: Crystal::TupleIndexer
      {700 - 700}: Crystal::TypeNode
      {701 - 701}: Crystal::AssignWithRestriction
      {702 - 702}: Crystal::MetaVar
      {703 - 703}: Crystal::FileNode
      {704 - 704}: Crystal::MacroId
      {705 - 705}: Crystal::MetaMacroVar
      {706 - 706}: Crystal::Unreachable
      {707 - 707}: Crystal::YieldBlockBinder
      {708 - 708}: Crystal::TypeFilteredNode
    {710 - 742}: Crystal::Visitor
      {710 - 710}: Crystal::ToSVisitor
      {711 - 711}: Crystal::AbstractDefChecker::ReplacePathWithTypeVar
      {712 - 712}: Crystal::SemanticVisitor::PropagateDocVisitor
      {713 - 720}: Crystal::SemanticVisitor
        {713 - 713}: Crystal::ClassVarsInitializerVisitor
        {714 - 714}: Crystal::InstanceVarsInitializerVisitor
        {715 - 716}: Crystal::MainVisitor
          {715 - 715}: Crystal::Repl::Multidispatch::MultidispatchMainVisitor
        {717 - 717}: Crystal::TopLevelVisitor
        {718 - 718}: Crystal::TypeGuessVisitor
        {719 - 719}: Crystal::TypeDeclarationVisitor
      {721 - 721}: Crystal::CleanupTransformer::ClosuredVarsCollector
      {722 - 722}: Crystal::MainVisitor::InstanceVarsCollector
      {723 - 723}: Crystal::RestrictionsAugmenter
      {724 - 724}: Crystal::HasSelfVisitor
      {725 - 725}: Crystal::ReturnGatherer
      {726 - 726}: Crystal::FixMissingTypes
      {727 - 727}: Crystal::ReachableVisitor
      {728 - 728}: Crystal::ContextVisitor
      {729 - 729}: Crystal::ImplementationsVisitor
      {730 - 730}: Crystal::ExpandVisitor
      {731 - 731}: Crystal::Command::FlagsVisitor
      {732 - 732}: Crystal::Formatter
      {733 - 733}: Crystal::Playground::AgentInstrumentorTransformer::MacroDefNameCollector
      {734 - 734}: Crystal::Playground::AgentInstrumentorTransformer::FirstBlockVisitor
      {735 - 735}: Crystal::PrintTypesVisitor
      {736 - 736}: Crystal::UnreachableVisitor
      {737 - 737}: Crystal::Repl::Compiler
      {738 - 738}: Crystal::Repl::LocalVarsGatherer
      {739 - 739}: Crystal::MacroInterpreter
      {740 - 740}: Crystal::CodeGenVisitor::CodegenWellKnownFunctions
      {741 - 741}: Crystal::CodeGenVisitor
    {743 - 799}: Crystal::Type
      {743 - 774}: Crystal::NamedType
        {743 - 767}: Crystal::ModuleType
          {743 - 745}: Crystal::NonGenericModuleType
            {743 - 743}: Crystal::FileModule
            {744 - 744}: Crystal::Program
          {746 - 763}: Crystal::ClassType
            {746 - 746}: Crystal::NonGenericClassType
            {747 - 753}: Crystal::PrimitiveType
              {747 - 747}: Crystal::BoolType
              {748 - 748}: Crystal::CharType
              {749 - 749}: Crystal::IntegerType
              {750 - 750}: Crystal::FloatType
              {751 - 751}: Crystal::SymbolType
              {752 - 752}: Crystal::NilType
            {754 - 761}: Crystal::GenericClassType
              {754 - 754}: Crystal::PointerType
              {755 - 755}: Crystal::StaticArrayType
              {756 - 756}: Crystal::ProcType
              {757 - 757}: Crystal::TupleType
              {758 - 758}: Crystal::NamedTupleType
              {759 - 759}: Crystal::GenericReferenceStorageType
              {760 - 760}: Crystal::GenericUnionType
            {762 - 762}: Crystal::MetaclassType
          {764 - 764}: Crystal::GenericModuleType
          {765 - 765}: Crystal::LibType
          {766 - 766}: Crystal::EnumType
        {768 - 768}: Crystal::NoReturnType
        {769 - 769}: Crystal::VoidType
        {770 - 770}: Crystal::TypeDefType
        {771 - 771}: Crystal::AliasType
        {772 - 772}: Crystal::AnnotationType
        {773 - 773}: Crystal::Const
      {775 - 777}: Crystal::AutocastType
        {775 - 775}: Crystal::NumberAutocastType
        {776 - 776}: Crystal::SymbolAutocastType
      {778 - 778}: Crystal::TypeParameter
      {779 - 779}: Crystal::TypeSplat
      {780 - 788}: Crystal::GenericInstanceType
        {780 - 786}: Crystal::GenericClassInstanceType
          {780 - 780}: Crystal::PointerInstanceType
          {781 - 781}: Crystal::StaticArrayInstanceType
          {782 - 782}: Crystal::ProcInstanceType
          {783 - 783}: Crystal::TupleInstanceType
          {784 - 784}: Crystal::NamedTupleInstanceType
          {785 - 785}: Crystal::ReferenceStorageType
        {787 - 787}: Crystal::GenericModuleInstanceType
      {789 - 789}: Crystal::GenericClassInstanceMetaclassType
      {790 - 790}: Crystal::GenericModuleInstanceMetaclassType
      {791 - 796}: Crystal::UnionType
        {791 - 791}: Crystal::NilableType
        {792 - 792}: Crystal::NilableReferenceUnionType
        {793 - 793}: Crystal::ReferenceUnionType
        {794 - 794}: Crystal::NilableProcType
        {795 - 795}: Crystal::MixedUnionType
      {797 - 797}: Crystal::VirtualType
      {798 - 798}: Crystal::VirtualMetaclassType
    {800 - 800}: Crystal::InstanceVarInitializerContainer::InstanceVarInitializer
    {801 - 801}: Crystal::Command
    {802 - 802}: Crystal::Command::FormatCommand
    {803 - 803}: Crystal::Codegen::Target
    {804 - 804}: OptionParser
    {805 - 805}: Spec::CLI
    {806 - 808}: Digest
      {806 - 806}: Crystal::Digest::MD5
      {807 - 807}: Crystal::Digest::SHA1
    {809 - 809}: Crystal::Compiler::CompilationUnit
    {810 - 810}: Crystal::Compiler
    {811 - 811}: Crystal::AbstractDefChecker
    {812 - 812}: Crystal::NilReason
    {813 - 813}: Levenshtein::Finder
    {814 - 814}: Crystal::ClassVarInitializer
    {815 - 821}: Crystal::Transformer
      {815 - 815}: Crystal::CleanupTransformer
      {816 - 816}: Crystal::Normalizer
      {817 - 817}: Crystal::ExpandTransformer
      {818 - 818}: Crystal::Playground::AgentInstrumentorTransformer::TypeBodyTransformer
      {819 - 819}: Crystal::Playground::AgentInstrumentorTransformer
      {820 - 820}: Crystal::MacroInterpreter::ReplaceBlockVarsTransformer
    {822 - 825}: Crystal::ExhaustivenessChecker::Target
      {822 - 822}: Crystal::ExhaustivenessChecker::BoolTarget
      {823 - 823}: Crystal::ExhaustivenessChecker::EnumTarget
      {824 - 824}: Crystal::ExhaustivenessChecker::TypeTarget
    {826 - 833}: Crystal::TypeFilter
      {826 - 826}: Crystal::SimpleTypeFilter
      {827 - 827}: Crystal::AndTypeFilter
      {828 - 828}: Crystal::OrTypeFilter
      {829 - 829}: Crystal::TruthyFilter
      {830 - 830}: Crystal::NotFilter
      {831 - 831}: Crystal::RespondsToTypeFilter
      {832 - 832}: Crystal::NoReturnFilter
    {834 - 834}: Crystal::LiteralExpander
    {835 - 835}: Crystal::MatchContext
    {836 - 836}: Crystal::Match
    {837 - 837}: Crystal::RecursiveStructChecker
    {838 - 838}: Crystal::TypeDeclarationProcessor::InitializeInfo
    {839 - 839}: Crystal::TypeDeclarationProcessor::InstanceVarTypeInfo
    {840 - 840}: Crystal::TypeGuessVisitor::TypeInfo
    {841 - 841}: Crystal::WarningCollection
    {842 - 842}: Crystal::TablePrint::Column
    {843 - 843}: Crystal::TablePrint::Cell
    {844 - 844}: Crystal::TablePrint
    {845 - 845}: Crystal::PrettyTypeNameJsonConverter
    {846 - 846}: Crystal::ContextResult
    {847 - 850}: Crystal::DependencyPrinter
      {847 - 847}: Crystal::DependencyPrinter::List
      {848 - 848}: Crystal::DependencyPrinter::Dot
      {849 - 849}: Crystal::DependencyPrinter::Mermaid
    {851 - 851}: Crystal::Doc::Constant
    {852 - 852}: Markd::Node::Walker
    {853 - 853}: Markd::Node
    {854 - 854}: URI
    {855 - 855}: URI::Params::Builder
    {856 - 856}: Markd::Options
    {857 - 859}: Markd::Renderer
      {857 - 858}: Markd::HTMLRenderer
        {857 - 857}: Crystal::Doc::MarkdDocRenderer
    {860 - 860}: Markd::Parser::Block
    {861 - 861}: Markd::Parser::Inline::Bracket
    {862 - 862}: Markd::Parser::Inline::Delimiter
    {863 - 863}: Markd::Parser::Inline
    {864 - 864}: Crystal::Location
    {865 - 865}: Crystal::Token
    {866 - 867}: Crystal::Lexer
      {866 - 866}: Crystal::Parser
    {868 - 868}: Crystal::VirtualFile
    {869 - 871}: Crystal::SyntaxHighlighter
      {869 - 869}: Crystal::SyntaxHighlighter::HTML
      {870 - 870}: Crystal::SyntaxHighlighter::Colorize
    {872 - 872}: Crystal::Doc::Generator
    {873 - 873}: Crystal::Doc::Macro
    {874 - 874}: Crystal::Doc::Method
    {875 - 875}: Crystal::Doc::ProjectInfo
    {876 - 876}: Crystal::Doc::RelativeLocation
    {877 - 877}: Crystal::Doc::Type
    {878 - 878}: Crystal::ImplementationResult
    {879 - 879}: Crystal::ImplementationTrace
    {880 - 880}: Crystal::Formatter::CommentInfo
    {881 - 881}: Crystal::Init::Config
    {882 - 891}: Crystal::Init::View
      {882 - 882}: Crystal::Init::GitInitView
      {883 - 883}: Crystal::Init::GitignoreView
      {884 - 884}: Crystal::Init::EditorconfigView
      {885 - 885}: Crystal::Init::LicenseView
      {886 - 886}: Crystal::Init::ReadmeView
      {887 - 887}: Crystal::Init::ShardView
      {888 - 888}: Crystal::Init::SrcExampleView
      {889 - 889}: Crystal::Init::SpecHelperView
      {890 - 890}: Crystal::Init::SpecExampleView
    {892 - 892}: Crystal::Init::InitProject
    {893 - 893}: HTTP::Client
    {894 - 894}: URI::Punycode
    {895 - 895}: HTTP::Request
    {896 - 896}: HTTP::Client::Response
    {897 - 897}: HTTP::Cookie
    {898 - 898}: HTTP::Cookies
    {899 - 899}: HTTP::FormData::Builder
    {900 - 900}: HTTP::FormData::Parser
    {901 - 901}: MIME::Multipart::Builder
    {902 - 902}: MIME::Multipart::Parser
    {903 - 903}: HTTP::Server
    {904 - 904}: HTTP::Server::Context
    {905 - 905}: HTTP::CompressHandler
    {906 - 906}: HTTP::ErrorHandler
    {907 - 907}: HTTP::LogHandler
    {908 - 909}: HTTP::StaticFileHandler
      {908 - 908}: Crystal::Playground::PathStaticFileHandler
    {910 - 910}: HTTP::WebSocket
    {911 - 911}: HTTP::WebSocket::Protocol
    {912 - 913}: HTTP::WebSocketHandler
      {912 - 912}: Crystal::Playground::PathWebSocketHandler
    {914 - 914}: HTTP::Server::RequestProcessor
    {915 - 915}: Crystal::Playground::Agent
    {916 - 916}: Crystal::Playground::Session
    {917 - 919}: Crystal::Playground::PlaygroundPage
      {917 - 917}: Crystal::Playground::FileContentPage
      {918 - 918}: Crystal::Playground::WorkbookIndexPage
    {920 - 920}: Crystal::Playground::PageHandler
    {921 - 921}: Crystal::Playground::WorkbookHandler
    {922 - 922}: Crystal::Playground::EnvironmentHandler
    {923 - 923}: Crystal::Playground::Server
    {924 - 926}: Crystal::HierarchyPrinter
      {924 - 924}: Crystal::TextHierarchyPrinter
      {925 - 925}: Crystal::JSONHierarchyPrinter
    {927 - 927}: CSV
    {928 - 928}: CSV::Builder
    {929 - 931}: CSV::Lexer
      {929 - 929}: CSV::Lexer::IOBased
      {930 - 930}: CSV::Lexer::StringBased
    {932 - 932}: CSV::Parser
    {933 - 933}: Crystal::Repl
    {934 - 934}: Crystal::Repl::ClassVars
    {935 - 935}: Crystal::Repl::ClosureContext
    {936 - 936}: Crystal::Repl::CompiledBlock
    {937 - 937}: Crystal::Repl::CompiledDef
    {938 - 938}: Crystal::Repl::CompiledInstructions
    {939 - 939}: Crystal::Repl::Constants
    {940 - 940}: Crystal::Repl::Context
    {941 - 941}: Crystal::Repl::FFIClosureContext
    {942 - 942}: Crystal::Repl::Interpreter
    {943 - 943}: Crystal::Repl::LibFunction
    {944 - 944}: Crystal::Repl::LocalVars
    {945 - 945}: Reply::History
    {946 - 946}: Reply::ExpressionEditor
    {947 - 947}: Reply::AutoCompletion
    {948 - 948}: Reply::Search
    {949 - 951}: Reply::Reader
      {949 - 950}: Crystal::ReplReader
        {949 - 949}: Crystal::PryReader
    {952 - 952}: Crystal::Loader
    {953 - 953}: Crystal::ProgressTracker
    {954 - 957}: Crystal::MacroType
      {954 - 954}: Crystal::NonGenericMacroType
      {955 - 955}: Crystal::NoReturnMacroType
      {956 - 956}: Crystal::UnionMacroType
    {958 - 958}: Crystal::CodeGenVisitor::LLVMVar
    {959 - 959}: Crystal::CacheDir
    {960 - 960}: Crystal::CodeGenVisitor::Context
    {961 - 961}: Crystal::CrystalLLVMBuilder
    {962 - 962}: Crystal::CodeGenVisitor::DIBuilder
    {963 - 963}: Crystal::LLVMId
    {964 - 964}: Crystal::LLVMTyper
    {965 - 965}: Crystal::CodeGenVisitor::Phi
  {967 - 3692}: Value
    {967 - 981}: Number
      {967 - 977}: Int
        {967 - 967}: Int8
        {968 - 968}: UInt8
        {969 - 969}: Int16
        {970 - 970}: UInt16
        {971 - 971}: Int32
        {972 - 972}: UInt32
        {973 - 973}: Int64
        {974 - 974}: UInt64
        {975 - 975}: Int128
        {976 - 976}: UInt128
      {978 - 980}: Float
        {978 - 978}: Float32
        {979 - 979}: Float64
    {982 - 982}: Bool
    {983 - 983}: Char
    {984 - 984}: Symbol
    {985 - 1446}: Pointer
      {985 - 985}: Pointer(UInt8)
      {986 - 986}: Pointer(Pointer(UInt8))
      {987 - 987}: Pointer(Void)
      {988 - 988}: Pointer(NoReturn)
      {989 - 989}: Pointer(LibC::SiginfoT)
      {990 - 990}: Pointer(LibC::SockaddrIn6)
      {991 - 991}: Pointer(LibC::SockaddrIn)
      {992 - 992}: Pointer(LibC::SockaddrUn)
      {993 - 993}: Pointer(Crystal::LibFFI::Cif)
      {994 - 994}: Pointer(Crystal::Once::Operation)
      {995 - 995}: Pointer(Bool)
      {996 - 996}: Pointer(LibC::DlInfo)
      {997 - 997}: Pointer(LibUnwind::Exception)
      {998 - 998}: Pointer(UInt64)
      {999 - 999}: Pointer(Float32)
      {1000 - 1000}: Pointer(Crystal::EventLoop::Polling::Event)
      {1001 - 1001}: Pointer(Int64)
      {1002 - 1002}: Pointer(LibC::Tm)
      {1003 - 1003}: Pointer(LibC::Timespec)
      {1004 - 1004}: Pointer(LibC::Kevent)
      {1005 - 1005}: Pointer(LibC::Stat)
      {1006 - 1006}: Pointer(LibC::Termios)
      {1007 - 1007}: Pointer(LibC::PthreadCondattrT)
      {1008 - 1008}: Pointer(LibC::PthreadCondT)
      {1009 - 1009}: Pointer(LibC::PthreadMutexT)
      {1010 - 1010}: Pointer(LibC::PthreadT)
      {1011 - 1011}: Pointer(LibC::PthreadAttrT)
      {1012 - 1012}: Pointer(Pointer(Void))
      {1013 - 1013}: Pointer(LibC::PthreadMutexattrT)
      {1014 - 1014}: Pointer(Int32)
      {1015 - 1015}: Pointer(UInt32)
      {1016 - 1016}: Pointer(LibC::Sigaction)
      {1017 - 1017}: Pointer(LibC::StackT)
      {1018 - 1018}: Pointer(LibC::DIR)
      {1019 - 1019}: Pointer(LibC::Dirent)
      {1020 - 1020}: Pointer(Proc(Pointer(Void), Pointer(Void), Nil))
      {1021 - 1021}: Pointer(LibGC::ProfStats)
      {1022 - 1022}: Pointer(LibGC::StackBase)
      {1023 - 1023}: Pointer(Fiber::PointerLinkedListNode)
      {1024 - 1024}: Pointer(LibC::Passwd)
      {1025 - 1025}: Pointer(Pointer(LibC::Passwd))
      {1026 - 1026}: Pointer(LibC::Rlimit)
      {1027 - 1027}: Pointer(LibC::RUsage)
      {1028 - 1028}: Pointer(LibPCRE2::CompileContext)
      {1029 - 1029}: Pointer(LibPCRE2::Code)
      {1030 - 1030}: Pointer(LibPCRE2::MatchContext)
      {1031 - 1031}: Pointer(LibPCRE2::GeneralContext)
      {1032 - 1032}: Pointer(LibPCRE2::JITStack)
      {1033 - 1033}: Pointer(LibPCRE2::MatchData)
      {1034 - 1034}: Pointer(LibC::Timeval)
      {1035 - 1035}: Pointer(LibC::MachTimebaseInfo)
      {1036 - 1036}: Pointer(LibLLVM::ModuleRef)
      {1037 - 1037}: Pointer(LibLLVM::TypeRef)
      {1038 - 1038}: Pointer(LibLLVM::ValueRef)
      {1039 - 1039}: Pointer(LibLLVM::BasicBlockRef)
      {1040 - 1040}: Pointer(LibLLVM::OperandBundleRef)
      {1041 - 1041}: Pointer(LibLLVM::MemoryBufferRef)
      {1042 - 1042}: Pointer(LibLLVM::MetadataRef)
      {1043 - 1043}: Pointer(LibLLVM::TargetRef)
      {1044 - 1044}: Pointer(LibLLVM::ExecutionEngineRef)
      {1045 - 1045}: Pointer(LibLLVM::MCJITCompilerOptions)
      {1046 - 1046}: Pointer(LibLLVM::GenericValueRef)
      {1047 - 1047}: Pointer(LibC::Sockaddr)
      {1048 - 1048}: Pointer(LibC::Addrinfo)
      {1049 - 1049}: Pointer(Pointer(LibC::Addrinfo))
      {1050 - 1050}: Pointer(Crystal::LibFFI::Type)
      {1051 - 1051}: Pointer(Pointer(Crystal::LibFFI::Type))
      {1052 - 1052}: Pointer(Crystal::LibFFI::Closure)
      {1053 - 1053}: Pointer(String)
      {1054 - 1054}: Pointer(IO)
      {1055 - 1055}: Pointer(Array(T))
      {1056 - 1056}: Pointer(Crystal)
      {1057 - 1057}: Pointer(Log::Metadata::Value)
      {1058 - 1058}: Pointer(LLVM::BasicBlock)
      {1059 - 1059}: Pointer(LLVM::Type)
      {1060 - 1060}: Pointer(LLVM::GenericValue)
      {1061 - 1061}: Pointer(JSON::Any)
      {1062 - 1062}: Pointer(Crystal::ASTNode)
      {1063 - 1063}: Pointer(Crystal::Def)
      {1064 - 1064}: Pointer(Crystal::Annotation)
      {1065 - 1065}: Pointer(Crystal::ExhaustivenessChecker::BoolPattern | Crystal::ExhaustivenessChecker::EnumMemberNamePattern | Crystal::ExhaustivenessChecker::EnumMemberPattern | Crystal::ExhaustivenessChecker::TypePattern | Crystal::ExhaustivenessChecker::UnderscorePattern)
      {1066 - 1066}: Pointer(Crystal::Type | Nil)
      {1067 - 1067}: Pointer(Crystal::Token::Kind)
      {1068 - 1068}: Pointer(Tuple(Crystal::Def, Int32))
      {1069 - 1069}: Pointer(LLVM::Value)
      {1070 - 1070}: Pointer(Crystal::Compiler::Source)
      {1071 - 1071}: Pointer(Crystal::DWARF::Abbrev::Attribute)
      {1072 - 1072}: Pointer(Crystal::DWARF::Abbrev)
      {1073 - 1073}: Pointer(Crystal::DWARF::LineNumbers::Sequence::FileEntry)
      {1074 - 1074}: Pointer(Crystal::DWARF::LineNumbers::Row)
      {1075 - 1075}: Pointer(Array(Crystal::DWARF::LineNumbers::Row))
      {1076 - 1076}: Pointer(Crystal::MachO::StabEntry)
      {1077 - 1077}: Pointer(Crystal::MachO::Nlist64)
      {1078 - 1078}: Pointer(Tuple(UInt64, UInt64, String))
      {1079 - 1079}: Pointer(Tuple(Int32, Int32, String::Grapheme::Property))
      {1080 - 1080}: Pointer(Time::Location::Zone)
      {1081 - 1081}: Pointer(Tuple(Int32, Int32, Int32))
      {1082 - 1082}: Pointer(Tuple(Int32, Int32))
      {1083 - 1083}: Pointer(Tuple(Int32, Int32, UInt8))
      {1084 - 1084}: Pointer(Tuple(Int32, Int32, Unicode::QuickCheckResult))
      {1085 - 1085}: Pointer(LLVM::ABI::ArgType)
      {1086 - 1086}: Pointer(Crystal::HashLiteral::Entry)
      {1087 - 1087}: Pointer(Crystal::NamedTupleLiteral::Entry)
      {1088 - 1088}: Pointer(Crystal::Var)
      {1089 - 1089}: Pointer(Crystal::NamedArgument)
      {1090 - 1090}: Pointer(Crystal::Arg)
      {1091 - 1091}: Pointer(Crystal::When)
      {1092 - 1092}: Pointer(Crystal::Rescue)
      {1093 - 1093}: Pointer(Crystal::AsmOperand)
      {1094 - 1094}: Pointer(Crystal::Lexer::LocPopPragma | Crystal::Lexer::LocPushPragma | Crystal::Lexer::LocSetPragma)
      {1095 - 1095}: Pointer(Crystal::Location)
      {1096 - 1096}: Pointer(Crystal::Type)
      {1097 - 1097}: Pointer(Crystal::NamedArgumentType)
      {1098 - 1098}: Pointer(Crystal::DefWithMetadata)
      {1099 - 1099}: Pointer(Crystal::Macro)
      {1100 - 1100}: Pointer(Crystal::Hook)
      {1101 - 1101}: Pointer(Crystal::InstanceVarInitializerContainer::InstanceVarInitializer)
      {1102 - 1102}: Pointer(Crystal::LinkAnnotation)
      {1103 - 1103}: Pointer(Hash(String, Crystal::MetaVar))
      {1104 - 1104}: Pointer(Crystal::PointerOf)
      {1105 - 1105}: Pointer(Crystal::Def)
      {1106 - 1106}: Pointer(String | Nil)
      {1107 - 1107}: Pointer(Crystal::Call::ArgumentTypeMismatch)
      {1108 - 1108}: Pointer(Crystal::Match)
      {1109 - 1109}: Pointer(Crystal::ExhaustivenessChecker::Target)
      {1110 - 1110}: Pointer(Crystal::Const)
      {1111 - 1111}: Pointer(Tuple(Crystal::AnnotationType, Crystal::Annotation))
      {1112 - 1112}: Pointer(Crystal::TablePrint::Cell)
      {1113 - 1113}: Pointer(Crystal::TablePrint::Column)
      {1114 - 1114}: Pointer(Hash(String, Crystal::Type))
      {1115 - 1115}: Pointer(Path)
      {1116 - 1116}: Pointer(Crystal::Token::DelimiterState)
      {1117 - 1117}: Pointer(Crystal::Doc::Type)
      {1118 - 1118}: Pointer(Crystal::Doc::Method)
      {1119 - 1119}: Pointer(Crystal::Doc::Macro)
      {1120 - 1120}: Pointer(Crystal::Doc::Constant)
      {1121 - 1121}: Pointer(Crystal::ImplementationTrace)
      {1122 - 1122}: Pointer(Crystal::ExpandResult::Expansion)
      {1123 - 1123}: Pointer(NamedTuple(name: String, implementation: Crystal::ImplementationTrace))
      {1124 - 1124}: Pointer(Array(NamedTuple(name: String, implementation: Crystal::ImplementationTrace)))
      {1125 - 1125}: Pointer(Int32 | Nil)
      {1126 - 1126}: Pointer(Crystal::Formatter::AlignInfo)
      {1127 - 1127}: Pointer(Crystal::Formatter::CommentInfo)
      {1128 - 1128}: Pointer(Crystal::Formatter::HeredocFix)
      {1129 - 1129}: Pointer(Crystal::Repl::CompiledInstructions::ExceptionHandler)
      {1130 - 1130}: Pointer(Char)
      {1131 - 1131}: Pointer(Int32 | String)
      {1132 - 1132}: Pointer(Crystal::MacroType)
      {1133 - 1133}: Pointer(Crystal::MetaVar)
      {1134 - 1134}: Pointer(Crystal::MachO::Segment64)
      {1135 - 1135}: Pointer(Crystal::MachO::Section64)
      {1136 - 1136}: Pointer(Proc(Int32, (Exception | Nil), Nil))
      {1137 - 1137}: Pointer(Proc(Nil))
      {1138 - 1138}: Pointer(PrettyPrint::Group)
      {1139 - 1139}: Pointer(Array(PrettyPrint::Group))
      {1140 - 1140}: Pointer(Time::Location::ZoneTransition)
      {1141 - 1141}: Pointer(Log::Builder::Binding)
      {1142 - 1142}: Pointer(Log::Entry)
      {1143 - 1143}: Pointer(LLVM::Builder)
      {1144 - 1144}: Pointer(LLVM::Attribute)
      {1145 - 1145}: Pointer(JSON::Builder::ArrayState | JSON::Builder::DocumentEndState | JSON::Builder::DocumentStartState | JSON::Builder::ObjectState | JSON::Builder::StartState)
      {1146 - 1146}: Pointer(JSON::PullParser::ObjectStackKind)
      {1147 - 1147}: Pointer(Crystal::Call)
      {1148 - 1148}: Pointer(Crystal::ASTNode | Crystal::Type)
      {1149 - 1149}: Pointer(Crystal::Program::ConstSliceInfo)
      {1150 - 1150}: Pointer(Crystal::ClassVarInitializer)
      {1151 - 1151}: Pointer(Crystal::Program::RecordedRequire)
      {1152 - 1152}: Pointer(Tuple(Crystal::Yield, Array(Crystal::Var) | Nil))
      {1153 - 1153}: Pointer(Crystal::Program::FinishedHook)
      {1154 - 1154}: Pointer(Crystal::InstanceVarsInitializerVisitor::Initializer)
      {1155 - 1155}: Pointer(Tuple(String, Regex::Options))
      {1156 - 1156}: Pointer(Crystal::While)
      {1157 - 1157}: Pointer(Crystal::TopLevelVisitor::FinishedHook)
      {1158 - 1158}: Pointer(Crystal::TypeDeclarationProcessor::InitializeInfo)
      {1159 - 1159}: Pointer(Array(Crystal::TablePrint::Cell) | Crystal::TablePrint::Separator)
      {1160 - 1160}: Pointer(Tuple(Crystal::Token::DelimiterState, Crystal::Lexer::HeredocItem))
      {1161 - 1161}: Pointer(Set(String))
      {1162 - 1162}: Pointer(Crystal::Parser::Unclosed)
      {1163 - 1163}: Pointer(Crystal::Init::View.class)
      {1164 - 1164}: Pointer(Proc(HTTP::Request, Nil))
      {1165 - 1165}: Pointer(Socket::Server)
      {1166 - 1166}: Pointer(Crystal::Repl::CompiledDef)
      {1167 - 1167}: Pointer(Crystal::FFI::Type)
      {1168 - 1168}: Pointer(Crystal::Repl::Interpreter::CallFrame)
      {1169 - 1169}: Pointer(Array(String) | Nil)
      {1170 - 1170}: Pointer(Crystal::FunDef)
      {1171 - 1171}: Pointer(Crystal::CodeGenVisitor::FunMetadata)
      {1172 - 1172}: Pointer(Crystal::CodeGenVisitor::Handler)
      {1173 - 1173}: Pointer(Crystal::EventLoop::Polling::Arena::Entry(Crystal::EventLoop::Polling::PollDescriptor))
      {1174 - 1174}: Pointer(Fiber::Stack)
      {1175 - 1175}: Pointer(Fiber)
      {1176 - 1176}: Pointer(PrettyPrint::Breakable | PrettyPrint::Text)
      {1177 - 1177}: Pointer(PrettyPrint::Breakable)
      {1178 - 1178}: Pointer(Array(String))
      {1179 - 1179}: Pointer(Exception | Nil)
      {1180 - 1180}: Pointer(Tuple(Log::Entry, Log::Backend))
      {1181 - 1181}: Pointer(Nil)
      {1182 - 1182}: Pointer(Hash::Entry(String, Crystal))
      {1183 - 1183}: Pointer(Hash::Entry(String, Log::Metadata::Value))
      {1184 - 1184}: Pointer(Hash::Entry(String, JSON::Any))
      {1185 - 1185}: Pointer(Hash::Entry(String, Array(String) | String))
      {1186 - 1186}: Pointer(Hash::Entry(String, String))
      {1187 - 1187}: Pointer(Hash::Entry(String, Crystal::MetaVar))
      {1188 - 1188}: Pointer(Hash::Entry(String, Nil))
      {1189 - 1189}: Pointer(Hash::Entry(String, String | Nil))
      {1190 - 1190}: Pointer(Hash::Entry(Int32, Tuple(Int32, Int32, Int32)))
      {1191 - 1191}: Pointer(Hash::Entry(Int32, Tuple(Int32, Int32)))
      {1192 - 1192}: Pointer(Hash::Entry(Int64, Int32))
      {1193 - 1193}: Pointer(Hash::Entry(Crystal::AnnotationType, Array(Crystal::Annotation)))
      {1194 - 1194}: Pointer(Hash::Entry(Int32, Crystal::Expressions))
      {1195 - 1195}: Pointer(Hash::Entry(Int32, Array(Crystal::Lexer::LocPopPragma | Crystal::Lexer::LocPushPragma | Crystal::Lexer::LocSetPragma)))
      {1196 - 1196}: Pointer(Hash::Entry(String, Array(Crystal::DefWithMetadata)))
      {1197 - 1197}: Pointer(Hash::Entry(String, Array(Crystal::Macro)))
      {1198 - 1198}: Pointer(Hash::Entry(String, Crystal::ASTNode))
      {1199 - 1199}: Pointer(Hash::Entry(Crystal::Def, Array(Crystal::Type)))
      {1200 - 1200}: Pointer(Hash::Entry(Bool, Array(Crystal::ExhaustivenessChecker::Target)))
      {1201 - 1201}: Pointer(Hash::Entry(Crystal::Const, Array(Crystal::ExhaustivenessChecker::Target)))
      {1202 - 1202}: Pointer(Hash::Entry(String, Array(Crystal::ASTNode)))
      {1203 - 1203}: Pointer(Hash::Entry(String, Crystal::ASTNode | Crystal::Type))
      {1204 - 1204}: Pointer(Hash::Entry(String, Crystal::Arg))
      {1205 - 1205}: Pointer(Hash::Entry(Crystal::Def, Crystal::Def))
      {1206 - 1206}: Pointer(Hash::Entry(String, Crystal::Type))
      {1207 - 1207}: Pointer(Hash::Entry(String, Bool | Int32 | String))
      {1208 - 1208}: Pointer(Hash::Entry(String, Int32))
      {1209 - 1209}: Pointer(Hash::Entry(Crystal::Def, Int32))
      {1210 - 1210}: Pointer(Hash::Entry(String, Tuple(Int32, Crystal::Type)))
      {1211 - 1211}: Pointer(Hash::Entry(Int32, Crystal::ASTNode))
      {1212 - 1212}: Pointer(Hash::Entry(Crystal::Def, Crystal::Repl::CompiledDef))
      {1213 - 1213}: Pointer(Hash::Entry(Crystal::External, Crystal::Repl::LibFunction))
      {1214 - 1214}: Pointer(Hash::Entry(Crystal::Repl::Context::MultidispatchKey, Crystal::Def))
      {1215 - 1215}: Pointer(Hash::Entry(Pointer(Void), Crystal::Repl::CompiledDef))
      {1216 - 1216}: Pointer(Hash::Entry(Crystal::SyntaxHighlighter::TokenType, Colorize::Color256 | Colorize::ColorANSI | Colorize::ColorRGB))
      {1217 - 1217}: Pointer(Hash::Entry(String, Crystal::CodeGenVisitor::ModuleInfo))
      {1218 - 1218}: Pointer(Hash::Entry(String, Crystal::CodeGenVisitor::LLVMVar))
      {1219 - 1219}: Pointer(Hash::Entry(Tuple(LLVM::Module, String), LLVM::Type))
      {1220 - 1220}: Pointer(Hash::Entry(Crystal::ASTNode, Crystal::CodeGenVisitor::Handler))
      {1221 - 1221}: Pointer(Hash::Entry(Int32, Int32))
      {1222 - 1222}: Pointer(Hash::Entry(Crystal::Type, LLVM::Type))
      {1223 - 1223}: Pointer(Hash::Entry(Tuple(UInt64, Symbol), Nil))
      {1224 - 1224}: Pointer(Hash::Entry(UInt64, UInt64))
      {1225 - 1225}: Pointer(Hash::Entry(Signal, Proc(Signal, Nil)))
      {1226 - 1226}: Pointer(Hash::Entry(Int32, Channel(Int32)))
      {1227 - 1227}: Pointer(Hash::Entry(String, NamedTuple(time: Time, location: Time::Location)))
      {1228 - 1228}: Pointer(Hash::Entry(Log::Backend, Log::Severity))
      {1229 - 1229}: Pointer(Hash::Entry(String, WeakRef(Log)))
      {1230 - 1230}: Pointer(Hash::Entry(LLVM::Attribute, UInt32))
      {1231 - 1231}: Pointer(Hash::Entry(String, Crystal::NamedType))
      {1232 - 1232}: Pointer(Hash::Entry(Crystal::DefInstanceKey, Crystal::Def))
      {1233 - 1233}: Pointer(Hash::Entry(String, Crystal::MetaTypeVar))
      {1234 - 1234}: Pointer(Hash::Entry(Array(Crystal::ASTNode | Crystal::Type), Crystal::Type))
      {1235 - 1235}: Pointer(Hash::Entry(String, Crystal::TypeParameter))
      {1236 - 1236}: Pointer(Hash::Entry(Int32 | Range(Int32, Int32), Crystal::Def))
      {1237 - 1237}: Pointer(Hash::Entry(Array(Crystal::NamedArgumentType), Crystal::Type))
      {1238 - 1238}: Pointer(Hash::Entry(Int32, Crystal::Def))
      {1239 - 1239}: Pointer(Hash::Entry(String, Crystal::FileModule))
      {1240 - 1240}: Pointer(Hash::Entry(Array(UInt64), Crystal::UnionType))
      {1241 - 1241}: Pointer(Hash::Entry(String, OptionParser::Handler))
      {1242 - 1242}: Pointer(Hash::Entry(String, Array(Int32)))
      {1243 - 1243}: Pointer(Hash::Entry(String, Tuple(Crystal::ASTNode, Crystal::ASTNode)))
      {1244 - 1244}: Pointer(Hash::Entry(Crystal::ClassVarContainer, Hash(String, Tuple(Crystal::ASTNode, Crystal::ASTNode))))
      {1245 - 1245}: Pointer(Hash::Entry(String, Crystal::TypeFilter))
      {1246 - 1246}: Pointer(Hash::Entry(String, Crystal::TypeDeclarationProcessor::TypeDeclarationWithLocation))
      {1247 - 1247}: Pointer(Hash::Entry(Crystal::Type, Hash(String, Crystal::TypeDeclarationProcessor::TypeDeclarationWithLocation)))
      {1248 - 1248}: Pointer(Hash::Entry(String, Crystal::TypeDeclarationProcessor::InstanceVarTypeInfo))
      {1249 - 1249}: Pointer(Hash::Entry(Crystal::Type, Hash(String, Crystal::TypeDeclarationProcessor::InstanceVarTypeInfo)))
      {1250 - 1250}: Pointer(Hash::Entry(Crystal::Type, Array(Crystal::TypeDeclarationProcessor::InitializeInfo)))
      {1251 - 1251}: Pointer(Hash::Entry(Crystal::Type, Array(String)))
      {1252 - 1252}: Pointer(Hash::Entry(String, Crystal::TypeDeclarationProcessor::InitializeInfo))
      {1253 - 1253}: Pointer(Hash::Entry(Crystal::Type, Hash(String, Crystal::TypeDeclarationProcessor::InitializeInfo)))
      {1254 - 1254}: Pointer(Hash::Entry(String, Crystal::TypeDeclarationProcessor::Error))
      {1255 - 1255}: Pointer(Hash::Entry(Crystal::Type, Hash(String, Crystal::TypeDeclarationProcessor::Error)))
      {1256 - 1256}: Pointer(Hash::Entry(String, Crystal::TypeGuessVisitor::TypeInfo))
      {1257 - 1257}: Pointer(Hash::Entry(Crystal::ClassVarContainer, Hash(String, Crystal::TypeGuessVisitor::TypeInfo)))
      {1258 - 1258}: Pointer(Hash::Entry(Crystal::ClassVarContainer, Hash(String, Crystal::TypeDeclarationProcessor::TypeDeclarationWithLocation)))
      {1259 - 1259}: Pointer(Hash::Entry(String, Crystal::External))
      {1260 - 1260}: Pointer(Hash::Entry(String, Array(String)))
      {1261 - 1261}: Pointer(Hash::Entry(String, Hash(String, String) | String))
      {1262 - 1262}: Pointer(Hash::Entry(Crystal::Type, Crystal::Doc::Type))
      {1263 - 1263}: Pointer(Hash::Entry(String, Set(String)))
      {1264 - 1264}: Pointer(Hash::Entry(HTTP::Headers::Key, Array(String) | String))
      {1265 - 1265}: Pointer(Hash::Entry(String, HTTP::Cookie))
      {1266 - 1266}: Pointer(Hash::Entry(Int32, Crystal::Playground::Session))
      {1267 - 1267}: Pointer(Hash::Entry(Crystal::Location, Int32))
      {1268 - 1268}: Pointer(Hash::Entry(Crystal::Repl::ClassVars::Key, Crystal::Repl::ClassVars::Value))
      {1269 - 1269}: Pointer(Hash::Entry(Crystal::Const, Crystal::Repl::Constants::Value))
      {1270 - 1270}: Pointer(Hash::Entry(Tuple(UInt64, UInt64), Crystal::Repl::FFIClosureContext))
      {1271 - 1271}: Pointer(Hash::Entry(Crystal::Type, Array(Crystal::Repl::CompiledDef)))
      {1272 - 1272}: Pointer(Hash::Entry(Crystal::Type, Int32))
      {1273 - 1273}: Pointer(Hash::Entry(Crystal::Repl::LocalVars::Key, Crystal::Type))
      {1274 - 1274}: Pointer(Hash::Entry(Crystal::Repl::LocalVars::Key, Int32))
      {1275 - 1275}: Pointer(Hash::Entry(Crystal::MacroInterpreter::MacroVarKey, String))
      {1276 - 1276}: Pointer(Hash::Entry(String, Crystal::Program::CompiledMacroRun))
      {1277 - 1277}: Pointer(Hash::Entry(String, Crystal::MacroType))
      {1278 - 1278}: Pointer(Hash::Entry(Crystal::Type, Crystal::CodeGenVisitor::ModuleInfo))
      {1279 - 1279}: Pointer(Hash::Entry(Crystal::CodeGenVisitor::StringKey, LLVM::Value))
      {1280 - 1280}: Pointer(Hash::Entry(Crystal::VirtualFile | String | Nil, LibLLVM::MetadataRef))
      {1281 - 1281}: Pointer(Hash::Entry(LLVM::Module, Hash(Crystal::VirtualFile | String | Nil, LibLLVM::MetadataRef)))
      {1282 - 1282}: Pointer(Hash::Entry(Crystal::Type, LibLLVM::MetadataRef | Nil))
      {1283 - 1283}: Pointer(Hash::Entry(LLVM::Module, Hash(Crystal::Type, LibLLVM::MetadataRef | Nil)))
      {1284 - 1284}: Pointer(Hash::Entry(LLVM::Module, Crystal::CodeGenVisitor::DIBuilder))
      {1285 - 1285}: Pointer(Hash::Entry(LLVM::Function, Array(Crystal::CodeGenVisitor::FunMetadata)))
      {1286 - 1286}: Pointer(Hash::Entry(Tuple(String, String), LibLLVM::MetadataRef))
      {1287 - 1287}: Pointer(Hash::Entry(Crystal::Type, Tuple(Int32, Int32)))
      {1288 - 1288}: Pointer(Hash::Entry(String, LLVM::Type))
      {1289 - 1289}: Pointer(Channel::Receiver(Int32))
      {1290 - 1290}: Pointer(Channel::Receiver(Exception | Nil))
      {1291 - 1291}: Pointer(Channel::Receiver(Tuple(Log::Entry, Log::Backend)))
      {1292 - 1292}: Pointer(Channel::Receiver(Nil))
      {1293 - 1293}: Pointer(Channel::Sender(Int32))
      {1294 - 1294}: Pointer(Channel::Sender(Exception | Nil))
      {1295 - 1295}: Pointer(Channel::Sender(Tuple(Log::Entry, Log::Backend)))
      {1296 - 1296}: Pointer(Channel::Sender(Nil))
      {1297 - 1297}: Pointer(Hash::Entry(Thread, Pointer(LibPCRE2::JITStack)))
      {1298 - 1298}: Pointer(Hash::Entry(Thread, Pointer(LibPCRE2::MatchData)))
      {1299 - 1299}: Pointer(Hash::Entry(Crystal::Type, Nil))
      {1300 - 1300}: Pointer(Hash::Entry(Crystal::Def, Nil))
      {1301 - 1301}: Pointer(Hash::Entry(Crystal::ASTNode, Nil))
      {1302 - 1302}: Pointer(Hash::Entry(Int32, Nil))
      {1303 - 1303}: Pointer(UInt16)
      {1304 - 1304}: Pointer(Pointer(Crystal::EventLoop::Polling::Arena::Entry(Crystal::EventLoop::Polling::PollDescriptor)))
      {1305 - 1305}: Pointer(Crystal::EventLoop::Polling::PollDescriptor)
      {1306 - 1306}: Pointer(StaticArray(UInt8, 4))
      {1307 - 1307}: Pointer(StaticArray(UInt8, 8))
      {1308 - 1308}: Pointer(StaticArray(UInt8, 2))
      {1309 - 1309}: Pointer(StaticArray(UInt8, 1))
      {1310 - 1310}: Pointer(Int8)
      {1311 - 1311}: Pointer(Crystal::DWARF::LineNumbers::LNCTFormat)
      {1312 - 1312}: Pointer(Hash::Entry(Int64, Array(Crystal::DWARF::Abbrev)))
      {1313 - 1313}: Pointer(Tuple(Crystal::DWARF::AT, Crystal::DWARF::FORM, Bool | Int32 | Int64 | Slice(UInt8) | String | UInt128 | UInt16 | UInt32 | UInt64 | UInt8))
      {1314 - 1314}: Pointer(StaticArray(UInt8, 16))
      {1315 - 1315}: Pointer(UInt128)
      {1316 - 1316}: Pointer(Fiber::Context)
      {1317 - 1317}: Pointer(Pointer(Crystal::EventLoop::Polling::Event))
      {1318 - 1318}: Pointer(Channel::SelectState)
      {1319 - 1319}: Pointer(Float64)
      {1320 - 1320}: Pointer(Float::FastFloat::Bigint)
      {1321 - 1321}: Pointer(Float::FastFloat::Stackvec(62))
      {1322 - 1322}: Pointer(Tuple(Crystal::Type, UInt64))
      {1323 - 1323}: Pointer(Range(Int32, Int32))
      {1324 - 1324}: Pointer(Tuple(Crystal::Type, String))
      {1325 - 1325}: Pointer(Tuple(Crystal::NamedArgumentType, String))
      {1326 - 1326}: Pointer(Array(Crystal::Type) | Nil)
      {1327 - 1327}: Pointer(Int16)
      {1328 - 1328}: Pointer(Int128)
      {1329 - 1329}: Pointer(Crystal::VoidType)
      {1330 - 1330}: Pointer(Tuple(UInt64, UInt64, UInt64))
      {1331 - 1331}: Pointer(Crystal::Parser::Piece)
      {1332 - 1332}: Pointer(Crystal::ASTNode | String)
      {1333 - 1333}: Pointer(Hash::Entry(Char, String))
      {1334 - 1334}: Pointer(Proc(Fiber, Nil))
      {1335 - 1335}: Pointer(Tuple(Pointer(Void), Pointer(Void)))
      {1336 - 1336}: Pointer(Proc(Int32, Nil))
      {1337 - 1337}: Pointer(Pointer(Int32))
      {1338 - 1338}: Pointer(Tuple(String, String))
      {1339 - 1339}: Pointer(LibC::Winsize)
      {1340 - 1340}: Pointer(Crystal::Token)
      {1341 - 1341}: Pointer(Tuple(String, Crystal::Expressions))
      {1342 - 1342}: Pointer(Float::Printer::Dragonbox::WUInt::UInt128)
      {1343 - 1343}: Pointer(Tuple(Crystal::Arg, String))
      {1344 - 1344}: Pointer(LLVM::CallConvention)
      {1345 - 1345}: Pointer(Hash::Entry(Char, Char))
      {1346 - 1346}: Pointer(Array(Crystal::Type) | Crystal::Type | Nil)
      {1347 - 1347}: Pointer(Crystal::VirtualTypeLookup::Change)
      {1348 - 1348}: Pointer(Hash::Entry(Crystal::Type, Crystal::Matches))
      {1349 - 1349}: Pointer(Tuple(Crystal::Type, Tuple(Int32, Int32, String)))
      {1350 - 1350}: Pointer(Hash::Entry(Crystal::Type, Crystal::Type))
      {1351 - 1351}: Pointer(Crystal::InstanceVarInitializerContainer::InstanceVarInitializer | Nil)
      {1352 - 1352}: Pointer(Array(Crystal::Type))
      {1353 - 1353}: Pointer(Crystal::NamedType)
      {1354 - 1354}: Pointer(Hash::Entry(Bool, Array(String)))
      {1355 - 1355}: Pointer(Hash::Entry(Crystal::Const, Array(String)))
      {1356 - 1356}: Pointer(Crystal::Type | Crystal::Var)
      {1357 - 1357}: Pointer(Crystal::Repl::LocalVars::Key)
      {1358 - 1358}: Pointer(Tuple(Crystal::Type, Int32))
      {1359 - 1359}: Pointer(Hash::Entry(Int32, Crystal::Type))
      {1360 - 1360}: Pointer(Crystal::Block)
      {1361 - 1361}: Pointer(Crystal::Var | Nil)
      {1362 - 1362}: Pointer(Crystal::Repl::Context::InstanceVarInitializer)
      {1363 - 1363}: Pointer(Pointer(Crystal::LibFFI::Cif))
      {1364 - 1364}: Pointer(String::CharIterator)
      {1365 - 1365}: Pointer(Crystal::Repl::OpCode)
      {1366 - 1366}: Pointer(Crystal::Repl::Compiler::FloatPredicate)
      {1367 - 1367}: Pointer(Crystal::Repl::CompiledBlock)
      {1368 - 1368}: Pointer(Crystal::Repl::LibFunction)
      {1369 - 1369}: Pointer(Crystal::FFI::CallInterface)
      {1370 - 1370}: Pointer(Crystal::Repl::Interpreter::BigReturnedValue | Crystal::Repl::Interpreter::RaisedException | Crystal::Repl::Interpreter::SmallReturnedValue)
      {1371 - 1371}: Pointer(Symbol)
      {1372 - 1372}: Pointer(Tuple(UInt8, Bool))
      {1373 - 1373}: Pointer(Tuple(Int16, Bool))
      {1374 - 1374}: Pointer(Tuple(Int32, Bool))
      {1375 - 1375}: Pointer(Tuple(Int64, Bool))
      {1376 - 1376}: Pointer(Pointer(Pointer(UInt8)))
      {1377 - 1377}: Pointer(Crystal::Program::RequireWithTimestamp)
      {1378 - 1378}: Pointer(Set(String) | Nil)
      {1379 - 1379}: Pointer(Tuple(Crystal::Program::RequireWithTimestamp, String))
      {1380 - 1380}: Pointer(LLVM::ABI::X86_64::RegClass)
      {1381 - 1381}: Pointer(Tuple(Crystal::Type, LLVM::Value))
      {1382 - 1382}: Pointer(Tuple(Tuple(Int32, Int32), Int32))
      {1383 - 1383}: Pointer(Hash::Entry(LLVM::Value, LLVM::BasicBlock))
      {1384 - 1384}: Pointer(Tuple(LLVM::Value, Crystal::Type))
      {1385 - 1385}: Pointer(Tuple(Crystal::Type, Tuple(Int32, Int32)))
      {1386 - 1386}: Pointer(Tuple(Tuple(Crystal::Type, Tuple(Int32, Int32)), Tuple(Int32, Int32)))
      {1387 - 1387}: Pointer(Crystal::Compiler::CompilationUnit)
      {1388 - 1388}: Pointer(Pointer(UInt16))
      {1389 - 1389}: Pointer(Tuple(Int32, IO::FileDescriptor, IO::FileDescriptor))
      {1390 - 1390}: Pointer(Channel::Sender(String))
      {1391 - 1391}: Pointer(Channel::Receiver(String))
      {1392 - 1392}: Pointer(Tuple(String, Time))
      {1393 - 1393}: Pointer(Array(Crystal::Annotation))
      {1394 - 1394}: Pointer(Hash::Entry(Int32 | String, String | Nil))
      {1395 - 1395}: Pointer(Hash::Entry(Int32, String))
      {1396 - 1396}: Pointer(Tuple(Crystal::ASTNode, InterpretCompareWrapper))
      {1397 - 1397}: Pointer(Hash::Entry(Crystal::MacroType, Crystal::MacroType))
      {1398 - 1398}: Pointer(Tuple(Int32, Crystal::NamedArgument))
      {1399 - 1399}: Pointer(Tuple(Tuple(Int32, Crystal::NamedArgument), Int32))
      {1400 - 1400}: Pointer(Array(Crystal::ASTNode))
      {1401 - 1401}: Pointer(Tuple(String | Nil, String))
      {1402 - 1402}: Pointer(Crystal::Call::ArgumentsAlreadySpecified | Crystal::Call::ArgumentsTypeMismatch | Crystal::Call::BlockMismatch | Crystal::Call::ExtraNamedArguments | Crystal::Call::MissingNamedArguments | Crystal::Call::WrongNumberOfArguments | Nil)
      {1403 - 1403}: Pointer(Crystal::Call::MissingNamedArguments)
      {1404 - 1404}: Pointer(Crystal::Call::ExtraNamedArguments)
      {1405 - 1405}: Pointer(Crystal::Call::ArgumentsAlreadySpecified)
      {1406 - 1406}: Pointer(Crystal::Call::ArgumentsTypeMismatch)
      {1407 - 1407}: Pointer(Hash::Entry(Crystal::ASTNode | Crystal::Type, Crystal::ASTNode | Crystal::Type))
      {1408 - 1408}: Pointer(Hash::Entry(Crystal::ASTNode | Crystal::Type, Nil))
      {1409 - 1409}: Pointer(Tuple(Crystal::ASTNode | Crystal::Type, String))
      {1410 - 1410}: Pointer(Crystal::EnumType)
      {1411 - 1411}: Pointer(Hash::Entry(Int32 | String, Int32 | String))
      {1412 - 1412}: Pointer(Hash::Entry(Array(String), Array(String)))
      {1413 - 1413}: Pointer(Hash::Entry(Crystal::ASTNode, Crystal::ASTNode))
      {1414 - 1414}: Pointer(Exception::CallStack::RepeatedFrame)
      {1415 - 1415}: Pointer(NamedTuple(key: Symbol, value: Log::Metadata::Value))
      {1416 - 1416}: Pointer(Pointer(UInt64))
      {1417 - 1417}: Pointer(Crystal::Init::View)
      {1418 - 1418}: Pointer(Crystal::Playground::EnvironmentHandler | Crystal::Playground::PageHandler | Crystal::Playground::PathWebSocketHandler | Crystal::Playground::WorkbookHandler | HTTP::StaticFileHandler)
      {1419 - 1419}: Pointer(StaticArray(UInt16, 8))
      {1420 - 1420}: Pointer(Hash::Entry(String, Hash(String, String)))
      {1421 - 1421}: Pointer(Dir::Globber::ConstantDirectory | Dir::Globber::ConstantEntry | Dir::Globber::DirectoriesOnly | Dir::Globber::DirectoryMatch | Dir::Globber::EntryMatch | Dir::Globber::RecursiveDirectories | Dir::Globber::RootDirectory)
      {1422 - 1422}: Pointer(Array(Dir::Globber::ConstantDirectory | Dir::Globber::ConstantEntry | Dir::Globber::DirectoriesOnly | Dir::Globber::DirectoryMatch | Dir::Globber::EntryMatch | Dir::Globber::RecursiveDirectories | Dir::Globber::RootDirectory))
      {1423 - 1423}: Pointer(Tuple(Int32, String | Nil, Crystal::System::Dir::Entry | Nil))
      {1424 - 1424}: Pointer(Dir)
      {1425 - 1425}: Pointer(Crystal::Playground::WorkbookIndexPage::Item)
      {1426 - 1426}: Pointer(Hash::Entry(Markd::Node::Type, Markd::Rule::BlockQuote | Markd::Rule::CodeBlock | Markd::Rule::Document | Markd::Rule::HTMLBlock | Markd::Rule::Heading | Markd::Rule::Item | Markd::Rule::List | Markd::Rule::Paragraph | Markd::Rule::ThematicBreak))
      {1427 - 1427}: Pointer(Regex)
      {1428 - 1428}: Pointer(Hash::Entry(Char, Markd::Parser::Inline::Delimiter | Nil))
      {1429 - 1429}: Pointer(Hash::Entry(String, Time::Location))
      {1430 - 1430}: Pointer(Range(Int64, Int64))
      {1431 - 1431}: Pointer(Tuple(Crystal::Doc::Type, String))
      {1432 - 1432}: Pointer(Crystal::Doc::Constant | Crystal::Doc::Macro | Crystal::Doc::Method)
      {1433 - 1433}: Pointer(Tuple(Crystal::Doc::Method, Tuple(Int32, String)))
      {1434 - 1434}: Pointer(Hash::Entry(Crystal::Doc::Method, Nil))
      {1435 - 1435}: Pointer(Tuple(Crystal::Doc::Macro, Tuple(Int32, String)))
      {1436 - 1436}: Pointer(Tuple(Crystal::Doc::Constant, String))
      {1437 - 1437}: Pointer(Crystal::Doc::RelativeLocation)
      {1438 - 1438}: Pointer(Hash::Entry(Crystal::Doc::Type, Crystal::Doc::Type))
      {1439 - 1439}: Pointer(Hash::Entry(String, Array(Crystal::Doc::Method)))
      {1440 - 1440}: Pointer(Hash::Entry(String, Array(Crystal::Doc::Macro)))
      {1441 - 1441}: Pointer(Tuple(String, Array(NamedTuple(name: String, implementation: Crystal::ImplementationTrace))))
      {1442 - 1442}: Pointer(Crystal::MetaTypeVar)
      {1443 - 1443}: Pointer(Hash::Entry(Crystal::MetaTypeVar, Tuple(Crystal::Type, UInt64 | Nil)))
      {1444 - 1444}: Pointer(Tuple(Tuple(Crystal::Def, Int32), Tuple(String, Int32, Int32)))
      {1445 - 1445}: Pointer(Hash::Entry(String, Hash(Int32, Int32)))
    {1447 - 2788}: Tuple
      {1447 - 1447}: Tuple(String, String)
      {1448 - 1448}: Tuple(Int32, Pointer(LibC::SiginfoT), Pointer(Void))
      {1449 - 1449}: Tuple(Symbol, Log::Metadata::Value)
      {1450 - 1450}: Tuple(String, Crystal)
      {1451 - 1451}: Tuple(String, Log::Metadata::Value)
      {1452 - 1452}: Tuple(String, JSON::Any)
      {1453 - 1453}: Tuple(String, Array(String) | String)
      {1454 - 1454}: Tuple(String, Array(String))
      {1455 - 1455}: Tuple(Crystal::Def, Int32)
      {1456 - 1456}: Tuple(String, Crystal::MetaVar)
      {1457 - 1457}: Tuple(Pointer(Void), Pointer(Void))
      {1458 - 1458}: Tuple(UInt64, UInt64, String)
      {1459 - 1459}: Tuple(Int32, Int32, String::Grapheme::Property)
      {1460 - 1460}: Tuple(Pointer(Void))
      {1461 - 1461}: Tuple(Int32)
      {1462 - 1462}: Tuple()
      {1463 - 1463}: Tuple(UInt64)
      {1464 - 1464}: Tuple(LibGC::EventType)
      {1465 - 1465}: Tuple(LibGC::EventType, Pointer(Void))
      {1466 - 1466}: Tuple(Pointer(UInt8), UInt64)
      {1467 - 1467}: Tuple(String, Nil)
      {1468 - 1468}: Tuple(String, String | Nil)
      {1469 - 1469}: Tuple(Int32, Int32)
      {1470 - 1470}: Tuple(Signal)
      {1471 - 1471}: Tuple(Int64, Int64)
      {1472 - 1472}: Tuple(Int32, Int32, Int32)
      {1473 - 1473}: Tuple(Int32, Tuple(Int32, Int32, Int32))
      {1474 - 1474}: Tuple(Int32, Int32, UInt8)
      {1475 - 1475}: Tuple(Int32, Tuple(Int32, Int32))
      {1476 - 1476}: Tuple(Int64, Int32)
      {1477 - 1477}: Tuple(Int32, Int32, Unicode::QuickCheckResult)
      {1478 - 1478}: Tuple(Crystal::AnnotationType, Array(Crystal::Annotation))
      {1479 - 1479}: Tuple(Int32, Crystal::Expressions)
      {1480 - 1480}: Tuple(Int32, Array(Crystal::Lexer::LocPopPragma | Crystal::Lexer::LocPushPragma | Crystal::Lexer::LocSetPragma))
      {1481 - 1481}: Tuple(String, Array(Crystal::DefWithMetadata))
      {1482 - 1482}: Tuple(String, Array(Crystal::Macro))
      {1483 - 1483}: Tuple(String, Crystal::ASTNode)
      {1484 - 1484}: Tuple(Crystal::Def, Array(Crystal::Type))
      {1485 - 1485}: Tuple(String)
      {1486 - 1486}: Tuple(Bool, Array(Crystal::ExhaustivenessChecker::Target))
      {1487 - 1487}: Tuple(Crystal::Const, Array(Crystal::ExhaustivenessChecker::Target))
      {1488 - 1488}: Tuple(String, Array(Crystal::ASTNode))
      {1489 - 1489}: Tuple(String, Crystal::ASTNode | Crystal::Type)
      {1490 - 1490}: Tuple(String, Crystal::Arg)
      {1491 - 1491}: Tuple(Crystal::Def, Crystal::Def)
      {1492 - 1492}: Tuple(Crystal::AnnotationType, Crystal::Annotation)
      {1493 - 1493}: Tuple(String, Crystal::Type)
      {1494 - 1494}: Tuple(String, Bool | Int32 | String)
      {1495 - 1495}: Tuple(IO)
      {1496 - 1496}: Tuple(HTTP::Server::Context)
      {1497 - 1497}: Tuple(String, Int32)
      {1498 - 1498}: Tuple(Int32, Crystal::Type)
      {1499 - 1499}: Tuple(String, Tuple(Int32, Crystal::Type))
      {1500 - 1500}: Tuple(Int32, Crystal::ASTNode)
      {1501 - 1501}: Tuple(Crystal::Def, Crystal::Repl::CompiledDef)
      {1502 - 1502}: Tuple(Crystal::External, Crystal::Repl::LibFunction)
      {1503 - 1503}: Tuple(Crystal::Repl::Context::MultidispatchKey, Crystal::Def)
      {1504 - 1504}: Tuple(Pointer(Crystal::LibFFI::Cif), Pointer(Void), Pointer(Pointer(Void)), Pointer(Void))
      {1505 - 1505}: Tuple(Pointer(Void), Crystal::Repl::CompiledDef)
      {1506 - 1506}: Tuple(Crystal::SyntaxHighlighter::TokenType, Colorize::Color256 | Colorize::ColorANSI | Colorize::ColorRGB)
      {1507 - 1507}: Tuple(Int32, Bool)
      {1508 - 1508}: Tuple(IO, Int32)
      {1509 - 1509}: Tuple(String, Crystal::CodeGenVisitor::ModuleInfo)
      {1510 - 1510}: Tuple(String, Crystal::CodeGenVisitor::LLVMVar)
      {1511 - 1511}: Tuple(LLVM::Module, String)
      {1512 - 1512}: Tuple(Tuple(LLVM::Module, String), LLVM::Type)
      {1513 - 1513}: Tuple(Crystal::ASTNode, Crystal::CodeGenVisitor::Handler)
      {1514 - 1514}: Tuple(Crystal::Type, LLVM::Type)
      {1515 - 1515}: Tuple(Bool, String::Grapheme::Property)
      {1516 - 1516}: Tuple(UInt64, Symbol)
      {1517 - 1517}: Tuple(Tuple(UInt64, Symbol), Nil)
      {1518 - 1518}: Tuple(UInt64, UInt64)
      {1519 - 1519}: Tuple(Thread)
      {1520 - 1520}: Tuple(Int32, Exception | Nil)
      {1521 - 1521}: Tuple(IO::FileDescriptor, IO::FileDescriptor)
      {1522 - 1522}: Tuple(Signal, Proc(Signal, Nil))
      {1523 - 1523}: Tuple(Int32, Channel(Int32))
      {1524 - 1524}: Tuple(String, NamedTuple(time: Time, location: Time::Location))
      {1525 - 1525}: Tuple(Log::Backend, Log::Severity)
      {1526 - 1526}: Tuple(String, WeakRef(Log))
      {1527 - 1527}: Tuple(Log::Entry, IO)
      {1528 - 1528}: Tuple(Log::Entry, Log::Backend)
      {1529 - 1529}: Tuple(LLVM::Attribute, UInt32)
      {1530 - 1530}: Tuple(String, Crystal::NamedType)
      {1531 - 1531}: Tuple(Crystal::DefInstanceKey, Crystal::Def)
      {1532 - 1532}: Tuple(String, Crystal::MetaTypeVar)
      {1533 - 1533}: Tuple(Array(Crystal::ASTNode | Crystal::Type), Crystal::Type)
      {1534 - 1534}: Tuple(String, Crystal::TypeParameter)
      {1535 - 1535}: Tuple(Int32 | Range(Int32, Int32), Crystal::Def)
      {1536 - 1536}: Tuple(Array(Crystal::NamedArgumentType), Crystal::Type)
      {1537 - 1537}: Tuple(Int32, Crystal::Def)
      {1538 - 1538}: Tuple(String, Crystal::FileModule)
      {1539 - 1539}: Tuple(Array(UInt64), Crystal::UnionType)
      {1540 - 1540}: Tuple(String, OptionParser::Handler)
      {1541 - 1541}: Tuple(Array(String), Array(String))
      {1542 - 1542}: Tuple(String, Array(Int32))
      {1543 - 1543}: Tuple(Crystal::Yield, Array(Crystal::Var) | Nil)
      {1544 - 1544}: Tuple(Crystal::ASTNode, Crystal::ASTNode)
      {1545 - 1545}: Tuple(String, Tuple(Crystal::ASTNode, Crystal::ASTNode))
      {1546 - 1546}: Tuple(Crystal::ClassVarContainer, Hash(String, Tuple(Crystal::ASTNode, Crystal::ASTNode)))
      {1547 - 1547}: Tuple(String, Crystal::TypeFilter)
      {1548 - 1548}: Tuple(String, Regex::Options)
      {1549 - 1549}: Tuple(String, Crystal::TypeDeclarationProcessor::TypeDeclarationWithLocation)
      {1550 - 1550}: Tuple(Crystal::Type, Hash(String, Crystal::TypeDeclarationProcessor::TypeDeclarationWithLocation))
      {1551 - 1551}: Tuple(String, Crystal::TypeDeclarationProcessor::InstanceVarTypeInfo)
      {1552 - 1552}: Tuple(Crystal::Type, Hash(String, Crystal::TypeDeclarationProcessor::InstanceVarTypeInfo))
      {1553 - 1553}: Tuple(Crystal::Type, Array(Crystal::TypeDeclarationProcessor::InitializeInfo))
      {1554 - 1554}: Tuple(Crystal::Type, Array(String))
      {1555 - 1555}: Tuple(String, Crystal::TypeDeclarationProcessor::InitializeInfo)
      {1556 - 1556}: Tuple(Crystal::Type, Hash(String, Crystal::TypeDeclarationProcessor::InitializeInfo))
      {1557 - 1557}: Tuple(String, Crystal::TypeDeclarationProcessor::Error)
      {1558 - 1558}: Tuple(Crystal::Type, Hash(String, Crystal::TypeDeclarationProcessor::Error))
      {1559 - 1559}: Tuple(String, Crystal::TypeGuessVisitor::TypeInfo)
      {1560 - 1560}: Tuple(Crystal::ClassVarContainer, Hash(String, Crystal::TypeGuessVisitor::TypeInfo))
      {1561 - 1561}: Tuple(Crystal::ClassVarContainer, Hash(String, Crystal::TypeDeclarationProcessor::TypeDeclarationWithLocation))
      {1562 - 1562}: Tuple(String, Crystal::External)
      {1563 - 1563}: Tuple(Tuple(Int32, Int32), Tuple(Int32, Int32))
      {1564 - 1564}: Tuple(String, Hash(String, String) | String)
      {1565 - 1565}: Tuple(Nil, Char, Char)
      {1566 - 1566}: Tuple(Crystal::Token::DelimiterState, Crystal::Lexer::HeredocItem)
      {1567 - 1567}: Tuple(Crystal::Type, Crystal::Doc::Type)
      {1568 - 1568}: Tuple(HTTP::Request)
      {1569 - 1569}: Tuple(String, Set(String))
      {1570 - 1570}: Tuple(HTTP::Headers::Key, Array(String) | String)
      {1571 - 1571}: Tuple(String, HTTP::Cookie)
      {1572 - 1572}: Tuple(String, HTTP::FormData::FileMetadata)
      {1573 - 1573}: Tuple(Slice(UInt8))
      {1574 - 1574}: Tuple(HTTP::WebSocket::CloseCode, String)
      {1575 - 1575}: Tuple(HTTP::WebSocket, HTTP::Server::Context)
      {1576 - 1576}: Tuple(Int32, Crystal::Playground::Session)
      {1577 - 1577}: Tuple(Crystal::Location, Int32)
      {1578 - 1578}: Tuple(Crystal::Repl::ClassVars::Key, Crystal::Repl::ClassVars::Value)
      {1579 - 1579}: Tuple(Crystal::Const, Crystal::Repl::Constants::Value)
      {1580 - 1580}: Tuple(Tuple(UInt64, UInt64), Crystal::Repl::FFIClosureContext)
      {1581 - 1581}: Tuple(Crystal::Type, Array(Crystal::Repl::CompiledDef))
      {1582 - 1582}: Tuple(Crystal::Type, Int32)
      {1583 - 1583}: Tuple(Crystal::Repl::LocalVars::Key, Crystal::Type)
      {1584 - 1584}: Tuple(Crystal::Repl::LocalVars::Key, Int32)
      {1585 - 1585}: Tuple(IO, String)
      {1586 - 1586}: Tuple(IO, String, String)
      {1587 - 1587}: Tuple(Crystal::MacroInterpreter::MacroVarKey, String)
      {1588 - 1588}: Tuple(String, Crystal::Program::CompiledMacroRun)
      {1589 - 1589}: Tuple(String, Crystal::MacroType)
      {1590 - 1590}: Tuple(Crystal::Type, Crystal::CodeGenVisitor::ModuleInfo)
      {1591 - 1591}: Tuple(Crystal::CodeGenVisitor::StringKey, LLVM::Value)
      {1592 - 1592}: Tuple(Crystal::VirtualFile | String | Nil, LibLLVM::MetadataRef)
      {1593 - 1593}: Tuple(LLVM::Module, Hash(Crystal::VirtualFile | String | Nil, LibLLVM::MetadataRef))
      {1594 - 1594}: Tuple(Crystal::Type, LibLLVM::MetadataRef | Nil)
      {1595 - 1595}: Tuple(LLVM::Module, Hash(Crystal::Type, LibLLVM::MetadataRef | Nil))
      {1596 - 1596}: Tuple(LLVM::Module, Crystal::CodeGenVisitor::DIBuilder)
      {1597 - 1597}: Tuple(LLVM::Function, Array(Crystal::CodeGenVisitor::FunMetadata))
      {1598 - 1598}: Tuple(Tuple(String, String), LibLLVM::MetadataRef)
      {1599 - 1599}: Tuple(Crystal::Type, Tuple(Int32, Int32))
      {1600 - 1600}: Tuple(String, LLVM::Type)
      {1601 - 1601}: Tuple(Hash(String, Crystal), String)
      {1602 - 1602}: Tuple(Hash(String, Log::Metadata::Value), String)
      {1603 - 1603}: Tuple(Hash(String, JSON::Any), String)
      {1604 - 1604}: Tuple(Hash(String, Array(String) | String), String)
      {1605 - 1605}: Tuple(Hash(String, String), String)
      {1606 - 1606}: Tuple(Hash(String, Crystal::MetaVar), String)
      {1607 - 1607}: Tuple(Hash(String, Nil), String)
      {1608 - 1608}: Tuple(Hash(String, String | Nil), String)
      {1609 - 1609}: Tuple(Hash(Int32, Tuple(Int32, Int32, Int32)), Int32)
      {1610 - 1610}: Tuple(Hash(Int32, Tuple(Int32, Int32)), Int32)
      {1611 - 1611}: Tuple(Hash(Int64, Int32), Int64)
      {1612 - 1612}: Tuple(Hash(Crystal::AnnotationType, Array(Crystal::Annotation)), Crystal::AnnotationType)
      {1613 - 1613}: Tuple(Hash(Int32, Crystal::Expressions), Int32)
      {1614 - 1614}: Tuple(Hash(Int32, Array(Crystal::Lexer::LocPopPragma | Crystal::Lexer::LocPushPragma | Crystal::Lexer::LocSetPragma)), Int32)
      {1615 - 1615}: Tuple(Hash(String, Array(Crystal::DefWithMetadata)), String)
      {1616 - 1616}: Tuple(Hash(String, Array(Crystal::Macro)), String)
      {1617 - 1617}: Tuple(Hash(String, Crystal::ASTNode), String)
      {1618 - 1618}: Tuple(Hash(Crystal::Def, Array(Crystal::Type)), Crystal::Def)
      {1619 - 1619}: Tuple(Hash(Bool, Array(Crystal::ExhaustivenessChecker::Target)), Bool)
      {1620 - 1620}: Tuple(Hash(Crystal::Const, Array(Crystal::ExhaustivenessChecker::Target)), Crystal::Const)
      {1621 - 1621}: Tuple(Hash(String, Array(Crystal::ASTNode)), String)
      {1622 - 1622}: Tuple(Hash(String, Crystal::ASTNode | Crystal::Type), String)
      {1623 - 1623}: Tuple(Hash(String, Crystal::Arg), String)
      {1624 - 1624}: Tuple(Hash(Crystal::Def, Crystal::Def), Crystal::Def)
      {1625 - 1625}: Tuple(Hash(String, Crystal::Type), String)
      {1626 - 1626}: Tuple(Hash(String, Bool | Int32 | String), String)
      {1627 - 1627}: Tuple(Hash(String, Int32), String)
      {1628 - 1628}: Tuple(Hash(Crystal::Def, Int32), Crystal::Def)
      {1629 - 1629}: Tuple(Hash(String, Tuple(Int32, Crystal::Type)), String)
      {1630 - 1630}: Tuple(Hash(Int32, Crystal::ASTNode), Int32)
      {1631 - 1631}: Tuple(Hash(Crystal::Def, Crystal::Repl::CompiledDef), Crystal::Def)
      {1632 - 1632}: Tuple(Hash(Crystal::External, Crystal::Repl::LibFunction), Crystal::External)
      {1633 - 1633}: Tuple(Hash(Crystal::Repl::Context::MultidispatchKey, Crystal::Def), Crystal::Repl::Context::MultidispatchKey)
      {1634 - 1634}: Tuple(Hash(Pointer(Void), Crystal::Repl::CompiledDef), Pointer(Void))
      {1635 - 1635}: Tuple(Hash(Crystal::SyntaxHighlighter::TokenType, Colorize::Color256 | Colorize::ColorANSI | Colorize::ColorRGB), Crystal::SyntaxHighlighter::TokenType)
      {1636 - 1636}: Tuple(Hash(String, Crystal::CodeGenVisitor::ModuleInfo), String)
      {1637 - 1637}: Tuple(Hash(String, Crystal::CodeGenVisitor::LLVMVar), String)
      {1638 - 1638}: Tuple(Hash(Tuple(LLVM::Module, String), LLVM::Type), Tuple(LLVM::Module, String))
      {1639 - 1639}: Tuple(Hash(Crystal::ASTNode, Crystal::CodeGenVisitor::Handler), Crystal::ASTNode)
      {1640 - 1640}: Tuple(Hash(Int32, Int32), Int32)
      {1641 - 1641}: Tuple(Hash(Crystal::Type, LLVM::Type), Crystal::Type)
      {1642 - 1642}: Tuple(Hash(Tuple(UInt64, Symbol), Nil), Tuple(UInt64, Symbol))
      {1643 - 1643}: Tuple(Hash(UInt64, UInt64), UInt64)
      {1644 - 1644}: Tuple(Hash(Signal, Proc(Signal, Nil)), Signal)
      {1645 - 1645}: Tuple(Hash(Int32, Channel(Int32)), Int32)
      {1646 - 1646}: Tuple(Hash(String, NamedTuple(time: Time, location: Time::Location)), String)
      {1647 - 1647}: Tuple(Hash(Log::Backend, Log::Severity), Log::Backend)
      {1648 - 1648}: Tuple(Hash(String, WeakRef(Log)), String)
      {1649 - 1649}: Tuple(Hash(LLVM::Attribute, UInt32), LLVM::Attribute)
      {1650 - 1650}: Tuple(Hash(String, Crystal::NamedType), String)
      {1651 - 1651}: Tuple(Hash(Crystal::DefInstanceKey, Crystal::Def), Crystal::DefInstanceKey)
      {1652 - 1652}: Tuple(Hash(String, Crystal::MetaTypeVar), String)
      {1653 - 1653}: Tuple(Hash(Array(Crystal::ASTNode | Crystal::Type), Crystal::Type), Array(Crystal::ASTNode | Crystal::Type))
      {1654 - 1654}: Tuple(Hash(String, Crystal::TypeParameter), String)
      {1655 - 1655}: Tuple(Hash(Int32 | Range(Int32, Int32), Crystal::Def), Int32 | Range(Int32, Int32))
      {1656 - 1656}: Tuple(Hash(Array(Crystal::NamedArgumentType), Crystal::Type), Array(Crystal::NamedArgumentType))
      {1657 - 1657}: Tuple(Hash(Int32, Crystal::Def), Int32)
      {1658 - 1658}: Tuple(Hash(String, Crystal::FileModule), String)
      {1659 - 1659}: Tuple(Hash(Array(UInt64), Crystal::UnionType), Array(UInt64))
      {1660 - 1660}: Tuple(Hash(String, OptionParser::Handler), String)
      {1661 - 1661}: Tuple(Hash(String, Array(Int32)), String)
      {1662 - 1662}: Tuple(Hash(String, Tuple(Crystal::ASTNode, Crystal::ASTNode)), String)
      {1663 - 1663}: Tuple(Hash(Crystal::ClassVarContainer, Hash(String, Tuple(Crystal::ASTNode, Crystal::ASTNode))), Crystal::ClassVarContainer)
      {1664 - 1664}: Tuple(Hash(String, Crystal::TypeFilter), String)
      {1665 - 1665}: Tuple(Hash(String, Crystal::TypeDeclarationProcessor::TypeDeclarationWithLocation), String)
      {1666 - 1666}: Tuple(Hash(Crystal::Type, Hash(String, Crystal::TypeDeclarationProcessor::TypeDeclarationWithLocation)), Crystal::Type)
      {1667 - 1667}: Tuple(Hash(String, Crystal::TypeDeclarationProcessor::InstanceVarTypeInfo), String)
      {1668 - 1668}: Tuple(Hash(Crystal::Type, Hash(String, Crystal::TypeDeclarationProcessor::InstanceVarTypeInfo)), Crystal::Type)
      {1669 - 1669}: Tuple(Hash(Crystal::Type, Array(Crystal::TypeDeclarationProcessor::InitializeInfo)), Crystal::Type)
      {1670 - 1670}: Tuple(Hash(Crystal::Type, Array(String)), Crystal::Type)
      {1671 - 1671}: Tuple(Hash(String, Crystal::TypeDeclarationProcessor::InitializeInfo), String)
      {1672 - 1672}: Tuple(Hash(Crystal::Type, Hash(String, Crystal::TypeDeclarationProcessor::InitializeInfo)), Crystal::Type)
      {1673 - 1673}: Tuple(Hash(String, Crystal::TypeDeclarationProcessor::Error), String)
      {1674 - 1674}: Tuple(Hash(Crystal::Type, Hash(String, Crystal::TypeDeclarationProcessor::Error)), Crystal::Type)
      {1675 - 1675}: Tuple(Hash(String, Crystal::TypeGuessVisitor::TypeInfo), String)
      {1676 - 1676}: Tuple(Hash(Crystal::ClassVarContainer, Hash(String, Crystal::TypeGuessVisitor::TypeInfo)), Crystal::ClassVarContainer)
      {1677 - 1677}: Tuple(Hash(Crystal::ClassVarContainer, Hash(String, Crystal::TypeDeclarationProcessor::TypeDeclarationWithLocation)), Crystal::ClassVarContainer)
      {1678 - 1678}: Tuple(Hash(String, Crystal::External), String)
      {1679 - 1679}: Tuple(Hash(String, Array(String)), String)
      {1680 - 1680}: Tuple(Hash(String, Hash(String, String) | String), String)
      {1681 - 1681}: Tuple(Hash(Crystal::Type, Crystal::Doc::Type), Crystal::Type)
      {1682 - 1682}: Tuple(Hash(String, Set(String)), String)
      {1683 - 1683}: Tuple(Hash(HTTP::Headers::Key, Array(String) | String), HTTP::Headers::Key)
      {1684 - 1684}: Tuple(Hash(String, HTTP::Cookie), String)
      {1685 - 1685}: Tuple(Hash(Int32, Crystal::Playground::Session), Int32)
      {1686 - 1686}: Tuple(Hash(Crystal::Location, Int32), Crystal::Location)
      {1687 - 1687}: Tuple(Hash(Crystal::Repl::ClassVars::Key, Crystal::Repl::ClassVars::Value), Crystal::Repl::ClassVars::Key)
      {1688 - 1688}: Tuple(Hash(Crystal::Const, Crystal::Repl::Constants::Value), Crystal::Const)
      {1689 - 1689}: Tuple(Hash(Tuple(UInt64, UInt64), Crystal::Repl::FFIClosureContext), Tuple(UInt64, UInt64))
      {1690 - 1690}: Tuple(Hash(Crystal::Type, Array(Crystal::Repl::CompiledDef)), Crystal::Type)
      {1691 - 1691}: Tuple(Hash(Crystal::Type, Int32), Crystal::Type)
      {1692 - 1692}: Tuple(Hash(Crystal::Repl::LocalVars::Key, Crystal::Type), Crystal::Repl::LocalVars::Key)
      {1693 - 1693}: Tuple(Hash(Crystal::Repl::LocalVars::Key, Int32), Crystal::Repl::LocalVars::Key)
      {1694 - 1694}: Tuple(Hash(Crystal::MacroInterpreter::MacroVarKey, String), Crystal::MacroInterpreter::MacroVarKey)
      {1695 - 1695}: Tuple(Hash(String, Crystal::Program::CompiledMacroRun), String)
      {1696 - 1696}: Tuple(Hash(String, Crystal::MacroType), String)
      {1697 - 1697}: Tuple(Hash(Crystal::Type, Crystal::CodeGenVisitor::ModuleInfo), Crystal::Type)
      {1698 - 1698}: Tuple(Hash(Crystal::CodeGenVisitor::StringKey, LLVM::Value), Crystal::CodeGenVisitor::StringKey)
      {1699 - 1699}: Tuple(Hash(Crystal::VirtualFile | String | Nil, LibLLVM::MetadataRef), Crystal::VirtualFile | String | Nil)
      {1700 - 1700}: Tuple(Hash(LLVM::Module, Hash(Crystal::VirtualFile | String | Nil, LibLLVM::MetadataRef)), LLVM::Module)
      {1701 - 1701}: Tuple(Hash(Crystal::Type, LibLLVM::MetadataRef | Nil), Crystal::Type)
      {1702 - 1702}: Tuple(Hash(LLVM::Module, Hash(Crystal::Type, LibLLVM::MetadataRef | Nil)), LLVM::Module)
      {1703 - 1703}: Tuple(Hash(LLVM::Module, Crystal::CodeGenVisitor::DIBuilder), LLVM::Module)
      {1704 - 1704}: Tuple(Hash(LLVM::Function, Array(Crystal::CodeGenVisitor::FunMetadata)), LLVM::Function)
      {1705 - 1705}: Tuple(Hash(Tuple(String, String), LibLLVM::MetadataRef), Tuple(String, String))
      {1706 - 1706}: Tuple(Hash(Crystal::Type, Tuple(Int32, Int32)), Crystal::Type)
      {1707 - 1707}: Tuple(Hash(String, LLVM::Type), String)
      {1708 - 1708}: Tuple(Hash(Thread, Pointer(LibPCRE2::JITStack)), Thread)
      {1709 - 1709}: Tuple(Thread, Pointer(LibPCRE2::JITStack))
      {1710 - 1710}: Tuple(Hash(Thread, Pointer(LibPCRE2::MatchData)), Thread)
      {1711 - 1711}: Tuple(Thread, Pointer(LibPCRE2::MatchData))
      {1712 - 1712}: Tuple(Hash(Crystal::Type, Nil), Crystal::Type)
      {1713 - 1713}: Tuple(Crystal::Type, Nil)
      {1714 - 1714}: Tuple(Hash(Crystal::Def, Nil), Crystal::Def)
      {1715 - 1715}: Tuple(Crystal::Def, Nil)
      {1716 - 1716}: Tuple(Hash(Crystal::ASTNode, Nil), Crystal::ASTNode)
      {1717 - 1717}: Tuple(Crystal::ASTNode, Nil)
      {1718 - 1718}: Tuple(Hash(Int32, Nil), Int32)
      {1719 - 1719}: Tuple(Int32, Nil)
      {1720 - 1720}: Tuple(Int32, Socket::Address)
      {1721 - 1721}: Tuple(String, Int32, String)
      {1722 - 1722}: Tuple(String, Int32, String, Int32, String)
      {1723 - 1723}: Tuple(Bool, Int32)
      {1724 - 1724}: Tuple(String, String, String)
      {1725 - 1725}: Tuple(String, Crystal::TypeNode, String, Crystal::Location | Nil, String)
      {1726 - 1726}: Tuple(Hash::Entry(HTTP::Headers::Key, Array(String) | String), Int32)
      {1727 - 1727}: Tuple(Array(Tuple(Int32, Int32, Int32)), Array(Tuple(Int32, Int32, Int32)), Array(Tuple(Int32, Int32, Int32)), Array(Tuple(Int32, Int32, Int32)), Array(Tuple(Int32, Int32, Int32)))
      {1728 - 1728}: Tuple(Array(Tuple(Int32, Int32, Int32)), Array(Tuple(Int32, Int32, Int32)), Array(Tuple(Int32, Int32, Int32)))
      {1729 - 1729}: Tuple(Time::Location::Zone, Tuple(Int64, Int64))
      {1730 - 1730}: Tuple(String, String, String, String)
      {1731 - 1731}: Tuple(Int16, Int16)
      {1732 - 1732}: Tuple(String, String, Int32)
      {1733 - 1733}: Tuple(String, UInt64, String)
      {1734 - 1734}: Tuple(UInt64, Int32)
      {1735 - 1735}: Tuple(String, String | Nil, String)
      {1736 - 1736}: Tuple(Char, Char)
      {1737 - 1737}: Tuple(Char)
      {1738 - 1738}: Tuple(Int32, Errno)
      {1739 - 1739}: Tuple(String, String, IO::FileDescriptor, String)
      {1740 - 1740}: Tuple(Int64, Int64, Int64, Int64)
      {1741 - 1741}: Tuple(String, Int32 | UInt32)
      {1742 - 1742}: Tuple(Int32 | UInt32, Int32)
      {1743 - 1743}: Tuple(String, Int32 | UInt32, String, Int32 | UInt32, String)
      {1744 - 1744}: Tuple(Bool, Int32 | UInt32)
      {1745 - 1745}: Tuple(Int32, Int32 | UInt32)
      {1746 - 1746}: Tuple(String, UInt16)
      {1747 - 1747}: Tuple(Char, Int32)
      {1748 - 1748}: Tuple(StaticArray(UInt8, 4), Int32)
      {1749 - 1749}: Tuple(String, UInt8)
      {1750 - 1750}: Tuple(UInt32, Int32 | UInt32)
      {1751 - 1751}: Tuple(String, Crystal::DWARF::FORM)
      {1752 - 1752}: Tuple(String, UInt32)
      {1753 - 1753}: Tuple(Hash(Int64, Array(Crystal::DWARF::Abbrev)), Int64)
      {1754 - 1754}: Tuple(Int64, Array(Crystal::DWARF::Abbrev))
      {1755 - 1755}: Tuple(Hash::Entry(Int64, Array(Crystal::DWARF::Abbrev)), Int32)
      {1756 - 1756}: Tuple(Crystal::DWARF::AT, Crystal::DWARF::FORM, Bool | Int32 | Int64 | Slice(UInt8) | String | UInt128 | UInt16 | UInt32 | UInt64 | UInt8)
      {1757 - 1757}: Tuple(Hash::Entry(Int32, Tuple(Int32, Int32, Int32)), Int32)
      {1758 - 1758}: Tuple(String, Int32 | UInt32 | UInt64)
      {1759 - 1759}: Tuple(Int32 | UInt32 | UInt64, Int32)
      {1760 - 1760}: Tuple(String, Int32 | UInt32 | UInt64, String, Int32 | UInt32 | UInt64, String)
      {1761 - 1761}: Tuple(Bool, Int32 | UInt32 | UInt64)
      {1762 - 1762}: Tuple(UInt32 | UInt64, Int32 | UInt32 | UInt64)
      {1763 - 1763}: Tuple(Bool, Bool)
      {1764 - 1764}: Tuple(String, Int32, Int32)
      {1765 - 1765}: Tuple(Errno, Errno)
      {1766 - 1766}: Tuple(String | Nil, String | Nil)
      {1767 - 1767}: Tuple(Char, Char, Char, Char, Char, Char, Char, Char)
      {1768 - 1768}: Tuple(Char, Char, Char, Char, Char, Char, Char, Char, Char, Char, Char)
      {1769 - 1769}: Tuple(Nil, String)
      {1770 - 1770}: Tuple(Nil, Nil)
      {1771 - 1771}: Tuple(Char::Reader, Bool, Int32)
      {1772 - 1772}: Tuple(Int64, String, String)
      {1773 - 1773}: Tuple(String, String, IO::FileDescriptor, String)
      {1774 - 1774}: Tuple(Channel::SelectState, Bool)
      {1775 - 1775}: Tuple(String, Crystal::EventLoop::Polling::Event, String)
      {1776 - 1776}: Tuple(String, String, Socket, String)
      {1777 - 1777}: Tuple(String, Range(UInt64, UInt64))
      {1778 - 1778}: Tuple(String, UInt64)
      {1779 - 1779}: Tuple(Int32, Int32, Int32, Int32)
      {1780 - 1780}: Tuple(Int32, Int32, Int32, Int32, Int32, Int32, Int32, Int32, Int32, Int32, Int32, Int32, Int32)
      {1781 - 1781}: Tuple(Char, Int32, Int32, Int32)
      {1782 - 1782}: Tuple(String, Int64)
      {1783 - 1783}: Tuple(String, HTTP::Cookie::SameSite)
      {1784 - 1784}: Tuple(Hash::Entry(Int32, Array(Crystal::Lexer::LocPopPragma | Crystal::Lexer::LocPushPragma | Crystal::Lexer::LocSetPragma)), Int32)
      {1785 - 1785}: Tuple(Crystal::Type, String)
      {1786 - 1786}: Tuple(String, Crystal::Var, String, Crystal::Location | Nil, String)
      {1787 - 1787}: Tuple(String, Crystal::SymbolLiteral, String, Crystal::Location | Nil, String)
      {1788 - 1788}: Tuple(String, Crystal::ASTNode, String, Crystal::Location | Nil, String)
      {1789 - 1789}: Tuple(String, String, String, String, String)
      {1790 - 1790}: Tuple(Hash::Entry(Int32, Crystal::Expressions), Int32)
      {1791 - 1791}: Tuple(String, Crystal::Splat, String, Crystal::Location | Nil, String)
      {1792 - 1792}: Tuple(String, Crystal::Type, String)
      {1793 - 1793}: Tuple(Hash::Entry(String, Array(Crystal::DefWithMetadata)), Int32)
      {1794 - 1794}: Tuple(String, String, UInt64)
      {1795 - 1795}: Tuple(String, LibPCRE2::Error)
      {1796 - 1796}: Tuple(Hash::Entry(Thread, Pointer(LibPCRE2::MatchData)), Int32)
      {1797 - 1797}: Tuple(String, Regex::MatchOptions)
      {1798 - 1798}: Tuple(Hash::Entry(Thread, Pointer(LibPCRE2::JITStack)), Int32)
      {1799 - 1799}: Tuple(String, Int32 | Nil)
      {1800 - 1800}: Tuple(String, Crystal::Codegen::Target)
      {1801 - 1801}: Tuple(Hash::Entry(String, Nil), Int32)
      {1802 - 1802}: Tuple(Hash::Entry(String, Crystal::ASTNode | Crystal::Type), Int32)
      {1803 - 1803}: Tuple(Array(String))
      {1804 - 1804}: Tuple(Hash::Entry(Array(Crystal::ASTNode | Crystal::Type), Crystal::Type), Int32)
      {1805 - 1805}: Tuple(Char, Char, Char, Char)
      {1806 - 1806}: Tuple(UInt8, UInt8)
      {1807 - 1807}: Tuple(UInt64, Bool)
      {1808 - 1808}: Tuple(Crystal::Type, Crystal::Type)
      {1809 - 1809}: Tuple(Hash::Entry(String, Crystal::TypeParameter), Int32)
      {1810 - 1810}: Tuple(Array(Crystal::Type), Crystal::Type | Nil)
      {1811 - 1811}: Tuple(Nil, Crystal::Type | Nil)
      {1812 - 1812}: Tuple(Array(Crystal::Type) | Nil, Crystal::Type | Nil)
      {1813 - 1813}: Tuple(Crystal::Type, UInt64)
      {1814 - 1814}: Tuple(Tuple(Crystal::Type, UInt64), Tuple(Crystal::Type, UInt64))
      {1815 - 1815}: Tuple(String, Tuple(Crystal::Type, UInt64), String, Tuple(Crystal::Type, UInt64), String)
      {1816 - 1816}: Tuple(Hash::Entry(Array(UInt64), Crystal::UnionType), Int32)
      {1817 - 1817}: Tuple(Tuple(Crystal::Type, String), Tuple(Crystal::Type, String))
      {1818 - 1818}: Tuple(String, Tuple(Crystal::Type, String), String, Tuple(Crystal::Type, String), String)
      {1819 - 1819}: Tuple(Hash::Entry(String, Crystal::ASTNode), Int32)
      {1820 - 1820}: Tuple(String, String, String, String, String, Crystal::Type, String, String, String)
      {1821 - 1821}: Tuple(String, Crystal::MetaTypeVar, String, Crystal::Location | Nil, String)
      {1822 - 1822}: Tuple(Hash::Entry(Array(Crystal::NamedArgumentType), Crystal::Type), Int32)
      {1823 - 1823}: Tuple(Crystal::Type)
      {1824 - 1824}: Tuple(Crystal::NamedArgumentType, String)
      {1825 - 1825}: Tuple(Tuple(Crystal::NamedArgumentType, String), Tuple(Crystal::NamedArgumentType, String))
      {1826 - 1826}: Tuple(String, Tuple(Crystal::NamedArgumentType, String), String, Tuple(Crystal::NamedArgumentType, String), String)
      {1827 - 1827}: Tuple(Array(Crystal::NamedArgumentType))
      {1828 - 1828}: Tuple(Crystal::NamedArgumentType, Crystal::NamedArgumentType)
      {1829 - 1829}: Tuple(Array(Crystal::Type))
      {1830 - 1830}: Tuple(Crystal::GenericInstanceType)
      {1831 - 1831}: Tuple(String, String, String, Crystal::Type, String, Crystal::Type)
      {1832 - 1832}: Tuple(String, String, String, String, Crystal::Type, String, Crystal::Type, String, Crystal::Type)
      {1833 - 1833}: Tuple(String, Crystal::Type, String, Crystal::Type)
      {1834 - 1834}: Tuple(Crystal::AliasType)
      {1835 - 1835}: Tuple(Crystal::VirtualType)
      {1836 - 1836}: Tuple(Crystal::GenericClassType)
      {1837 - 1837}: Tuple(Crystal::GenericModuleInstanceType)
      {1838 - 1838}: Tuple(Crystal::GenericModuleType)
      {1839 - 1839}: Tuple(Crystal::UnionType)
      {1840 - 1840}: Tuple(Hash::Entry(Crystal::Type, Nil), Int32)
      {1841 - 1841}: Tuple(Crystal::Var, Crystal::Type)
      {1842 - 1842}: Tuple(String, Int32, String, Crystal::Type, String, Crystal::Type)
      {1843 - 1843}: Tuple(String, Crystal::PointerInstanceType, String, Crystal::GenericClassType | Crystal::GenericModuleType)
      {1844 - 1844}: Tuple(String, Crystal::Arg, String, Crystal::Location | Nil, String)
      {1845 - 1845}: Tuple(String, Crystal::Def, String, Crystal::Location | Nil, String)
      {1846 - 1846}: Tuple(String, Crystal::NumberKind)
      {1847 - 1847}: Tuple(Hash::Entry(Crystal::ASTNode, Nil), Int32)
      {1848 - 1848}: Tuple(String, Crystal::Path, String, Crystal::ASTNode, String)
      {1849 - 1849}: Tuple(Crystal::ReadInstanceVar)
      {1850 - 1850}: Tuple(String, Crystal::PrimitiveType, String)
      {1851 - 1851}: Tuple(String, Crystal::EnumType, String)
      {1852 - 1852}: Tuple(Hash::Entry(String, Crystal::MetaTypeVar), Int32)
      {1853 - 1853}: Tuple(String, Crystal::Call, String, Crystal::Location | Nil, String)
      {1854 - 1854}: Tuple(Hash::Entry(UInt64, UInt64), Int32)
      {1855 - 1855}: Tuple(Hash::Entry(String, Crystal::FileModule), Int32)
      {1856 - 1856}: Tuple(Crystal::Type, String, String)
      {1857 - 1857}: Tuple(String, String, String, String, String, Crystal::GenericClassType | Crystal::GenericModuleType, String)
      {1858 - 1858}: Tuple(Crystal::Path)
      {1859 - 1859}: Tuple(Array(String), Bool, Bool, Crystal::Location | Nil)
      {1860 - 1860}: Tuple(String, Crystal::ASTNode | Crystal::Type, String)
      {1861 - 1861}: Tuple(Hash::Entry(String, Crystal::NamedType), Int32)
      {1862 - 1862}: Tuple(Array(String), Bool)
      {1863 - 1863}: Tuple(String, Crystal::Path, String, String, String)
      {1864 - 1864}: Tuple(String, Crystal::Path)
      {1865 - 1865}: Tuple(Crystal::Path, String)
      {1866 - 1866}: Tuple(String, Crystal::ModuleType, String)
      {1867 - 1867}: Tuple(Int32, String)
      {1868 - 1868}: Tuple(String, String, String, Crystal::ModuleType, String, Int32, String, String, String)
      {1869 - 1869}: Tuple(String, String, String, Crystal::ModuleType, String, Int32, String, Int32, String)
      {1870 - 1870}: Tuple(Crystal::Const | Nil, String)
      {1871 - 1871}: Tuple(Hash::Entry(String, Crystal::MetaVar), Int32)
      {1872 - 1872}: Tuple(Crystal::MetaVar, Bool)
      {1873 - 1873}: Tuple(String, Crystal::Type, String, Crystal::NoReturnType)
      {1874 - 1874}: Tuple(String, Crystal::GenericClassType)
      {1875 - 1875}: Tuple(String, Crystal::Type, String, String)
      {1876 - 1876}: Tuple(String, Crystal::NumberLiteral, String, Crystal::Location | Nil, String)
      {1877 - 1877}: Tuple(Int8, Int8)
      {1878 - 1878}: Tuple(Int128, Int128)
      {1879 - 1879}: Tuple(UInt16, UInt16)
      {1880 - 1880}: Tuple(UInt32, UInt32)
      {1881 - 1881}: Tuple(UInt128, UInt128)
      {1882 - 1882}: Tuple(UInt128 | UInt64, UInt128 | UInt64)
      {1883 - 1883}: Tuple(UInt128 | UInt32 | UInt64, UInt128 | UInt32 | UInt64)
      {1884 - 1884}: Tuple(UInt128 | UInt16 | UInt32 | UInt64, UInt128 | UInt16 | UInt32 | UInt64)
      {1885 - 1885}: Tuple(UInt128 | UInt16 | UInt32 | UInt64 | UInt8, UInt128 | UInt16 | UInt32 | UInt64 | UInt8)
      {1886 - 1886}: Tuple(Int128 | UInt128 | UInt16 | UInt32 | UInt64 | UInt8, Int128 | UInt128 | UInt16 | UInt32 | UInt64 | UInt8)
      {1887 - 1887}: Tuple(Int128 | Int64 | UInt128 | UInt16 | UInt32 | UInt64 | UInt8, Int128 | Int64 | UInt128 | UInt16 | UInt32 | UInt64 | UInt8)
      {1888 - 1888}: Tuple(Int128 | Int32 | Int64 | UInt128 | UInt16 | UInt32 | UInt64 | UInt8, Int128 | Int32 | Int64 | UInt128 | UInt16 | UInt32 | UInt64 | UInt8)
      {1889 - 1889}: Tuple(Int128 | Int16 | Int32 | Int64 | UInt128 | UInt16 | UInt32 | UInt64 | UInt8, Int128 | Int16 | Int32 | Int64 | UInt128 | UInt16 | UInt32 | UInt64 | UInt8)
      {1890 - 1890}: Tuple(Int128 | Int16 | Int32 | Int64 | Int8 | UInt128 | UInt16 | UInt32 | UInt64 | UInt8, Int128 | Int16 | Int32 | Int64 | Int8 | UInt128 | UInt16 | UInt32 | UInt64 | UInt8)
      {1891 - 1891}: Tuple(Crystal::ModuleType)
      {1892 - 1892}: Tuple(String, Crystal::Type, String, Crystal::ASTNode, String)
      {1893 - 1893}: Tuple(Array(Crystal::ASTNode))
      {1894 - 1894}: Tuple(String, Crystal::ASTNode, String, Crystal::ASTNode | Crystal::Type, String)
      {1895 - 1895}: Tuple(String, Crystal::ASTNode, String, String)
      {1896 - 1896}: Tuple(String, Crystal::Type | Nil)
      {1897 - 1897}: Tuple(Array(Crystal::ASTNode), Array(Crystal::ASTNode))
      {1898 - 1898}: Tuple(Crystal::Const, String)
      {1899 - 1899}: Tuple(String, Crystal::NonGenericModuleType, String, Crystal::ASTNode)
      {1900 - 1900}: Tuple(String, Crystal::Type, String, Crystal::ASTNode)
      {1901 - 1901}: Tuple(String, Crystal::AutocastType, String, Crystal::ASTNode)
      {1902 - 1902}: Tuple(String, Crystal::GenericInstanceType, String, Crystal::ASTNode)
      {1903 - 1903}: Tuple(String, String, String, Crystal::ModuleType, String, String, String, Int32, String)
      {1904 - 1904}: Tuple(String, Crystal::ProcInstanceType, String, Crystal::ASTNode)
      {1905 - 1905}: Tuple(String, Crystal::TupleInstanceType, String, Crystal::ASTNode)
      {1906 - 1906}: Tuple(Crystal::Type, Crystal::ASTNode)
      {1907 - 1907}: Tuple(Crystal::ASTNode, Crystal::Type)
      {1908 - 1908}: Tuple(String, Crystal::NamedTupleInstanceType, String, Crystal::ASTNode)
      {1909 - 1909}: Tuple(String, Crystal::VirtualType, String, Crystal::ASTNode)
      {1910 - 1910}: Tuple(Hash::Entry(String, Crystal::TypeFilter), Int32)
      {1911 - 1911}: Tuple(Crystal::Path, String, String)
      {1912 - 1912}: Tuple(String, String, String, Int32, String, String, String)
      {1913 - 1913}: Tuple(String, String, String, Crystal::Type)
      {1914 - 1914}: Tuple(String, String, String, Crystal::Type, String, String, String, String, String)
      {1915 - 1915}: Tuple(String, Crystal::ASTNode.class)
      {1916 - 1916}: Tuple(String, Crystal::MetaVar, String, Crystal::Location | Nil, String)
      {1917 - 1917}: Tuple(Crystal::InstanceVar)
      {1918 - 1918}: Tuple(String, String, String, Crystal::Type, String)
      {1919 - 1919}: Tuple(String, Array(Crystal::ASTNode), Array(Crystal::NamedArgument) | Nil)
      {1920 - 1920}: Tuple(Hash::Entry(String, Array(Crystal::Macro)), Int32)
      {1921 - 1921}: Tuple(String, String, String, Crystal::Path)
      {1922 - 1922}: Tuple(String, String, String, String, String, Int32, String, Int32, String)
      {1923 - 1923}: Tuple(String, String, String, Int32, String)
      {1924 - 1924}: Tuple(Char, Char, Char, Char, Char)
      {1925 - 1925}: Tuple(Char, Char, Char)
      {1926 - 1926}: Tuple(String, Crystal::NumberKind, String)
      {1927 - 1927}: Tuple(String, String, Int64.class | UInt64.class)
      {1928 - 1928}: Tuple(String, String, Int64.class, String, String)
      {1929 - 1929}: Tuple(String, String, Crystal::VirtualFile | String, String, Int32)
      {1930 - 1930}: Tuple(Crystal::VirtualFile | String | Nil)
      {1931 - 1931}: Tuple(Crystal::VirtualFile | String | Nil, String, Int32, String, Int32)
      {1932 - 1932}: Tuple(String, String, Int32, String, Int32)
      {1933 - 1933}: Tuple(String, String, Int32 | Nil, String, Int32 | Nil)
      {1934 - 1934}: Tuple(Array(String), Int32)
      {1935 - 1935}: Tuple(String, UInt32, String, UInt32, String)
      {1936 - 1936}: Tuple(Bool, UInt32)
      {1937 - 1937}: Tuple(Int32, UInt64)
      {1938 - 1938}: Tuple(UInt64, UInt64, UInt64)
      {1939 - 1939}: Tuple(String, Char, String)
      {1940 - 1940}: Tuple(String, String, UInt64.class, String, String)
      {1941 - 1941}: Tuple(String, String, Int64.class | UInt64.class, String, String)
      {1942 - 1942}: Tuple(Char, Char, Char, Char, Char, Char)
      {1943 - 1943}: Tuple(Char, Char, Char, Char, Char, Char, Char)
      {1944 - 1944}: Tuple(Char, Char, Char, Char, Char, Char, Char, Char, Char)
      {1945 - 1945}: Tuple(String, Char | String, String)
      {1946 - 1946}: Tuple(Char | String, Char | String, Char, Char, Char, Char, Char)
      {1947 - 1947}: Tuple(Crystal::Token::Kind, Crystal::Token::Kind, Crystal::Token::Kind, Crystal::Token::Kind, Crystal::Token::Kind, Crystal::Token::Kind)
      {1948 - 1948}: Tuple(String, Crystal::Token::Kind, String, Crystal::Token, String)
      {1949 - 1949}: Tuple(String, String, String, Crystal::Token)
      {1950 - 1950}: Tuple(Crystal::Token::DelimiterState, Crystal::StringInterpolation)
      {1951 - 1951}: Tuple(String, Crystal::Token::Kind, String, Crystal::Token)
      {1952 - 1952}: Tuple(String, Crystal::Token, String)
      {1953 - 1953}: Tuple(String, Crystal::Keyword, String, Crystal::Token, String)
      {1954 - 1954}: Tuple(String, Crystal::Token)
      {1955 - 1955}: Tuple(Crystal::ASTNode, Crystal::Location)
      {1956 - 1956}: Tuple(Crystal::ASTNode, Crystal::Location | Nil)
      {1957 - 1957}: Tuple(String, String, String, Crystal::Token::Kind, String)
      {1958 - 1958}: Tuple(String, Crystal::Token::Kind)
      {1959 - 1959}: Tuple(Crystal::Var, Bool, Array(Crystal::ASTNode) | Nil)
      {1960 - 1960}: Tuple(Array(Crystal::Var), Int32 | Nil, Hash(Int32, Crystal::Expressions) | Nil)
      {1961 - 1961}: Tuple(String, Crystal::ASTNode, String, Crystal::ASTNode.class, String)
      {1962 - 1962}: Tuple(Crystal::ExceptionHandler, Crystal::Location)
      {1963 - 1963}: Tuple(String, Crystal::ASTNode, String)
      {1964 - 1964}: Tuple(Bool, Crystal::Location)
      {1965 - 1965}: Tuple(Crystal::NumberLiteral)
      {1966 - 1966}: Tuple(Crystal::Keyword, Crystal::Keyword, Crystal::Keyword, Crystal::Keyword, Crystal::Keyword)
      {1967 - 1967}: Tuple(String, Char | Crystal::Keyword | String | Nil, String)
      {1968 - 1968}: Tuple(String, String | Nil, Bool | Nil, Bool | Nil)
      {1969 - 1969}: Tuple(Array(String) | Nil, Int32 | Nil)
      {1970 - 1970}: Tuple(Crystal::Keyword, Crystal::Keyword, Crystal::Keyword)
      {1971 - 1971}: Tuple(String, Crystal::TupleLiteral, String)
      {1972 - 1972}: Tuple(String, String, String, String, String, Crystal::ASTNode, String)
      {1973 - 1973}: Tuple(Bool, Bool, Bool, Bool)
      {1974 - 1974}: Tuple(Crystal::ASTNode)
      {1975 - 1975}: Tuple(String, Crystal::Token::Kind, String, String, String)
      {1976 - 1976}: Tuple(Crystal::Token::DelimiterState, Bool, Regex::Options, Crystal::Location)
      {1977 - 1977}: Tuple(Crystal::StringInterpolation)
      {1978 - 1978}: Tuple(Crystal::Token::Kind)
      {1979 - 1979}: Tuple(String, String, String, Crystal::Token::Kind, String, Char | Crystal::Keyword | String | Nil, String, Crystal::Location)
      {1980 - 1980}: Tuple(Char, String)
      {1981 - 1981}: Tuple(Hash(Char, String), Char)
      {1982 - 1982}: Tuple(Hash::Entry(Char, String), Int32)
      {1983 - 1983}: Tuple(Crystal::ASTNode, Int32)
      {1984 - 1984}: Tuple(Crystal::Keyword)
      {1985 - 1985}: Tuple(Crystal::Keyword, Crystal::Keyword)
      {1986 - 1986}: Tuple(Crystal::Token::DelimiterState, Crystal::Formatter::HeredocInfo)
      {1987 - 1987}: Tuple(Array(Crystal::Formatter::AlignInfo), Crystal::Formatter::AlignInfo | Nil)
      {1988 - 1988}: Tuple(Nil, Crystal::Formatter::AlignInfo | Nil)
      {1989 - 1989}: Tuple(Array(Crystal::Formatter::AlignInfo) | Nil, Crystal::Formatter::AlignInfo | Nil)
      {1990 - 1990}: Tuple(Bool, Bool, Int32)
      {1991 - 1991}: Tuple(Crystal::Token::Kind, Crystal::Token::Kind)
      {1992 - 1992}: Tuple(Crystal::Formatter::AlignInfo, Int32)
      {1993 - 1993}: Tuple(Hash::Entry(Int32, Nil), Int32)
      {1994 - 1994}: Tuple(Crystal::Formatter, String)
      {1995 - 1995}: Tuple(Crystal::SymbolLiteral)
      {1996 - 1996}: Tuple(String, Crystal::Location | Nil, String, Crystal::ASTNode.class)
      {1997 - 1997}: Tuple(Bool | Nil, Bool, Int32)
      {1998 - 1998}: Tuple(String, Crystal::Location | Nil)
      {1999 - 1999}: Tuple(String, Crystal::ASTNode.class, String, Crystal::Location | Nil)
      {2000 - 2000}: Tuple(IO::FileDescriptor, IO::FileDescriptor)
      {2001 - 2001}: Tuple(String, IO::FileDescriptor)
      {2002 - 2002}: Tuple(Crystal::Type | Nil, String)
      {2003 - 2003}: Tuple(String, String, String, Crystal::VirtualFile | String | Nil, String, Int32 | Nil, String)
      {2004 - 2004}: Tuple(Fiber)
      {2005 - 2005}: Tuple(Process::Redirect, IO::FileDescriptor)
      {2006 - 2006}: Tuple(String::Builder, IO::FileDescriptor)
      {2007 - 2007}: Tuple(Channel::DeliveryState, Exception | Nil)
      {2008 - 2008}: Tuple(Channel::DeliveryState, Channel::UseDefault)
      {2009 - 2009}: Tuple(Channel::DeliveryState, Channel::UseDefault | Exception | Nil)
      {2010 - 2010}: Tuple(Channel::DeliveryState, Int32)
      {2011 - 2011}: Tuple(Channel::DeliveryState, Channel::UseDefault | Int32)
      {2012 - 2012}: Tuple(String, String, String, String | Nil)
      {2013 - 2013}: Tuple(String, String, String, Process::Status)
      {2014 - 2014}: Tuple(String, String, String, Process::Status, String, String, String)
      {2015 - 2015}: Tuple(Int32 | Nil, Int32 | Nil)
      {2016 - 2016}: Tuple(String, Colorize::Object(String), String)
      {2017 - 2017}: Tuple(Hash::Entry(Crystal::SyntaxHighlighter::TokenType, Colorize::Color256 | Colorize::ColorANSI | Colorize::ColorRGB), Int32)
      {2018 - 2018}: Tuple(String, Symbol)
      {2019 - 2019}: Tuple(Crystal::Assign)
      {2020 - 2020}: Tuple(String, Crystal::Expressions)
      {2021 - 2021}: Tuple(Crystal::Call)
      {2022 - 2022}: Tuple(String | Nil, String)
      {2023 - 2023}: Tuple(Float64)
      {2024 - 2024}: Tuple(UInt32, Bool)
      {2025 - 2025}: Tuple(Int32 | Int64, Int32)
      {2026 - 2026}: Tuple(String, Int32, String, Int32, String, String | Nil, String, String | Nil, String)
      {2027 - 2027}: Tuple(String, String, String, Crystal::EnumType)
      {2028 - 2028}: Tuple(String, String, String, Crystal::EnumType | Crystal::Type)
      {2029 - 2029}: Tuple(String, String, String, Crystal::EnumType | Crystal::NamedType)
      {2030 - 2030}: Tuple(Crystal::ModuleType, String, Crystal::NamedType | Nil)
      {2031 - 2031}: Tuple(String, String, String, Crystal::Type, String, Crystal::IntegerType)
      {2032 - 2032}: Tuple(String, String, String, String, Crystal::Type, String, Crystal::Type, String, Crystal::IntegerType)
      {2033 - 2033}: Tuple(String, Crystal::Type, String, Crystal::IntegerType)
      {2034 - 2034}: Tuple(String, Crystal::ClassType, String, Crystal::NonGenericClassType, String, Crystal::Type | Nil, String)
      {2035 - 2035}: Tuple(String, String, String, Crystal::Path, String, String, String, Crystal::NonGenericClassType, String)
      {2036 - 2036}: Tuple(String, Crystal::NonGenericClassType)
      {2037 - 2037}: Tuple(Hash::Entry(Crystal::AnnotationType, Array(Crystal::Annotation)), Int32)
      {2038 - 2038}: Tuple(String, Hash(Int32, Array(Crystal::Lexer::LocPopPragma | Crystal::Lexer::LocPushPragma | Crystal::Lexer::LocSetPragma)) | Nil)
      {2039 - 2039}: Tuple(Crystal::NamedType, String, String)
      {2040 - 2040}: Tuple(String, Crystal::Path, String)
      {2041 - 2041}: Tuple(String, Crystal::Path, String, String)
      {2042 - 2042}: Tuple(String | Nil, String, String)
      {2043 - 2043}: Tuple(String, String, String, Int32, String, Int32, String)
      {2044 - 2044}: Tuple(Crystal::Arg, String)
      {2045 - 2045}: Tuple(Tuple(Crystal::Arg, String), Tuple(Crystal::Arg, String))
      {2046 - 2046}: Tuple(String, Tuple(Crystal::Arg, String), String, Tuple(Crystal::Arg, String), String)
      {2047 - 2047}: Tuple(String, Crystal::LibType)
      {2048 - 2048}: Tuple(String, Crystal::GenericClassInstanceMetaclassType)
      {2049 - 2049}: Tuple(String, Crystal::GenericModuleInstanceMetaclassType)
      {2050 - 2050}: Tuple(Array(Crystal::Arg))
      {2051 - 2051}: Tuple(Crystal::Arg, Crystal::Arg)
      {2052 - 2052}: Tuple(String, String, String, Crystal::Type, String, Crystal::NilType)
      {2053 - 2053}: Tuple(String, Crystal::Type, String, Crystal::NilType)
      {2054 - 2054}: Tuple(Crystal::Def)
      {2055 - 2055}: Tuple(String, String, Crystal::Location)
      {2056 - 2056}: Tuple(Crystal::Type, String, String)
      {2057 - 2057}: Tuple(String, Crystal::Type, String)
      {2058 - 2058}: Tuple(String, Crystal::HookKind, String)
      {2059 - 2059}: Tuple(String, Crystal::Type)
      {2060 - 2060}: Tuple(Crystal::MacroId, Crystal::ASTNode)
      {2061 - 2061}: Tuple(Crystal::MacroId, Crystal::TypeNode)
      {2062 - 2062}: Tuple(String, String, String, Crystal::ASTNode)
      {2063 - 2063}: Tuple(String, Crystal::EnumType, String, String, String)
      {2064 - 2064}: Tuple(String, Crystal::Arg, String, Crystal::IntegerType)
      {2065 - 2065}: Tuple(Array(Crystal::ASTNode), Array(Crystal::NamedArgument) | Nil)
      {2066 - 2066}: Tuple(String, Char, String, Char)
      {2067 - 2067}: Tuple(Hash(Char, Char), Char)
      {2068 - 2068}: Tuple(Hash::Entry(Char, Char), Int32)
      {2069 - 2069}: Tuple(String, String, Char, String)
      {2070 - 2070}: Tuple(String, String, String, String, String, String)
      {2071 - 2071}: Tuple(String, String, String, String, String, String, String, String)
      {2072 - 2072}: Tuple(String, String, Time::Span, String | Nil)
      {2073 - 2073}: Tuple(Crystal::Var)
      {2074 - 2074}: Tuple(String, Array(Crystal::Def), Bool)
      {2075 - 2075}: Tuple(Hash::Entry(String, Crystal::External), Int32)
      {2076 - 2076}: Tuple(String, Crystal::External, String, Crystal::Location | Nil, String)
      {2077 - 2077}: Tuple(String, String, Crystal::NonGenericClassType, String, String, String)
      {2078 - 2078}: Tuple(String, Crystal::ModuleType)
      {2079 - 2079}: Tuple(Hash::Entry(Crystal::Type, Hash(String, Crystal::TypeDeclarationProcessor::TypeDeclarationWithLocation)), Int32)
      {2080 - 2080}: Tuple(String, String, String, Crystal::ModuleType, String)
      {2081 - 2081}: Tuple(Hash::Entry(Crystal::ClassVarContainer, Hash(String, Crystal::TypeDeclarationProcessor::TypeDeclarationWithLocation)), Int32)
      {2082 - 2082}: Tuple(String, Crystal::ClassVarContainer)
      {2083 - 2083}: Tuple(Hash::Entry(Crystal::Type, Hash(String, Crystal::TypeDeclarationProcessor::Error)), Int32)
      {2084 - 2084}: Tuple(Hash::Entry(Crystal::Type, Array(String)), Int32)
      {2085 - 2085}: Tuple(String, String, String, Crystal::ClassVarContainer, String)
      {2086 - 2086}: Tuple(Hash::Entry(String, Crystal::Arg), Int32)
      {2087 - 2087}: Tuple(Hash::Entry(String, Crystal::TypeDeclarationProcessor::TypeDeclarationWithLocation), Int32)
      {2088 - 2088}: Tuple(Hash::Entry(Crystal::Type, Hash(String, Crystal::TypeDeclarationProcessor::InstanceVarTypeInfo)), Int32)
      {2089 - 2089}: Tuple(Hash::Entry(String, Crystal::TypeDeclarationProcessor::InstanceVarTypeInfo), Int32)
      {2090 - 2090}: Tuple(String, Crystal::Generic | Crystal::Path, String, String)
      {2091 - 2091}: Tuple(Crystal::CallSignature, Crystal::VirtualMetaclassType)
      {2092 - 2092}: Tuple(Crystal::CallSignature, Crystal::VirtualMetaclassType, Crystal::Type, Nil)
      {2093 - 2093}: Tuple(Crystal::CallSignature, Crystal::VirtualMetaclassType, Crystal::Type, Array(Crystal::Match) | Nil)
      {2094 - 2094}: Tuple(Crystal::CallSignature, Crystal::Type, Crystal::Type, Nil)
      {2095 - 2095}: Tuple(Crystal::CallSignature, Crystal::VirtualType)
      {2096 - 2096}: Tuple(Crystal::CallSignature, Crystal::VirtualType, Crystal::Type, Nil)
      {2097 - 2097}: Tuple(Crystal::CallSignature, Crystal::VirtualType, Crystal::Type, Array(Crystal::Match) | Nil)
      {2098 - 2098}: Tuple(Crystal::CallSignature, Crystal::Type, Crystal::Type)
      {2099 - 2099}: Tuple(Crystal::CallSignature, Crystal::Type, Crystal::Type, Array(Crystal::Match) | Nil)
      {2100 - 2100}: Tuple(Hash(Crystal::Type, Crystal::Matches), Crystal::Type)
      {2101 - 2101}: Tuple(Crystal::Type, Crystal::Matches)
      {2102 - 2102}: Tuple(Hash::Entry(Crystal::Type, Crystal::Matches), Int32)
      {2103 - 2103}: Tuple(Crystal::CallSignature)
      {2104 - 2104}: Tuple(Array(Crystal::Type) | Nil, Array(Crystal::Type) | Nil)
      {2105 - 2105}: Tuple(Hash::Entry(Crystal::ClassVarContainer, Hash(String, Crystal::TypeGuessVisitor::TypeInfo)), Int32)
      {2106 - 2106}: Tuple(Hash::Entry(String, Crystal::TypeGuessVisitor::TypeInfo), Int32)
      {2107 - 2107}: Tuple(Hash::Entry(String, Crystal::TypeDeclarationProcessor::Error), Int32)
      {2108 - 2108}: Tuple(Hash::Entry(Crystal::Type, Array(Crystal::TypeDeclarationProcessor::InitializeInfo)), Int32)
      {2109 - 2109}: Tuple(Crystal::Type, Crystal::NilType)
      {2110 - 2110}: Tuple(Int32, Int32, String)
      {2111 - 2111}: Tuple(Crystal::Type, Tuple(Int32, Int32, String))
      {2112 - 2112}: Tuple(Tuple(Crystal::Type, Tuple(Int32, Int32, String)), Tuple(Crystal::Type, Tuple(Int32, Int32, String)))
      {2113 - 2113}: Tuple(String, Tuple(Crystal::Type, Tuple(Int32, Int32, String)), String, Tuple(Crystal::Type, Tuple(Int32, Int32, String)), String)
      {2114 - 2114}: Tuple(Hash(Crystal::Type, Crystal::Type), Crystal::Type)
      {2115 - 2115}: Tuple(Hash::Entry(Crystal::Type, Crystal::Type), Int32)
      {2116 - 2116}: Tuple(Hash::Entry(Crystal::Type, Hash(String, Crystal::TypeDeclarationProcessor::InitializeInfo)), Int32)
      {2117 - 2117}: Tuple(Array(String), String | Nil)
      {2118 - 2118}: Tuple(Nil, String | Nil)
      {2119 - 2119}: Tuple(Array(String) | Nil, String | Nil)
      {2120 - 2120}: Tuple(Hash::Entry(String, String), Int32)
      {2121 - 2121}: Tuple(String, Crystal::GenericModuleType | Crystal::NonGenericModuleType, String, Crystal::Type, String)
      {2122 - 2122}: Tuple(String, String, String, Crystal::Type, String, Crystal::Type, String, Crystal::Type, String, Crystal::Type, String, Crystal::Type, String, Crystal::Type, String)
      {2123 - 2123}: Tuple(String, String, String, Crystal::NonGenericClassType, String)
      {2124 - 2124}: Tuple(String, Crystal::NonGenericModuleType)
      {2125 - 2125}: Tuple(String, String, String, Crystal::GenericClassType, String)
      {2126 - 2126}: Tuple(String, Crystal::GenericModuleType)
      {2127 - 2127}: Tuple(String, String, String, Crystal::Type, String, Crystal::GenericClassType | Crystal::GenericModuleType | Crystal::NonGenericClassType | Crystal::NonGenericModuleType, String, Crystal::Type, String, Crystal::Type, String, Crystal::GenericClassType | Crystal::GenericModuleType | Crystal::NonGenericClassType | Crystal::NonGenericModuleType, String, Crystal::Type, String)
      {2128 - 2128}: Tuple(String, String, String, Crystal::Type, String, String, String, String, String, String, String, Crystal::Type, String)
      {2129 - 2129}: Tuple(String, String, String, Crystal::Type, String, Crystal::Type, String, Crystal::Type, String)
      {2130 - 2130}: Tuple(String, Crystal::Type, String, String, String)
      {2131 - 2131}: Tuple(String, Crystal::Type, String, String, String, Crystal::Type, String)
      {2132 - 2132}: Tuple(Hash(Crystal::ClassVarContainer, Hash(String, Crystal::TypeDeclarationProcessor::TypeDeclarationWithLocation)), Hash(Crystal::ClassVarContainer, Hash(String, Crystal::TypeGuessVisitor::TypeInfo)))
      {2133 - 2133}: Tuple(String, String, String, Crystal::ClassVarContainer, String, Crystal::Type, String, Crystal::EnumType | Crystal::GenericClassType | Crystal::GenericModuleType | Crystal::MetaclassType | Crystal::NonGenericClassType | Crystal::NonGenericModuleType | Crystal::PrimitiveType | Crystal::VirtualMetaclassType | Crystal::VirtualType)
      {2134 - 2134}: Tuple(Crystal::ASTNode, Crystal::TypeDeclarationProcessor)
      {2135 - 2135}: Tuple(Int32, Range(Int32, Int32))
      {2136 - 2136}: Tuple(String, String, String, Crystal::Type, String, Colorize::Object(String), String)
      {2137 - 2137}: Tuple(String, Crystal::Type, String, String, String, Crystal::Type)
      {2138 - 2138}: Tuple(String, String, String, String, String, String, String)
      {2139 - 2139}: Tuple(Hash::Entry(Crystal::Def, Crystal::Def), Int32)
      {2140 - 2140}: Tuple(String, Crystal::ClassType, String)
      {2141 - 2141}: Tuple(Hash::Entry(Crystal::ClassVarContainer, Hash(String, Tuple(Crystal::ASTNode, Crystal::ASTNode))), Int32)
      {2142 - 2142}: Tuple(Hash::Entry(String, Tuple(Crystal::ASTNode, Crystal::ASTNode)), Int32)
      {2143 - 2143}: Tuple(Array(Crystal::ClassVarInitializer), Array(Crystal::ClassVarInitializer))
      {2144 - 2144}: Tuple(String, String, String, Crystal::ClassVarContainer, String, Crystal::Type, String)
      {2145 - 2145}: Tuple(String, String, String, Crystal::Type, String, Crystal::NoReturnType)
      {2146 - 2146}: Tuple(String, Crystal::AnnotationType)
      {2147 - 2147}: Tuple(String, Crystal::Path, String, Crystal::Location | Nil, String)
      {2148 - 2148}: Tuple(String, Crystal::Generic, String, Crystal::Location | Nil, String)
      {2149 - 2149}: Tuple(Array(Crystal::Const), Crystal::Const | Nil)
      {2150 - 2150}: Tuple(Nil, Crystal::Const | Nil)
      {2151 - 2151}: Tuple(Array(Crystal::Const) | Nil, Crystal::Const | Nil)
      {2152 - 2152}: Tuple(Hash::Entry(Bool, Array(Crystal::ExhaustivenessChecker::Target)), Int32)
      {2153 - 2153}: Tuple(Array(Crystal::ExhaustivenessChecker::Target), Crystal::ExhaustivenessChecker::Target | Nil)
      {2154 - 2154}: Tuple(Nil, Crystal::ExhaustivenessChecker::Target | Nil)
      {2155 - 2155}: Tuple(Array(Crystal::ExhaustivenessChecker::Target) | Nil, Crystal::ExhaustivenessChecker::Target | Nil)
      {2156 - 2156}: Tuple(Bool, Array(String))
      {2157 - 2157}: Tuple(Hash(Bool, Array(String)), Bool)
      {2158 - 2158}: Tuple(Hash::Entry(Bool, Array(String)), Int32)
      {2159 - 2159}: Tuple(Bool, String, String)
      {2160 - 2160}: Tuple(Crystal::Const, Array(String))
      {2161 - 2161}: Tuple(Hash(Crystal::Const, Array(String)), Crystal::Const)
      {2162 - 2162}: Tuple(Hash::Entry(Crystal::Const, Array(String)), Int32)
      {2163 - 2163}: Tuple(Crystal::Const, String, String)
      {2164 - 2164}: Tuple(Crystal::StringLiteral)
      {2165 - 2165}: Tuple(String, Crystal::UnionType, String, Int32, String)
      {2166 - 2166}: Tuple(String, Crystal::Type, String, Int32, String)
      {2167 - 2167}: Tuple(String, Crystal::Const, String)
      {2168 - 2168}: Tuple(String, Crystal::Call, String)
      {2169 - 2169}: Tuple(String, Crystal::NamedArgument, String)
      {2170 - 2170}: Tuple(String, String, Crystal::ASTNode | Nil, String)
      {2171 - 2171}: Tuple(Int32, String, Crystal::Call)
      {2172 - 2172}: Tuple(String, Crystal::Call)
      {2173 - 2173}: Tuple(Array(Crystal::ASTNode), Crystal::ASTNode | Nil)
      {2174 - 2174}: Tuple(Nil, Crystal::ASTNode | Nil)
      {2175 - 2175}: Tuple(Array(Crystal::ASTNode) | Nil, Crystal::ASTNode | Nil)
      {2176 - 2176}: Tuple(String, Crystal::NamedType, String)
      {2177 - 2177}: Tuple(String, Crystal::NamedType, String, String | Nil, String, String, String, Crystal::NamedType, String)
      {2178 - 2178}: Tuple(String, Crystal::AliasType, String, String | Nil, String, String, String, Crystal::AliasType, String)
      {2179 - 2179}: Tuple(String, Crystal::Type, String, String | Nil, String, String, String, Crystal::Type, String)
      {2180 - 2180}: Tuple(Hash::Entry(Crystal::Repl::LocalVars::Key, Crystal::Type), Int32)
      {2181 - 2181}: Tuple(String, LLVM::TargetMachine)
      {2182 - 2182}: Tuple(Hash::Entry(Crystal::Type, LLVM::Type), Int32)
      {2183 - 2183}: Tuple(Hash::Entry(String, LLVM::Type), Int32)
      {2184 - 2184}: Tuple(String, UInt64, String, UInt64, String)
      {2185 - 2185}: Tuple(Bool, UInt64)
      {2186 - 2186}: Tuple(Hash::Entry(Crystal::Type, Int32), Int32)
      {2187 - 2187}: Tuple(String, Crystal::Type, String, Crystal::MixedUnionType, String, Crystal::Type.class, String, Crystal::MixedUnionType.class, String)
      {2188 - 2188}: Tuple(String, String, String, Crystal::Type, String, Crystal::Type, String)
      {2189 - 2189}: Tuple(Crystal::MetaVar)
      {2190 - 2190}: Tuple(Hash(String, Tuple(Int32, Crystal::Type)), Int32)
      {2191 - 2191}: Tuple(Hash::Entry(Crystal::Repl::LocalVars::Key, Int32), Int32)
      {2192 - 2192}: Tuple(Hash::Entry(String, Int32), Int32)
      {2193 - 2193}: Tuple(String, Crystal::TupleLiteral, String, Crystal::Location | Nil, String)
      {2194 - 2194}: Tuple(Crystal::TupleInstanceType)
      {2195 - 2195}: Tuple(String, Crystal::NamedTupleLiteral, String, Crystal::Location | Nil, String)
      {2196 - 2196}: Tuple(Crystal::NamedTupleInstanceType)
      {2197 - 2197}: Tuple(String, Crystal::ExceptionHandler, String, Crystal::Location | Nil, String)
      {2198 - 2198}: Tuple(Crystal::MixedUnionType)
      {2199 - 2199}: Tuple(Crystal::NamedTupleInstanceType | Crystal::TupleInstanceType)
      {2200 - 2200}: Tuple(Crystal::GenericClassInstanceType)
      {2201 - 2201}: Tuple(String, Crystal::GenericClassInstanceType, String, Crystal::Type, String, Crystal::GenericClassInstanceType.class, String, Crystal::Type.class, String)
      {2202 - 2202}: Tuple(Crystal::NilableReferenceUnionType | Crystal::NilableType)
      {2203 - 2203}: Tuple(String, Crystal::Type, String, Crystal::Type, String, Crystal::Type.class, String, Crystal::Type.class, String)
      {2204 - 2204}: Tuple(Hash::Entry(String, Tuple(Int32, Crystal::Type)), Int32)
      {2205 - 2205}: Tuple(Crystal::MetaTypeVar)
      {2206 - 2206}: Tuple(Tuple(Crystal::Type, Int32), Tuple(Crystal::Type, Int32))
      {2207 - 2207}: Tuple(String, Tuple(Crystal::Type, Int32), String, Tuple(Crystal::Type, Int32), String)
      {2208 - 2208}: Tuple(String, Crystal::ReferenceUnionType, String, Crystal::Type, String, Crystal::ReferenceUnionType.class, String, Crystal::Type.class, String)
      {2209 - 2209}: Tuple(String, Crystal::VirtualMetaclassType, String, Crystal::Type, String, Crystal::VirtualMetaclassType.class, String, Crystal::Type.class, String)
      {2210 - 2210}: Tuple(Int32, Crystal::Repl::CompiledDef | Nil)
      {2211 - 2211}: Tuple(Hash::Entry(Crystal::Repl::ClassVars::Key, Crystal::Repl::ClassVars::Value), Int32)
      {2212 - 2212}: Tuple(Int32, Crystal::Repl::CompiledDef)
      {2213 - 2213}: Tuple(Hash::Entry(Crystal::Const, Crystal::Repl::Constants::Value), Int32)
      {2214 - 2214}: Tuple(String, Crystal::Assign.class, String, Crystal::ASTNode.class)
      {2215 - 2215}: Tuple(String, Crystal::MixedUnionType, String, Crystal::MixedUnionType)
      {2216 - 2216}: Tuple(Crystal::EnumType | Crystal::GenericClassInstanceMetaclassType | Crystal::GenericClassInstanceType | Crystal::MetaclassType | Crystal::NilableProcType | Crystal::NilableReferenceUnionType | Crystal::NilableType | Crystal::NonGenericClassType | Crystal::PrimitiveType | Crystal::ReferenceUnionType | Crystal::VirtualMetaclassType | Crystal::VirtualType)
      {2217 - 2217}: Tuple(Crystal::NilableReferenceUnionType)
      {2218 - 2218}: Tuple(String, Crystal::If, String, Crystal::Location | Nil, String)
      {2219 - 2219}: Tuple(Crystal::CharType | Crystal::EnumType | Crystal::FloatType | Crystal::GenericClassInstanceMetaclassType | Crystal::GenericClassInstanceType | Crystal::GenericModuleInstanceMetaclassType | Crystal::GenericModuleInstanceType | Crystal::IntegerType | Crystal::MetaclassType | Crystal::NonGenericClassType | Crystal::NonGenericModuleType | Crystal::ReferenceUnionType | Crystal::SymbolType | Crystal::VirtualMetaclassType | Crystal::VirtualType)
      {2220 - 2220}: Tuple(String, Crystal::Type, String, Crystal::Type.class, String)
      {2221 - 2221}: Tuple(String, Crystal::While, String, Crystal::Location | Nil, String)
      {2222 - 2222}: Tuple(Crystal::NilType)
      {2223 - 2223}: Tuple(String, Crystal::NilType, String, Crystal::Type, String, Crystal::NilType.class, String, Crystal::Type.class, String)
      {2224 - 2224}: Tuple(Crystal::While)
      {2225 - 2225}: Tuple(Crystal::Type | Nil)
      {2226 - 2226}: Tuple(String, Crystal::TypeOf, String, Crystal::Location | Nil, String)
      {2227 - 2227}: Tuple(Crystal::Var)
      {2228 - 2228}: Tuple(Hash(Int32, Crystal::Type), Int32)
      {2229 - 2229}: Tuple(Hash::Entry(Int32, Crystal::Type), Int32)
      {2230 - 2230}: Tuple(String, String, String, Crystal::LibType)
      {2231 - 2231}: Tuple(String, Crystal::GenericClassType, String)
      {2232 - 2232}: Tuple(Hash::Entry(String, Array(Crystal::ASTNode)), Int32)
      {2233 - 2233}: Tuple(Hash::Entry(Crystal::Def, Nil), Int32)
      {2234 - 2234}: Tuple(Hash(String, Array(Crystal::ASTNode)) | Nil, Array(Crystal::ASTNode) | Nil)
      {2235 - 2235}: Tuple(String, Crystal::ProcPointer)
      {2236 - 2236}: Tuple(String, Crystal::Type, String, Crystal::Type | Nil)
      {2237 - 2237}: Tuple(String, Crystal::Type, String, Crystal::Type, String, String, String)
      {2238 - 2238}: Tuple(String, String, String, Crystal::Type, String, Crystal::Type, String, Crystal::Type | Nil)
      {2239 - 2239}: Tuple(String, Crystal::Type, String, Crystal::Type, String, Crystal::Type | Nil)
      {2240 - 2240}: Tuple(String, String, String, String, String, Crystal::NonGenericClassType, String, Crystal::Type, String, Crystal::Type)
      {2241 - 2241}: Tuple(String, String, String, Crystal::GenericClassType | Crystal::GenericModuleType)
      {2242 - 2242}: Tuple(String, Float32 | Float64 | Int128 | Int16 | Int32 | Int64 | Int8 | UInt128 | UInt16 | UInt32 | UInt64 | UInt8, String, Int32, String)
      {2243 - 2243}: Tuple(UInt32, Int32)
      {2244 - 2244}: Tuple(String, Crystal::GenericClassInstanceType | Crystal::GenericClassType | Crystal::GenericModuleInstanceType | Crystal::GenericModuleType | Crystal::NonGenericClassType | Crystal::NonGenericModuleType | Crystal::VirtualType, String)
      {2245 - 2245}: Tuple(String, Crystal::GenericClassInstanceType | Crystal::GenericClassType | Crystal::GenericModuleInstanceType | Crystal::GenericModuleType | Crystal::NonGenericClassType | Crystal::NonGenericModuleType | Crystal::VirtualType, String, String)
      {2246 - 2246}: Tuple(String, Crystal::Type | Nil, String)
      {2247 - 2247}: Tuple(Crystal::NonGenericClassType)
      {2248 - 2248}: Tuple(Crystal::StringLiteral, Crystal::Call)
      {2249 - 2249}: Tuple(Crystal::ASTNode, Crystal::Call)
      {2250 - 2250}: Tuple(Array(Crystal::Var | Nil) | Nil, Int32)
      {2251 - 2251}: Tuple(Crystal::NumberLiteral, Crystal::ASTNode)
      {2252 - 2252}: Tuple(Crystal::ASTNode, Crystal::ASTNode, Crystal::BoolLiteral)
      {2253 - 2253}: Tuple(Crystal::TupleLiteral)
      {2254 - 2254}: Tuple(String, Crystal::SymbolLiteral, String, Crystal::EnumType, String)
      {2255 - 2255}: Tuple(String, String, String, Crystal::MacroLiteral | Crystal::OpAssign | Crystal::Unless | Crystal::Until | Crystal::When, String, Crystal::Location | Nil, String)
      {2256 - 2256}: Tuple(String, String, String, Crystal::ImplicitObj, String, Crystal::Location | Nil, String)
      {2257 - 2257}: Tuple(String, String, String, Crystal::When, String, Crystal::Location | Nil, String)
      {2258 - 2258}: Tuple(Hash::Entry(Crystal::Repl::Context::MultidispatchKey, Crystal::Def), Int32)
      {2259 - 2259}: Tuple(String, Crystal::Primitive, String, Crystal::Location | Nil, String)
      {2260 - 2260}: Tuple(String, Crystal::FloatType | Crystal::IntegerType, String, Crystal::Call, String)
      {2261 - 2261}: Tuple(String, Crystal::IntegerType, String, Crystal::Call, String)
      {2262 - 2262}: Tuple(Crystal::IntegerType)
      {2263 - 2263}: Tuple(String, Crystal::Type, String, Crystal::IntegerType, String, Crystal::Type.class, String, Crystal::IntegerType.class, String)
      {2264 - 2264}: Tuple(String, String, String, Crystal::IntegerType, String, Crystal::IntegerType)
      {2265 - 2265}: Tuple(String, String, String, Crystal::NumberKind)
      {2266 - 2266}: Tuple(Crystal::FloatType)
      {2267 - 2267}: Tuple(String, Crystal::Type, String, Crystal::FloatType, String, Crystal::Type.class, String, Crystal::FloatType.class, String)
      {2268 - 2268}: Tuple(Crystal::PointerInstanceType)
      {2269 - 2269}: Tuple(Crystal::VirtualMetaclassType)
      {2270 - 2270}: Tuple(String, Crystal::Type, String, Crystal::VirtualMetaclassType, String, Crystal::Type.class, String, Crystal::VirtualMetaclassType.class, String)
      {2271 - 2271}: Tuple(Hash::Entry(Crystal::Type, Array(Crystal::Repl::CompiledDef)), Int32)
      {2272 - 2272}: Tuple(String, Crystal::Type, String, Crystal::TupleInstanceType, String, Crystal::Type.class, String, Crystal::TupleInstanceType.class, String)
      {2273 - 2273}: Tuple(String, Crystal::Type, String, Crystal::NamedTupleInstanceType, String, Crystal::Type.class, String, Crystal::NamedTupleInstanceType.class, String)
      {2274 - 2274}: Tuple(Path)
      {2275 - 2275}: Tuple(String, OptionParser::FlagValue)
      {2276 - 2276}: Tuple(Hash::Entry(String, OptionParser::Handler), Int32)
      {2277 - 2277}: Tuple(String, Path)
      {2278 - 2278}: Tuple(String, Crystal::IntegerType, String, Crystal::IntegerType.class, String)
      {2279 - 2279}: Tuple(String, Crystal::FloatType, String, Crystal::FloatType.class, String)
      {2280 - 2280}: Tuple(String, Crystal::LibFFI::Status)
      {2281 - 2281}: Tuple(String, Crystal::FloatType, String, Crystal::Call, String)
      {2282 - 2282}: Tuple(Hash::Entry(Crystal::External, Crystal::Repl::LibFunction), Int32)
      {2283 - 2283}: Tuple(String, Crystal::FloatType | Crystal::IntegerType, String, Crystal::ASTNode, String)
      {2284 - 2284}: Tuple(Hash::Entry(Crystal::Def, Crystal::Repl::CompiledDef), Int32)
      {2285 - 2285}: Tuple(String, Crystal::Block, String, Crystal::Location | Nil, String)
      {2286 - 2286}: Tuple(Crystal::Block)
      {2287 - 2287}: Tuple(String, Crystal::NamedArgument.class)
      {2288 - 2288}: Tuple(String, Crystal::Block.class)
      {2289 - 2289}: Tuple(Crystal::Call, Crystal::TypeDeclarationProcessor)
      {2290 - 2290}: Tuple(String, Crystal::NilableCast, String, Crystal::Location | Nil, String)
      {2291 - 2291}: Tuple(String, Crystal::Out, String, Crystal::Location | Nil, String)
      {2292 - 2292}: Tuple(Crystal::Arg)
      {2293 - 2293}: Tuple(String, Crystal::ProcLiteral)
      {2294 - 2294}: Tuple(Crystal::Yield)
      {2295 - 2295}: Tuple(String, Crystal::AsmOperand.class)
      {2296 - 2296}: Tuple(String, Crystal::Arg.class)
      {2297 - 2297}: Tuple(String, Crystal::Rescue.class)
      {2298 - 2298}: Tuple(String, Crystal::When.class)
      {2299 - 2299}: Tuple(Hash::Entry(Int32, Crystal::ASTNode), Int32)
      {2300 - 2300}: Tuple(String, String, String, Int32, String, Int32, String, Crystal::Type, String, String, String)
      {2301 - 2301}: Tuple(String, Crystal::Location, String, Crystal::Type, String, String, String)
      {2302 - 2302}: Tuple(Colorize::Object(Int32))
      {2303 - 2303}: Tuple(UInt8 | Nil, UInt8 | Nil)
      {2304 - 2304}: Tuple(String::Builder, Int32)
      {2305 - 2305}: Tuple(Pointer(UInt8), Int32)
      {2306 - 2306}: Tuple(Crystal::Repl::LocalVars)
      {2307 - 2307}: Tuple(Crystal::Repl::OpCode, Int32)
      {2308 - 2308}: Tuple(Int128, Int32)
      {2309 - 2309}: Tuple(Crystal::Repl::Compiler::FloatPredicate, Int32)
      {2310 - 2310}: Tuple(Crystal::Var, String, Int32)
      {2311 - 2311}: Tuple(Crystal::ASTNode, String, Int32)
      {2312 - 2312}: Tuple(Crystal::Repl::CompiledDef, Int32)
      {2313 - 2313}: Tuple(Crystal::Repl::CompiledBlock, Int32)
      {2314 - 2314}: Tuple(Crystal::Repl::LibFunction, Int32)
      {2315 - 2315}: Tuple(Crystal::FFI::CallInterface, Int32)
      {2316 - 2316}: Tuple(String, Crystal::IntegerType)
      {2317 - 2317}: Tuple(String, Crystal::FloatType)
      {2318 - 2318}: Tuple(Crystal::Repl::EscapingException)
      {2319 - 2319}: Tuple(Crystal::CodeError)
      {2320 - 2320}: Tuple(Hash::Entry(Tuple(UInt64, UInt64), Crystal::Repl::FFIClosureContext), Int32)
      {2321 - 2321}: Tuple(Hash::Entry(Pointer(Void), Crystal::Repl::CompiledDef), Int32)
      {2322 - 2322}: Tuple(UInt8, Bool)
      {2323 - 2323}: Tuple(Int16, Bool)
      {2324 - 2324}: Tuple(Int64, Bool)
      {2325 - 2325}: Tuple(String, String, Int32, String, Int32, String, Crystal::VirtualFile | String | Nil)
      {2326 - 2326}: Tuple(Crystal::Expressions)
      {2327 - 2327}: Tuple(String, Crystal::Expressions, String, Crystal::Location | Nil, String)
      {2328 - 2328}: Tuple(IO::FileDescriptor, IO::FileDescriptor)
      {2329 - 2329}: Tuple(Hash::Entry(Signal, Proc(Signal, Nil)), Int32)
      {2330 - 2330}: Tuple(String, Int64, String, Slice(UInt8))
      {2331 - 2331}: Tuple(String, String, String, String, String, Int32, String, String, String)
      {2332 - 2332}: Tuple(Hash::Entry(String, Crystal::Program::CompiledMacroRun), Int32)
      {2333 - 2333}: Tuple(Path | Nil)
      {2334 - 2334}: Tuple(String, Int32 | Int64)
      {2335 - 2335}: Tuple(String, Int32 | Int64, String, Int32 | Int64, String)
      {2336 - 2336}: Tuple(Bool, Int32 | Int64)
      {2337 - 2337}: Tuple(Int32, Int32 | Int64)
      {2338 - 2338}: Tuple(String, Int32 | UInt64, String, Int32 | UInt64, String)
      {2339 - 2339}: Tuple(String, UInt64, String, Int32 | UInt64, String)
      {2340 - 2340}: Tuple(Bool, Int32 | UInt64)
      {2341 - 2341}: Tuple(Int32, Int32 | UInt64)
      {2342 - 2342}: Tuple(String, String, UNIXServer, String)
      {2343 - 2343}: Tuple(String, String, IPSocket, String)
      {2344 - 2344}: Tuple(String, JSON::Token)
      {2345 - 2345}: Tuple(String, JSON::Token::Kind)
      {2346 - 2346}: Tuple(String, JSON::PullParser::Kind, String, JSON::PullParser::Kind)
      {2347 - 2347}: Tuple(String, JSON::Builder::DocumentEndState.class | JSON::Builder::StartState.class)
      {2348 - 2348}: Tuple(String, (String | Nil).class, String, String)
      {2349 - 2349}: Tuple(String | Nil, String, Int32, String, Int32)
      {2350 - 2350}: Tuple(Crystal::Program::RequireWithTimestamp, String)
      {2351 - 2351}: Tuple(Tuple(Crystal::Program::RequireWithTimestamp, String), Tuple(Crystal::Program::RequireWithTimestamp, String))
      {2352 - 2352}: Tuple(String, Tuple(Crystal::Program::RequireWithTimestamp, String), String, Tuple(Crystal::Program::RequireWithTimestamp, String), String)
      {2353 - 2353}: Tuple(String, String, String, Crystal::Type, String, Crystal::TypeParameter)
      {2354 - 2354}: Tuple(String, String, String, String, Crystal::Type, String, Crystal::Type, String, Crystal::TypeParameter)
      {2355 - 2355}: Tuple(String, Crystal::Type, String, Crystal::TypeParameter)
      {2356 - 2356}: Tuple(String, Time::DayOfWeek.class, String, Int32)
      {2357 - 2357}: Tuple(UInt32, String, UInt32, String, UInt32)
      {2358 - 2358}: Tuple(Hash::Entry(Tuple(LLVM::Module, String), LLVM::Type), Int32)
      {2359 - 2359}: Tuple(Hash::Entry(LLVM::Module, Crystal::CodeGenVisitor::DIBuilder), Int32)
      {2360 - 2360}: Tuple(String, Crystal::VirtualFile.class | Nil.class)
      {2361 - 2361}: Tuple(Hash::Entry(Tuple(String, String), LibLLVM::MetadataRef), Int32)
      {2362 - 2362}: Tuple(Hash::Entry(LLVM::Function, Array(Crystal::CodeGenVisitor::FunMetadata)), Int32)
      {2363 - 2363}: Tuple(LibLLVM::MetadataRef, LLVM::Context)
      {2364 - 2364}: Tuple(LLVM::BasicBlock, LLVM::BasicBlock)
      {2365 - 2365}: Tuple(LLVM::BasicBlock)
      {2366 - 2366}: Tuple(Hash::Entry(Crystal::CodeGenVisitor::StringKey, LLVM::Value), Int32)
      {2367 - 2367}: Tuple(Hash::Entry(Crystal::Type, Tuple(Int32, Int32)), Int32)
      {2368 - 2368}: Tuple(String, Crystal::VirtualMetaclassType | Crystal::VirtualType, String, Crystal::Type.class, String)
      {2369 - 2369}: Tuple(Crystal::PrimitiveType)
      {2370 - 2370}: Tuple(String, Crystal::PrimitiveType)
      {2371 - 2371}: Tuple(Hash::Entry(Crystal::Type, Crystal::CodeGenVisitor::ModuleInfo), Int32)
      {2372 - 2372}: Tuple(Hash::Entry(String, Crystal::CodeGenVisitor::ModuleInfo), Int32)
      {2373 - 2373}: Tuple(LLVM::ABI::ArgType, Int32, Int32)
      {2374 - 2374}: Tuple(String, LLVM::Type::Kind)
      {2375 - 2375}: Tuple(LLVM::Type::Kind, LLVM::Type::Kind)
      {2376 - 2376}: Tuple(String, LLVM::ABI::X86_64::RegClass)
      {2377 - 2377}: Tuple(LLVM::ABI::X86_64::RegClass, LLVM::ABI::X86_64::RegClass, LLVM::ABI::X86_64::RegClass)
      {2378 - 2378}: Tuple(LLVM::Type, UInt64)
      {2379 - 2379}: Tuple(Hash::Entry(LLVM::Attribute, UInt32), Int32)
      {2380 - 2380}: Tuple(Hash::Entry(LLVM::Module, Hash(Crystal::Type, LibLLVM::MetadataRef | Nil)), Int32)
      {2381 - 2381}: Tuple(Hash::Entry(Crystal::Type, LibLLVM::MetadataRef | Nil), Int32)
      {2382 - 2382}: Tuple(Crystal::GenericClassInstanceType | Crystal::GenericClassType | Crystal::GenericModuleInstanceType | Crystal::GenericModuleType | Crystal::NonGenericClassType | Crystal::NonGenericModuleType | Crystal::VirtualType)
      {2383 - 2383}: Tuple(Crystal::NilableReferenceUnionType | Crystal::ReferenceUnionType)
      {2384 - 2384}: Tuple(String, Crystal::UnionType)
      {2385 - 2385}: Tuple(String, LLVM::Type, String, LLVM::Type::Kind, String)
      {2386 - 2386}: Tuple(LLVM::Type, LLVM::Value, LLVM::Value, LLVM::Value, String)
      {2387 - 2387}: Tuple(LLVM::Type, LLVM::Value, String)
      {2388 - 2388}: Tuple(LLVM::Type, LLVM::Value)
      {2389 - 2389}: Tuple(Hash::Entry(String, Crystal::CodeGenVisitor::LLVMVar), Int32)
      {2390 - 2390}: Tuple(LLVM::Type, String)
      {2391 - 2391}: Tuple(Hash::Entry(LLVM::Module, Hash(Crystal::VirtualFile | String | Nil, LibLLVM::MetadataRef)), Int32)
      {2392 - 2392}: Tuple(Hash::Entry(Crystal::VirtualFile | String | Nil, LibLLVM::MetadataRef), Int32)
      {2393 - 2393}: Tuple(LLVM::Type, LLVM::Function, Array(LLVM::Value))
      {2394 - 2394}: Tuple(LLVM::Value, LLVM::Value)
      {2395 - 2395}: Tuple(Crystal::NilableType)
      {2396 - 2396}: Tuple(Crystal::NilableProcType)
      {2397 - 2397}: Tuple(String, Crystal::Type, String, Crystal::Type.class, String, Crystal::NilType, String, Crystal::NilType.class, String)
      {2398 - 2398}: Tuple(LLVM::Value, LLVM::Type)
      {2399 - 2399}: Tuple(String, Crystal::Type, String, Crystal::Type.class, String, Crystal::NilableProcType, String, Crystal::NilableProcType.class, String)
      {2400 - 2400}: Tuple(LLVM::IntPredicate, LLVM::Value, LLVM::Value)
      {2401 - 2401}: Tuple(LLVM::Value, LLVM::BasicBlock, LLVM::BasicBlock)
      {2402 - 2402}: Tuple(String, Crystal::NilableProcType, String, Crystal::NilableProcType.class, String, Crystal::Type, String, Crystal::Type.class, String)
      {2403 - 2403}: Tuple(LLVM::Value, LLVM::Value, LLVM::Value)
      {2404 - 2404}: Tuple(LLVM::BasicBlock, LLVM::BasicBlock, LLVM::BasicBlock)
      {2405 - 2405}: Tuple(LLVM::Type, LLVM::PhiTable)
      {2406 - 2406}: Tuple(LLVM::Value, Int32)
      {2407 - 2407}: Tuple(Crystal::ProcInstanceType)
      {2408 - 2408}: Tuple(String, Crystal::Type, String, Crystal::Type.class, String, Crystal::Type, String, Crystal::Type.class, String)
      {2409 - 2409}: Tuple(String, Crystal::Type, String, Crystal::Type.class, String, Crystal::GenericClassInstanceType, String, Crystal::GenericClassInstanceType.class, String)
      {2410 - 2410}: Tuple(String, Array(LLVM::Value))
      {2411 - 2411}: Tuple(String, String, String, String, String, String, String, Int32, String, String, String)
      {2412 - 2412}: Tuple(String, Crystal::Type, String, Crystal::Type.class, String, Crystal::MixedUnionType, String, Crystal::MixedUnionType.class, String)
      {2413 - 2413}: Tuple(String, Crystal::GenericClassInstanceType, String, Crystal::GenericClassInstanceType.class, String, Crystal::Type, String, Crystal::Type.class, String)
      {2414 - 2414}: Tuple(Crystal::IntegerType, LLVM::Value, LLVM::Value)
      {2415 - 2415}: Tuple(LLVM::Type, LLVM::Function, Array(LLVM::Value), LLVM::BasicBlock, LLVM::BasicBlock)
      {2416 - 2416}: Tuple(Float32, Float32)
      {2417 - 2417}: Tuple(Float64, Float64)
      {2418 - 2418}: Tuple(Float32 | Float64, Float32 | Float64)
      {2419 - 2419}: Tuple(LLVM::RealPredicate, LLVM::Value, LLVM::Value)
      {2420 - 2420}: Tuple(Crystal::Type, LLVM::Value)
      {2421 - 2421}: Tuple(String, Crystal::ClassVar, String, Crystal::Location | Nil, String)
      {2422 - 2422}: Tuple(String, Crystal::PointerOf)
      {2423 - 2423}: Tuple(String, Crystal::Type, String, String, String, Int32)
      {2424 - 2424}: Tuple(String, Crystal::BoolType, String, String, String, Crystal::BoolType)
      {2425 - 2425}: Tuple(String, Crystal::CharType, String, String, String, Crystal::CharType)
      {2426 - 2426}: Tuple(String, Crystal::SymbolType, String, String, String, Crystal::SymbolType)
      {2427 - 2427}: Tuple(Crystal::IntegerType, Crystal::IntegerType)
      {2428 - 2428}: Tuple(String, String, String, Int32)
      {2429 - 2429}: Tuple(String, Crystal::IntegerType, String, String, String, Crystal::IntegerType)
      {2430 - 2430}: Tuple(String, Crystal::FloatType, String, String, String, Crystal::FloatType)
      {2431 - 2431}: Tuple(LLVM::Type, LLVM::Value, LLVM::Value, String)
      {2432 - 2432}: Tuple(String, Crystal::UnionType | Crystal::VirtualMetaclassType | Crystal::VirtualType, String)
      {2433 - 2433}: Tuple(Crystal::ASTNode, Crystal::Arg)
      {2434 - 2434}: Tuple(String, Crystal::BoolLiteral, String, Crystal::Location | Nil, String)
      {2435 - 2435}: Tuple(String, Crystal::CharLiteral, String, Crystal::Location | Nil, String)
      {2436 - 2436}: Tuple(String, Crystal::NilLiteral, String, Crystal::Location | Nil, String)
      {2437 - 2437}: Tuple(String, Crystal::Nop, String, Crystal::Location | Nil, String)
      {2438 - 2438}: Tuple(String, Crystal::StringLiteral, String, Crystal::Location | Nil, String)
      {2439 - 2439}: Tuple(String, Crystal::InstanceVar, String, Crystal::Location | Nil, String)
      {2440 - 2440}: Tuple(Tuple(Int32, Int32), Int32)
      {2441 - 2441}: Tuple(Tuple(Tuple(Int32, Int32), Int32), Tuple(Tuple(Int32, Int32), Int32))
      {2442 - 2442}: Tuple(String, Tuple(Tuple(Int32, Int32), Int32), String, Tuple(Tuple(Int32, Int32), Int32), String)
      {2443 - 2443}: Tuple(Hash(LLVM::Value, LLVM::BasicBlock), LLVM::Value)
      {2444 - 2444}: Tuple(LLVM::Value, LLVM::BasicBlock)
      {2445 - 2445}: Tuple(LLVM::Value, LLVM::BasicBlock, Hash(LLVM::Value, LLVM::BasicBlock))
      {2446 - 2446}: Tuple(LLVM::Value, LLVM::Type, Array(LLVM::Value))
      {2447 - 2447}: Tuple(LLVM::Value, LLVM::Value, LLVM::Value, LLVM::AtomicOrdering, LLVM::AtomicOrdering)
      {2448 - 2448}: Tuple(LLVM::AtomicRMWBinOp, LLVM::Value, LLVM::Value, LLVM::AtomicOrdering, Bool)
      {2449 - 2449}: Tuple(LLVM::AtomicOrdering, Bool)
      {2450 - 2450}: Tuple(String, Crystal::ProcLiteral, String, Crystal::Location | Nil, String)
      {2451 - 2451}: Tuple(LLVM::Function, LLVM::Value)
      {2452 - 2452}: Tuple(String, Crystal::ProcPointer, String, Crystal::Location | Nil, String)
      {2453 - 2453}: Tuple(Hash::Entry(Crystal::ASTNode, Crystal::CodeGenVisitor::Handler), Int32)
      {2454 - 2454}: Tuple(String, Crystal::Var)
      {2455 - 2455}: Tuple(LLVM::Value)
      {2456 - 2456}: Tuple(String, Crystal::UninitializedVar, String, Crystal::Location | Nil, String)
      {2457 - 2457}: Tuple(String, Crystal::Cast, String, Crystal::Location | Nil, String)
      {2458 - 2458}: Tuple(String, Crystal::Location | Nil, String, Int32)
      {2459 - 2459}: Tuple(String, Crystal::Yield, String, Crystal::Location | Nil, String)
      {2460 - 2460}: Tuple(LLVM::Value, Crystal::Type)
      {2461 - 2461}: Tuple(String, Crystal::AlignOf | Crystal::And | Crystal::ArrayLiteral | Crystal::Case | Crystal::Global | Crystal::HashLiteral | Crystal::InstanceAlignOf | Crystal::InstanceSizeOf | Crystal::MacroExpression | Crystal::MacroFor | Crystal::MacroIf | Crystal::MacroVerbatim | Crystal::MultiAssign | Crystal::OffsetOf | Crystal::Or | Crystal::RangeLiteral | Crystal::RegexLiteral | Crystal::Require | Crystal::Select | Crystal::SizeOf | Crystal::StringInterpolation, String, Crystal::ASTNode.class, String, Crystal::Location | Nil, String)
      {2462 - 2462}: Tuple(LLVM::Value, LLVM::BasicBlock, Int32)
      {2463 - 2463}: Tuple(LLVM::Value, Array(LLVM::Value))
      {2464 - 2464}: Tuple(String, Crystal::Rescue, String, Crystal::Location | Nil, String)
      {2465 - 2465}: Tuple(Crystal::NoReturnType)
      {2466 - 2466}: Tuple(String, Crystal::PointerOf, String, Crystal::Location | Nil, String)
      {2467 - 2467}: Tuple(String, Crystal::ReadInstanceVar, String, Crystal::Location | Nil, String)
      {2468 - 2468}: Tuple(String, Crystal::Type, String, Crystal::Type.class, String, Crystal::UnionType, String, Crystal::UnionType.class, String)
      {2469 - 2469}: Tuple(String, Crystal::EnumType, String, String)
      {2470 - 2470}: Tuple(Tuple(Crystal::Type, Tuple(Int32, Int32)), Tuple(Int32, Int32))
      {2471 - 2471}: Tuple(Crystal::Type | Int32, Int32 | Tuple(Int32, Int32))
      {2472 - 2472}: Tuple(Tuple(Tuple(Crystal::Type, Tuple(Int32, Int32)), Tuple(Int32, Int32)), Tuple(Tuple(Crystal::Type, Tuple(Int32, Int32)), Tuple(Int32, Int32)))
      {2473 - 2473}: Tuple(String, Tuple(Tuple(Crystal::Type, Tuple(Int32, Int32)), Tuple(Int32, Int32)), String, Tuple(Tuple(Crystal::Type, Tuple(Int32, Int32)), Tuple(Int32, Int32)), String)
      {2474 - 2474}: Tuple(String, String, Int32, String, Int32, String, String)
      {2475 - 2475}: Tuple(Crystal::Codegen::Target, String, String | Nil, String, String | Nil, String, String | Nil, String, LLVM::CodeModel)
      {2476 - 2476}: Tuple(String, Crystal::Compiler::OptimizationMode, String)
      {2477 - 2477}: Tuple(IO::Memory, IO::FileDescriptor)
      {2478 - 2478}: Tuple(String, String, String, IO::Memory)
      {2479 - 2479}: Tuple(String, String, String, Exception)
      {2480 - 2480}: Tuple(String, String, Nil)
      {2481 - 2481}: Tuple(String, String, Array(String))
      {2482 - 2482}: Tuple(String, String, String, String, String, String, String, String, String)
      {2483 - 2483}: Tuple(String, String, Array(String) | Nil)
      {2484 - 2484}: Tuple(Int32, IO::FileDescriptor, IO::FileDescriptor)
      {2485 - 2485}: Tuple(Int32, IO::FileDescriptor, IO::FileDescriptor)
      {2486 - 2486}: Tuple(Channel::DeliveryState, Nil)
      {2487 - 2487}: Tuple(Channel::DeliveryState, Channel::UseDefault | Nil)
      {2488 - 2488}: Tuple(Channel::DeliveryState, String)
      {2489 - 2489}: Tuple(Channel::DeliveryState, Channel::UseDefault | String)
      {2490 - 2490}: Tuple(String, JSON::Token, String)
      {2491 - 2491}: Tuple(Hash::Entry(String, JSON::Any), Int32)
      {2492 - 2492}: Tuple(String, Array(JSON::Any).class | Bool.class | Float64.class | Int64.class | Nil.class | String.class)
      {2493 - 2493}: Tuple(JSON::Any)
      {2494 - 2494}: Tuple(String, Colorize::Object(String))
      {2495 - 2495}: Tuple(String, Int32, String, Int32)
      {2496 - 2496}: Tuple(String, Process::Status, String, String)
      {2497 - 2497}: Tuple(String, Time)
      {2498 - 2498}: Tuple(Tuple(String, Time), Tuple(String, Time))
      {2499 - 2499}: Tuple(String, Tuple(String, Time), String, Tuple(String, Time), String)
      {2500 - 2500}: Tuple(String, Time::Span, String)
      {2501 - 2501}: Tuple(Time::Span)
      {2502 - 2502}: Tuple(String, Process::Status, String, String, String)
      {2503 - 2503}: Tuple(Hash::Entry(Crystal::MacroInterpreter::MacroVarKey, String), Int32)
      {2504 - 2504}: Tuple(String, String, String, Crystal::Type, String, String, String)
      {2505 - 2505}: Tuple(String, String, String, String, String, Int32, String, Range(Int32, Int32), String)
      {2506 - 2506}: Tuple(Hash(Int32 | String, String | Nil), Int32 | String)
      {2507 - 2507}: Tuple(Int32 | String, String | Nil)
      {2508 - 2508}: Tuple(Hash(Int32, String), Int32)
      {2509 - 2509}: Tuple(Hash::Entry(Int32, String), Int32)
      {2510 - 2510}: Tuple(Hash::Entry(Int32 | String, String | Nil), Int32)
      {2511 - 2511}: Tuple(Char, Bool)
      {2512 - 2512}: Tuple(Crystal::AnnotationType)
      {2513 - 2513}: Tuple(String, Crystal::Generic | Crystal::Metaclass | Crystal::ProcNotation, String, String)
      {2514 - 2514}: Tuple(String, Crystal::ASTNode, String, String, String)
      {2515 - 2515}: Tuple(String, Crystal::ASTNode, String, Crystal::ASTNode)
      {2516 - 2516}: Tuple(String, Crystal::ASTNode, String, Crystal::ASTNode, String)
      {2517 - 2517}: Tuple(Crystal::ASTNode, InterpretCompareWrapper)
      {2518 - 2518}: Tuple(Tuple(Crystal::ASTNode, InterpretCompareWrapper), Tuple(Crystal::ASTNode, InterpretCompareWrapper))
      {2519 - 2519}: Tuple(String, Tuple(Crystal::ASTNode, InterpretCompareWrapper), String, Tuple(Crystal::ASTNode, InterpretCompareWrapper), String)
      {2520 - 2520}: Tuple(String, Crystal::TupleLiteral.class, String, String, String, Crystal::ASTNode)
      {2521 - 2521}: Tuple(String, String, Crystal::ASTNode)
      {2522 - 2522}: Tuple(Crystal::ASTNode, String, Crystal::ASTNode)
      {2523 - 2523}: Tuple(String, Crystal::ArrayLiteral.class, String, String, String, Crystal::ASTNode)
      {2524 - 2524}: Tuple(String, Crystal::NumberLiteral)
      {2525 - 2525}: Tuple(String, String, String, Crystal::NumberLiteral)
      {2526 - 2526}: Tuple(Hash::Entry(String, Crystal::MacroType), Int32)
      {2527 - 2527}: Tuple(Array(Crystal::MacroType), Crystal::MacroType | Nil)
      {2528 - 2528}: Tuple(Nil, Crystal::MacroType | Nil)
      {2529 - 2529}: Tuple(Array(Crystal::MacroType) | Nil, Crystal::MacroType | Nil)
      {2530 - 2530}: Tuple(Hash(Crystal::MacroType, Crystal::MacroType), Crystal::MacroType)
      {2531 - 2531}: Tuple(Crystal::MacroType, Crystal::MacroType)
      {2532 - 2532}: Tuple(Hash::Entry(Crystal::MacroType, Crystal::MacroType), Int32)
      {2533 - 2533}: Tuple(String, Crystal::Type, String, Crystal::Type, String)
      {2534 - 2534}: Tuple(String, Crystal::NonGenericClassType, String, String, String, Crystal::NonGenericClassType, String)
      {2535 - 2535}: Tuple(String, Int128.class | Int16.class | Int32.class | Int64.class | Int8.class | UInt128.class | UInt16.class | UInt32.class | UInt64.class | UInt8.class)
      {2536 - 2536}: Tuple(String, Crystal::Generic)
      {2537 - 2537}: Tuple(String, String, String, Crystal::GenericClassType | Crystal::GenericModuleType, String, Int32, String, String, String)
      {2538 - 2538}: Tuple(String, String, String, Crystal::GenericClassType | Crystal::GenericModuleType, String, Int32, String, Int32, String)
      {2539 - 2539}: Tuple(String, Crystal::AlignOf | Crystal::InstanceAlignOf | Crystal::InstanceSizeOf | Crystal::OffsetOf | Crystal::SizeOf, String)
      {2540 - 2540}: Tuple(String, Crystal::AliasType)
      {2541 - 2541}: Tuple(String, Crystal::DoubleSplat, String, Crystal::Location | Nil, String)
      {2542 - 2542}: Tuple(Int32, Crystal::NamedArgument)
      {2543 - 2543}: Tuple(Tuple(Int32, Crystal::NamedArgument), Int32)
      {2544 - 2544}: Tuple(Tuple(Tuple(Int32, Crystal::NamedArgument), Int32), Tuple(Tuple(Int32, Crystal::NamedArgument), Int32))
      {2545 - 2545}: Tuple(String, Tuple(Tuple(Int32, Crystal::NamedArgument), Int32), String, Tuple(Tuple(Int32, Crystal::NamedArgument), Int32), String)
      {2546 - 2546}: Tuple(Crystal::LibType, String, String)
      {2547 - 2547}: Tuple(String, String, String, String, String, Crystal::Type, String, Crystal::Type)
      {2548 - 2548}: Tuple(String, String, String, String, String, Crystal::Type, String, Crystal::Type, String, Crystal::Type, String, Crystal::Type, String)
      {2549 - 2549}: Tuple(String, Int32, String, String, String, Crystal::Type, String)
      {2550 - 2550}: Tuple(String, Crystal::UnionType, String)
      {2551 - 2551}: Tuple(Crystal::CallSignature, Crystal::FileModule, Crystal::Type, Array(Crystal::Match) | Nil)
      {2552 - 2552}: Tuple(Crystal::CallSignature, Crystal::Program, Crystal::Type, Array(Crystal::Match) | Nil)
      {2553 - 2553}: Tuple(String, Array(Crystal::Arg), Nil)
      {2554 - 2554}: Tuple(Crystal::CallSignature, Crystal::ModuleType, Crystal::Type, Array(Crystal::Match) | Nil)
      {2555 - 2555}: Tuple(Crystal::CallSignature, Crystal::Call)
      {2556 - 2556}: Tuple(Crystal::CallSignature, Crystal::GenericClassType, Crystal::Type, Array(Crystal::Match) | Nil)
      {2557 - 2557}: Tuple(Crystal::CallSignature, Crystal::GenericModuleType, Crystal::Type, Array(Crystal::Match) | Nil)
      {2558 - 2558}: Tuple(String, Int32, Crystal::Block | Nil)
      {2559 - 2559}: Tuple(String, Crystal::Type | Nil, String, String, String)
      {2560 - 2560}: Tuple(Array(Crystal::Call::ArgumentsAlreadySpecified | Crystal::Call::ArgumentsTypeMismatch | Crystal::Call::BlockMismatch | Crystal::Call::ExtraNamedArguments | Crystal::Call::MissingNamedArguments | Crystal::Call::WrongNumberOfArguments | Nil), Crystal::Call::ArgumentsAlreadySpecified | Crystal::Call::ArgumentsTypeMismatch | Crystal::Call::BlockMismatch | Crystal::Call::ExtraNamedArguments | Crystal::Call::MissingNamedArguments | Crystal::Call::WrongNumberOfArguments | Nil)
      {2561 - 2561}: Tuple(Nil, Crystal::Call::ArgumentsAlreadySpecified | Crystal::Call::ArgumentsTypeMismatch | Crystal::Call::BlockMismatch | Crystal::Call::ExtraNamedArguments | Crystal::Call::MissingNamedArguments | Crystal::Call::WrongNumberOfArguments | Nil)
      {2562 - 2562}: Tuple(Array(Crystal::Call::ArgumentsAlreadySpecified | Crystal::Call::ArgumentsTypeMismatch | Crystal::Call::BlockMismatch | Crystal::Call::ExtraNamedArguments | Crystal::Call::MissingNamedArguments | Crystal::Call::WrongNumberOfArguments | Nil) | Nil, Crystal::Call::ArgumentsAlreadySpecified | Crystal::Call::ArgumentsTypeMismatch | Crystal::Call::BlockMismatch | Crystal::Call::ExtraNamedArguments | Crystal::Call::MissingNamedArguments | Crystal::Call::WrongNumberOfArguments | Nil)
      {2563 - 2563}: Tuple(Array(Int32), Int32 | Nil)
      {2564 - 2564}: Tuple(Nil, Int32 | Nil)
      {2565 - 2565}: Tuple(Array(Int32) | Nil, Int32 | Nil)
      {2566 - 2566}: Tuple(Hash::Entry(Int32, Int32), Int32)
      {2567 - 2567}: Tuple(Array(Crystal::Call::ArgumentTypeMismatch), Crystal::Call::ArgumentTypeMismatch | Nil)
      {2568 - 2568}: Tuple(Nil, Crystal::Call::ArgumentTypeMismatch | Nil)
      {2569 - 2569}: Tuple(Array(Crystal::Call::ArgumentTypeMismatch) | Nil, Crystal::Call::ArgumentTypeMismatch | Nil)
      {2570 - 2570}: Tuple(Array(Crystal::ASTNode | Crystal::Type), Crystal::ASTNode | Crystal::Type | Nil)
      {2571 - 2571}: Tuple(Nil, Crystal::ASTNode | Crystal::Type | Nil)
      {2572 - 2572}: Tuple(Array(Crystal::ASTNode | Crystal::Type) | Nil, Crystal::ASTNode | Crystal::Type | Nil)
      {2573 - 2573}: Tuple(Hash(Crystal::ASTNode | Crystal::Type, Crystal::ASTNode | Crystal::Type), Crystal::ASTNode | Crystal::Type)
      {2574 - 2574}: Tuple(Crystal::ASTNode | Crystal::Type, Crystal::ASTNode | Crystal::Type)
      {2575 - 2575}: Tuple(Hash::Entry(Crystal::ASTNode | Crystal::Type, Crystal::ASTNode | Crystal::Type), Int32)
      {2576 - 2576}: Tuple(Hash(Crystal::ASTNode | Crystal::Type, Nil), Crystal::ASTNode | Crystal::Type)
      {2577 - 2577}: Tuple(Crystal::ASTNode | Crystal::Type, Nil)
      {2578 - 2578}: Tuple(Crystal::ASTNode | Crystal::Type, String)
      {2579 - 2579}: Tuple(Tuple(Crystal::ASTNode | Crystal::Type, String), Tuple(Crystal::ASTNode | Crystal::Type, String))
      {2580 - 2580}: Tuple(String, Tuple(Crystal::ASTNode | Crystal::Type, String), String, Tuple(Crystal::ASTNode | Crystal::Type, String), String)
      {2581 - 2581}: Tuple(String, String, String, String, String, Crystal::EnumType, String)
      {2582 - 2582}: Tuple(Array(Int32 | String), Int32 | String | Nil)
      {2583 - 2583}: Tuple(Nil, Int32 | String | Nil)
      {2584 - 2584}: Tuple(Array(Int32 | String) | Nil, Int32 | String | Nil)
      {2585 - 2585}: Tuple(Hash(Int32 | String, Int32 | String), Int32 | String)
      {2586 - 2586}: Tuple(Int32 | String, Int32 | String)
      {2587 - 2587}: Tuple(Hash::Entry(Int32 | String, Int32 | String), Int32)
      {2588 - 2588}: Tuple(BitArray, Array(Array(Crystal::Type) | Crystal::Type | Nil))
      {2589 - 2589}: Tuple(Array(Array(String)), Array(String) | Nil)
      {2590 - 2590}: Tuple(Nil, Array(String) | Nil)
      {2591 - 2591}: Tuple(Array(Array(String)) | Nil, Array(String) | Nil)
      {2592 - 2592}: Tuple(Hash(Array(String), Array(String)), Array(String))
      {2593 - 2593}: Tuple(Hash::Entry(Array(String), Array(String)), Int32)
      {2594 - 2594}: Tuple(String, String, Crystal::Type)
      {2595 - 2595}: Tuple(String, Crystal::ProcType, String)
      {2596 - 2596}: Tuple(String, Crystal::ASTNode | Crystal::Type, String, Crystal::Type)
      {2597 - 2597}: Tuple(String, String, String, Crystal::Type, String, Crystal::VoidType)
      {2598 - 2598}: Tuple(String, String, String, String, Crystal::Type, String, Crystal::Type, String, Crystal::VoidType)
      {2599 - 2599}: Tuple(String, Crystal::Type, String, Crystal::VoidType)
      {2600 - 2600}: Tuple(Array(Crystal::Var) | Nil, Crystal::Type | Nil)
      {2601 - 2601}: Tuple(Hash::Entry(Crystal::DefInstanceKey, Crystal::Def), Int32)
      {2602 - 2602}: Tuple(Crystal::Def, Hash(String, Crystal::MetaVar))
      {2603 - 2603}: Tuple(Hash::Entry(Crystal::Def, Array(Crystal::Type)), Int32)
      {2604 - 2604}: Tuple(String, String, String, Crystal::Program, String)
      {2605 - 2605}: Tuple(String, String, String, Crystal::Program)
      {2606 - 2606}: Tuple(String, String, String, Crystal::Program, String, String, String, String, String)
      {2607 - 2607}: Tuple(Array(Crystal::Call), Crystal::Call | Nil)
      {2608 - 2608}: Tuple(Nil, Crystal::Call | Nil)
      {2609 - 2609}: Tuple(Array(Crystal::Call) | Nil, Crystal::Call | Nil)
      {2610 - 2610}: Tuple(String, Crystal::GenericModuleType, String)
      {2611 - 2611}: Tuple(String, Crystal::NumberLiteral, String)
      {2612 - 2612}: Tuple(String, Crystal::TupleInstanceType, String, Crystal::NumberLiteral, String, Int32, String, Int32, String)
      {2613 - 2613}: Tuple(Hash::Entry(Int32 | Range(Int32, Int32), Crystal::Def), Int32)
      {2614 - 2614}: Tuple(String, Crystal::Type, String, Crystal::NumberLiteral, String, Int32, String, Int32, String)
      {2615 - 2615}: Tuple(Hash::Entry(Int32, Crystal::Def), Int32)
      {2616 - 2616}: Tuple(String, String, String, Crystal::NamedTupleInstanceType)
      {2617 - 2617}: Tuple(String, Crystal::Block | Nil)
      {2618 - 2618}: Tuple(Crystal::GenericClassType | Crystal::GenericModuleInstanceType | Crystal::NonGenericModuleType)
      {2619 - 2619}: Tuple(String, String, String, Crystal::Path, String, String, String, Crystal::Type, String)
      {2620 - 2620}: Tuple(String, Crystal::ClassType, String, Crystal::Type, String, Crystal::Type | Nil, String)
      {2621 - 2621}: Tuple(Hash(Crystal::ASTNode, Crystal::ASTNode), Crystal::ASTNode)
      {2622 - 2622}: Tuple(Hash::Entry(Crystal::ASTNode, Crystal::ASTNode), Int32)
      {2623 - 2623}: Tuple(Crystal::GenericClassType | Crystal::GenericModuleType)
      {2624 - 2624}: Tuple(Int32, Pointer(Void))
      {2625 - 2625}: Tuple(String, String, Int32, Int32)
      {2626 - 2626}: Tuple(Pointer(UInt8), Int64, Pointer(UInt8))
      {2627 - 2627}: Tuple(String, Signal)
      {2628 - 2628}: Tuple(UInt8)
      {2629 - 2629}: Tuple(Channel::DeliveryState, Tuple(Log::Entry, Log::Backend))
      {2630 - 2630}: Tuple(Channel::DeliveryState, Channel::UseDefault | Tuple(Log::Entry, Log::Backend))
      {2631 - 2631}: Tuple(String, Log::Severity, String, Log::Severity, String)
      {2632 - 2632}: Tuple(Bool, Log::Severity)
      {2633 - 2633}: Tuple(String, Log::Severity.class, String, String)
      {2634 - 2634}: Tuple(OptionParser)
      {2635 - 2635}: Tuple(String, String, OptionParser, String)
      {2636 - 2636}: Tuple(Array(Crystal::Init::View), Array(Crystal::Init::View))
      {2637 - 2637}: Tuple(IO::FileDescriptor | Process::Redirect, IO::FileDescriptor)
      {2638 - 2638}: Tuple(UInt8, Int32, Int32)
      {2639 - 2639}: Tuple(Nil, UInt8)
      {2640 - 2640}: Tuple(Hash::Entry(String, NamedTuple(time: Time, location: Time::Location)), Int32)
      {2641 - 2641}: Tuple(Int16, Int32)
      {2642 - 2642}: Tuple(String, Int16 | Int32)
      {2643 - 2643}: Tuple(Int16 | Int32, Int32)
      {2644 - 2644}: Tuple(String, Int16 | Int32, String, Int16 | Int32, String)
      {2645 - 2645}: Tuple(Bool, Int16 | Int32)
      {2646 - 2646}: Tuple(Int32, Int16 | Int32)
      {2647 - 2647}: Tuple(String, Int16)
      {2648 - 2648}: Tuple(String, Int16, String, Int16 | Int32, String)
      {2649 - 2649}: Tuple(String, Colorize::Object(String), String, Path)
      {2650 - 2650}: Tuple(String, Colorize::Object(String), String, String, String, Colorize::Object(String))
      {2651 - 2651}: Tuple(String, Crystal::Init::Error)
      {2652 - 2652}: Tuple(String, String | Nil, String, String)
      {2653 - 2653}: Tuple(Hash::Entry(String, WeakRef(Log)), Int32)
      {2654 - 2654}: Tuple(String, String, Int32, String, Int32, String)
      {2655 - 2655}: Tuple(Hash::Entry(Int32, Crystal::Playground::Session), Int32)
      {2656 - 2656}: Tuple(String, String | Nil, String, Int32)
      {2657 - 2657}: Tuple(String, Int32, String, Int32, String, String)
      {2658 - 2658}: Tuple(String, String | Nil, String, Int32, String, Int32, String, Int32, String, Int32, String)
      {2659 - 2659}: Tuple(String, Int32, String, String, String)
      {2660 - 2660}: Tuple(String, Int32, String, Int32, String, String, String)
      {2661 - 2661}: Tuple(String, Char, String, Char, String)
      {2662 - 2662}: Tuple(String, String, TCPServer, String)
      {2663 - 2663}: Tuple(String, Socket::Type, String, Socket::Protocol, String)
      {2664 - 2664}: Tuple(String, Int32 | String, String, Socket::Type)
      {2665 - 2665}: Tuple(String, Socket::Family.class, String, Int32)
      {2666 - 2666}: Tuple(String, Socket::Type.class, String, Int32)
      {2667 - 2667}: Tuple(String, Socket::Protocol.class, String, Int32)
      {2668 - 2668}: Tuple(String, String, String | Nil)
      {2669 - 2669}: Tuple(String, Socket::Family, String, UInt8, String)
      {2670 - 2670}: Tuple(String, Socket::IPAddress)
      {2671 - 2671}: Tuple(String, String, TCPSocket, String)
      {2672 - 2672}: Tuple(String, String, UNIXSocket, String)
      {2673 - 2673}: Tuple(Char, Char, Char, Char, Char, Char, Char, Char, Char, Char, Char, Char, Char, Char, Char)
      {2674 - 2674}: Tuple(String, Char, String, Int32)
      {2675 - 2675}: Tuple(Hash(String, Hash(String, String)), String)
      {2676 - 2676}: Tuple(String, Hash(String, String))
      {2677 - 2677}: Tuple(String, Char, String, Int32, String)
      {2678 - 2678}: Tuple(Char::Reader, String)
      {2679 - 2679}: Tuple(Hash::Entry(String, Hash(String, String)), Int32)
      {2680 - 2680}: Tuple(Hash::Entry(String, Array(String)), Int32)
      {2681 - 2681}: Tuple(Int32, String | Nil, Crystal::System::Dir::Entry | Nil)
      {2682 - 2682}: Tuple(Int32, Nil, Nil)
      {2683 - 2683}: Tuple(Int32, String, Nil)
      {2684 - 2684}: Tuple(Int32, String, Crystal::System::Dir::Entry)
      {2685 - 2685}: Tuple(Int32, String | Nil, Nil)
      {2686 - 2686}: Tuple(Hash(Markd::Node::Type, Markd::Rule::BlockQuote | Markd::Rule::CodeBlock | Markd::Rule::Document | Markd::Rule::HTMLBlock | Markd::Rule::Heading | Markd::Rule::Item | Markd::Rule::List | Markd::Rule::Paragraph | Markd::Rule::ThematicBreak), Markd::Node::Type)
      {2687 - 2687}: Tuple(Markd::Node::Type, Markd::Rule::BlockQuote | Markd::Rule::CodeBlock | Markd::Rule::Document | Markd::Rule::HTMLBlock | Markd::Rule::Heading | Markd::Rule::Item | Markd::Rule::List | Markd::Rule::Paragraph | Markd::Rule::ThematicBreak)
      {2688 - 2688}: Tuple(Hash::Entry(Markd::Node::Type, Markd::Rule::BlockQuote | Markd::Rule::CodeBlock | Markd::Rule::Document | Markd::Rule::HTMLBlock | Markd::Rule::Heading | Markd::Rule::Item | Markd::Rule::List | Markd::Rule::Paragraph | Markd::Rule::ThematicBreak), Int32)
      {2689 - 2689}: Tuple(Markd::Node::Type, Markd::Node::Type)
      {2690 - 2690}: Tuple(Hash::Entry(String, Hash(String, String) | String), Int32)
      {2691 - 2691}: Tuple(Hash::Entry(String, Bool | Int32 | String), Int32)
      {2692 - 2692}: Tuple(Char, Char, Char, Char, Char, Char, Char, Char, Char, Char)
      {2693 - 2693}: Tuple(String, String, Float64, String)
      {2694 - 2694}: Tuple(Markd::Node::Type, Markd::Node::Type, Markd::Node::Type, Markd::Node::Type, Markd::Node::Type, Markd::Node::Type, Markd::Node::Type, Markd::Node::Type, Markd::Node::Type, Markd::Node::Type, Markd::Node::Type, Markd::Node::Type)
      {2695 - 2695}: Tuple(Markd::Node, Bool)
      {2696 - 2696}: Tuple(Hash(Char, Markd::Parser::Inline::Delimiter | Nil), Char)
      {2697 - 2697}: Tuple(Char, Markd::Parser::Inline::Delimiter | Nil)
      {2698 - 2698}: Tuple(Hash::Entry(Char, Markd::Parser::Inline::Delimiter | Nil), Int32)
      {2699 - 2699}: Tuple(String, String, String, String, String, String, String, String, String, String, String, String, String)
      {2700 - 2700}: Tuple(Int32, String, Int32, String, Int32, String, Int32)
      {2701 - 2701}: Tuple(UInt32, UInt32, UInt32, UInt32)
      {2702 - 2702}: Tuple(String, Int32 | UInt64)
      {2703 - 2703}: Tuple(Int32 | UInt64, Int32)
      {2704 - 2704}: Tuple(String, Int64, String)
      {2705 - 2705}: Tuple(Char::Reader, Nil)
      {2706 - 2706}: Tuple(Char::Reader, String | Nil)
      {2707 - 2707}: Tuple(String, String, Int32, String, String)
      {2708 - 2708}: Tuple(Hash(String, Time::Location), String)
      {2709 - 2709}: Tuple(String, Time::Location)
      {2710 - 2710}: Tuple(Hash::Entry(String, Time::Location), Int32)
      {2711 - 2711}: Tuple(ArgumentError, String, Int32, String, String)
      {2712 - 2712}: Tuple(ArgumentError, String, String)
      {2713 - 2713}: Tuple(Hash::Entry(String, Set(String)), Int32)
      {2714 - 2714}: Tuple(Path, String)
      {2715 - 2715}: Tuple(String, Int64, String, Int64, String)
      {2716 - 2716}: Tuple(Bool, Int64)
      {2717 - 2717}: Tuple(String, Int64, String, Int64, String, Int64)
      {2718 - 2718}: Tuple(Float64, String)
      {2719 - 2719}: Tuple(Nil, Char, Char, Char, Char, Char, Char, Char, Char, Char, Char)
      {2720 - 2720}: Tuple(Tuple(Char, Char, Char, Char, Char, Char, Char, Char, Char, Char), Tuple(Nil, Char, Char, Char, Char, Char, Char, Char, Char, Char, Char))
      {2721 - 2721}: Tuple(Int32, Char | Nil)
      {2722 - 2722}: Tuple(Int32, Float64)
      {2723 - 2723}: Tuple(Socket::Address | String, String, String, String, String, String, String, String, Int32, String, String, String)
      {2724 - 2724}: Tuple(Socket)
      {2725 - 2725}: Tuple(String, String, String, String, String, String, String, String, String, String, String)
      {2726 - 2726}: Tuple(Hash::Entry(Crystal::Type, Crystal::Doc::Type), Int32)
      {2727 - 2727}: Tuple(Crystal::Doc::Type, String)
      {2728 - 2728}: Tuple(Tuple(Crystal::Doc::Type, String), Tuple(Crystal::Doc::Type, String))
      {2729 - 2729}: Tuple(String, Tuple(Crystal::Doc::Type, String), String, Tuple(Crystal::Doc::Type, String), String)
      {2730 - 2730}: Tuple(String::Builder)
      {2731 - 2731}: Tuple(Crystal::Doc::Method, Tuple(Int32, String))
      {2732 - 2732}: Tuple(Tuple(Crystal::Doc::Method, Tuple(Int32, String)), Tuple(Crystal::Doc::Method, Tuple(Int32, String)))
      {2733 - 2733}: Tuple(String, Tuple(Crystal::Doc::Method, Tuple(Int32, String)), String, Tuple(Crystal::Doc::Method, Tuple(Int32, String)), String)
      {2734 - 2734}: Tuple(Hash(Crystal::Doc::Method, Nil), Crystal::Doc::Method)
      {2735 - 2735}: Tuple(Crystal::Doc::Method, Nil)
      {2736 - 2736}: Tuple(Hash::Entry(Crystal::Doc::Method, Nil), Int32)
      {2737 - 2737}: Tuple(Crystal::Doc::Macro, Tuple(Int32, String))
      {2738 - 2738}: Tuple(Tuple(Crystal::Doc::Macro, Tuple(Int32, String)), Tuple(Crystal::Doc::Macro, Tuple(Int32, String)))
      {2739 - 2739}: Tuple(String, Tuple(Crystal::Doc::Macro, Tuple(Int32, String)), String, Tuple(Crystal::Doc::Macro, Tuple(Int32, String)), String)
      {2740 - 2740}: Tuple(Crystal::Doc::Constant, String)
      {2741 - 2741}: Tuple(Tuple(Crystal::Doc::Constant, String), Tuple(Crystal::Doc::Constant, String))
      {2742 - 2742}: Tuple(String, Tuple(Crystal::Doc::Constant, String), String, Tuple(Crystal::Doc::Constant, String), String)
      {2743 - 2743}: Tuple(Crystal::Doc::Main)
      {2744 - 2744}: Tuple(NamedTuple(refname: String, path: String, filename: String, line: Int32))
      {2745 - 2745}: Tuple(String, Crystal::Doc::RelativeLocation, String, Crystal::Doc::RelativeLocation, String)
      {2746 - 2746}: Tuple(Array(Crystal::Doc::Type), Crystal::Doc::Type | Nil)
      {2747 - 2747}: Tuple(Nil, Crystal::Doc::Type | Nil)
      {2748 - 2748}: Tuple(Array(Crystal::Doc::Type) | Nil, Crystal::Doc::Type | Nil)
      {2749 - 2749}: Tuple(Hash(Crystal::Doc::Type, Crystal::Doc::Type), Crystal::Doc::Type)
      {2750 - 2750}: Tuple(Crystal::Doc::Type, Crystal::Doc::Type)
      {2751 - 2751}: Tuple(Hash::Entry(Crystal::Doc::Type, Crystal::Doc::Type), Int32)
      {2752 - 2752}: Tuple(Hash(String, Array(Crystal::Doc::Method)), String)
      {2753 - 2753}: Tuple(String, Array(Crystal::Doc::Method))
      {2754 - 2754}: Tuple(Hash::Entry(String, Array(Crystal::Doc::Method)), Int32)
      {2755 - 2755}: Tuple(Hash(String, Array(Crystal::Doc::Macro)), String)
      {2756 - 2756}: Tuple(String, Array(Crystal::Doc::Macro))
      {2757 - 2757}: Tuple(Hash::Entry(String, Array(Crystal::Doc::Macro)), Int32)
      {2758 - 2758}: Tuple(String | Nil)
      {2759 - 2759}: Tuple(Process::Status, Time::Span)
      {2760 - 2760}: Tuple(String, Time::Span)
      {2761 - 2761}: Tuple(String, Signal, String, Int32, String)
      {2762 - 2762}: Tuple(String, String, String, String | Nil, String, String, String)
      {2763 - 2763}: Tuple(Crystal::NumberLiteral, Crystal::Var)
      {2764 - 2764}: Tuple(Hash::Entry(String, Array(Int32)), Int32)
      {2765 - 2765}: Tuple(String, Range(Int32, Int32))
      {2766 - 2766}: Tuple(Crystal::Command::CompilerConfig, Crystal::Compiler::Result)
      {2767 - 2767}: Tuple(Int32, String, String, String)
      {2768 - 2768}: Tuple(Hash::Entry(String, Crystal::Type), Int32)
      {2769 - 2769}: Tuple(String, String, String, Int32, String, Int32, String, String | Nil)
      {2770 - 2770}: Tuple(Crystal::ASTNode | Nil, String, String)
      {2771 - 2771}: Tuple(Array(Array(NamedTuple(name: String, implementation: Crystal::ImplementationTrace))))
      {2772 - 2772}: Tuple(String, Array(NamedTuple(name: String, implementation: Crystal::ImplementationTrace)))
      {2773 - 2773}: Tuple(Crystal::Type, UInt64 | Nil)
      {2774 - 2774}: Tuple(Hash(Crystal::MetaTypeVar, Tuple(Crystal::Type, UInt64 | Nil)), Crystal::MetaTypeVar)
      {2775 - 2775}: Tuple(Crystal::MetaTypeVar, Tuple(Crystal::Type, UInt64 | Nil))
      {2776 - 2776}: Tuple(Hash::Entry(Crystal::MetaTypeVar, Tuple(Crystal::Type, UInt64 | Nil)), Int32)
      {2777 - 2777}: Tuple(String, Crystal::DependencyPrinter::Format.class, String, String)
      {2778 - 2778}: Tuple(String, String | Nil, String, String, String, Int32, String, Int32)
      {2779 - 2779}: Tuple(String, String, Crystal::Type | Nil)
      {2780 - 2780}: Tuple(Hash::Entry(Crystal::Location, Int32), Int32)
      {2781 - 2781}: Tuple(Tuple(Crystal::Def, Int32), Tuple(String, Int32, Int32))
      {2782 - 2782}: Tuple(Tuple(Tuple(Crystal::Def, Int32), Tuple(String, Int32, Int32)), Tuple(Tuple(Crystal::Def, Int32), Tuple(String, Int32, Int32)))
      {2783 - 2783}: Tuple(String, Tuple(Tuple(Crystal::Def, Int32), Tuple(String, Int32, Int32)), String, Tuple(Tuple(Crystal::Def, Int32), Tuple(String, Int32, Int32)), String)
      {2784 - 2784}: Tuple(Hash(String, Hash(Int32, Int32)), String)
      {2785 - 2785}: Tuple(String, Hash(Int32, Int32))
      {2786 - 2786}: Tuple(Hash::Entry(String, Hash(Int32, Int32)), Int32)
      {2787 - 2787}: Tuple(String, Process::Redirect.class)
    {2789 - 2832}: NamedTuple
      {2789 - 2789}: NamedTuple(key: Symbol, value: Log::Metadata::Value)
      {2790 - 2790}: NamedTuple(name: String, implementation: Crystal::ImplementationTrace)
      {2791 - 2791}: NamedTuple(time: Time, location: Time::Location)
      {2792 - 2792}: NamedTuple(fore: Colorize::Color256 | Colorize::ColorANSI | Colorize::ColorRGB, back: Colorize::Color256 | Colorize::ColorANSI | Colorize::ColorRGB, mode: Colorize::Mode)
      {2793 - 2793}: NamedTuple()
      {2794 - 2794}: NamedTuple(size: UInt64, atomic: Int32)
      {2795 - 2795}: NamedTuple(size: UInt64)
      {2796 - 2796}: NamedTuple(op: String, fd: Int32, index: Int64)
      {2797 - 2797}: NamedTuple(op: String, fd: Int32)
      {2798 - 2798}: NamedTuple(fiber: Fiber)
      {2799 - 2799}: NamedTuple(file: String)
      {2800 - 2800}: NamedTuple(target: IO::FileDescriptor)
      {2801 - 2801}: NamedTuple(target: File)
      {2802 - 2802}: NamedTuple(target: IO::FileDescriptor)
      {2803 - 2803}: NamedTuple(blocking: Bool)
      {2804 - 2804}: NamedTuple(fd: UInt64, index: Int64, filter: Int16, flags: UInt16, fflags: UInt32)
      {2805 - 2805}: NamedTuple(target: Socket)
      {2806 - 2806}: NamedTuple(lookup_in_namespace: Bool, location: Crystal::Location | Nil)
      {2807 - 2807}: NamedTuple(include_private: Bool)
      {2808 - 2808}: NamedTuple(chomp: Bool)
      {2809 - 2809}: NamedTuple(prefix: Bool, upcase: Bool, precision: Int32 | Nil, alternative: Bool)
      {2810 - 2810}: NamedTuple(index: Int32, location: Crystal::Location)
      {2811 - 2811}: NamedTuple(lookup_in_namespace: Bool)
      {2812 - 2812}: NamedTuple(lookup_ancestors_for_new: Bool)
      {2813 - 2813}: NamedTuple(analyze_all: Bool)
      {2814 - 2814}: NamedTuple(target: UNIXServer)
      {2815 - 2815}: NamedTuple(target: IPSocket)
      {2816 - 2816}: NamedTuple(bundle: LLVM::OperandBundleDef, name: String)
      {2817 - 2817}: NamedTuple(" ": String, "'": String, "\"": String, "\\": String)
      {2818 - 2818}: NamedTuple(for: Time::Span)
      {2819 - 2819}: NamedTuple(file: String, other: String)
      {2820 - 2820}: NamedTuple(name: String, reused: Bool)
      {2821 - 2821}: NamedTuple(name: String, message: String | Nil, backtrace: Array(String))
      {2822 - 2822}: NamedTuple(exception: NamedTuple(name: String, message: String | Nil, backtrace: Array(String)))
      {2823 - 2823}: NamedTuple(force_colon: Bool)
      {2824 - 2824}: NamedTuple(target: TCPServer)
      {2825 - 2825}: NamedTuple(domain: String)
      {2826 - 2826}: NamedTuple(domain: String, type: Socket::Type, protocol: Socket::Protocol, service: Int32 | String)
      {2827 - 2827}: NamedTuple(type: Socket::Type, protocol: Socket::Protocol, service: Int32 | String)
      {2828 - 2828}: NamedTuple(target: TCPSocket)
      {2829 - 2829}: NamedTuple(target: UNIXSocket)
      {2830 - 2830}: NamedTuple(num_delims: Int32, can_open: Bool, can_close: Bool)
      {2831 - 2831}: NamedTuple(refname: String, path: String, filename: String, line: Int32)
    {2833 - 2876}: StaticArray
      {2833 - 2833}: StaticArray(UInt8, 56)
      {2834 - 2834}: StaticArray(UInt8, 40)
      {2835 - 2835}: StaticArray(UInt8, 8)
      {2836 - 2836}: StaticArray(UInt8, 16)
      {2837 - 2837}: StaticArray(Int32, 2)
      {2838 - 2838}: StaticArray(Int64, 2)
      {2839 - 2839}: StaticArray(LibC::Timespec, 2)
      {2840 - 2840}: StaticArray(UInt8, 20)
      {2841 - 2841}: StaticArray(UInt64, 9)
      {2842 - 2842}: StaticArray(UInt8, 256)
      {2843 - 2843}: StaticArray(UInt64, 2)
      {2844 - 2844}: StaticArray(UInt8, 14)
      {2845 - 2845}: StaticArray(UInt8, 6)
      {2846 - 2846}: StaticArray(UInt8, 112)
      {2847 - 2847}: StaticArray(UInt16, 8)
      {2848 - 2848}: StaticArray(UInt32, 4)
      {2849 - 2849}: StaticArray(UInt8, 104)
      {2850 - 2850}: StaticArray(UInt32, 5)
      {2851 - 2851}: StaticArray(UInt8, 48)
      {2852 - 2852}: StaticArray(UInt32, 2)
      {2853 - 2853}: StaticArray(UInt8, 64)
      {2854 - 2854}: StaticArray(UInt8, 2)
      {2855 - 2855}: StaticArray(UInt8, 4)
      {2856 - 2856}: StaticArray(UInt64, 62)
      {2857 - 2857}: StaticArray(UInt8, 129)
      {2858 - 2858}: StaticArray(UInt8, 1024)
      {2859 - 2859}: StaticArray(LibC::Kevent, 2)
      {2860 - 2860}: StaticArray(UInt8, 32768)
      {2861 - 2861}: StaticArray(UInt8, 1)
      {2862 - 2862}: StaticArray(Int8, 256)
      {2863 - 2863}: StaticArray(Char, 2)
      {2864 - 2864}: StaticArray(LibC::Kevent, 128)
      {2865 - 2865}: StaticArray(Pointer(Crystal::EventLoop::Polling::Event), 128)
      {2866 - 2866}: StaticArray(UInt8, 77)
      {2867 - 2867}: StaticArray(UInt8, 1076)
      {2868 - 2868}: StaticArray(UInt8, 773)
      {2869 - 2869}: StaticArray(UInt8, 17)
      {2870 - 2870}: StaticArray(Int32, 256)
      {2871 - 2871}: StaticArray(Pointer(Void), 100)
      {2872 - 2872}: StaticArray(String, 8)
      {2873 - 2873}: StaticArray(LLVM::Value, 2)
      {2874 - 2874}: StaticArray(UInt32, 16)
      {2875 - 2875}: StaticArray(UInt32, 80)
    {2877 - 3487}: Struct
      {2877 - 2900}: Range
        {2877 - 2877}: Range(UInt8, UInt8)
        {2878 - 2878}: Range(Int8, Int8)
        {2879 - 2879}: Range(Int16, Int16)
        {2880 - 2880}: Range(UInt16, UInt16)
        {2881 - 2881}: Range(Int32, Int32)
        {2882 - 2882}: Range(UInt32, UInt32)
        {2883 - 2883}: Range(Int64, Int64)
        {2884 - 2884}: Range(UInt64, UInt64)
        {2885 - 2885}: Range(Int128, Int128)
        {2886 - 2886}: Range(UInt128, UInt128)
        {2887 - 2887}: Range(Int, Int)
        {2888 - 2888}: Range(Float, Float)
        {2889 - 2889}: Range(Int32, Nil)
        {2890 - 2890}: Range(Char, Char)
        {2891 - 2891}: Range(LibPCRE2::Error, LibPCRE2::Error)
        {2892 - 2892}: Range(UInt8, Int32)
        {2893 - 2893}: Range(Int32, Int32 | Nil)
        {2894 - 2894}: Range(Nil, Int32)
        {2895 - 2895}: Range(Crystal::Token::Kind, Crystal::Token::Kind)
        {2896 - 2896}: Range(Int64, Nil)
        {2897 - 2897}: Range(Int32 | Nil, Int32 | Nil)
        {2898 - 2898}: Range(Int32, UInt16)
        {2899 - 2899}: Range(Nil, Nil)
      {2901 - 2935}: Slice
        {2901 - 2901}: Slice(UInt8)
        {2902 - 2902}: Slice(UInt16)
        {2903 - 2903}: Slice(UInt64)
        {2904 - 2904}: Slice(Pointer(Crystal::EventLoop::Polling::Arena::Entry(Crystal::EventLoop::Polling::PollDescriptor)))
        {2905 - 2905}: Slice(Fiber::Stack)
        {2906 - 2906}: Slice(LibC::Kevent)
        {2907 - 2907}: Slice(Pointer(Crystal::EventLoop::Polling::Event))
        {2908 - 2908}: Slice(Tuple(Crystal::Type, UInt64))
        {2909 - 2909}: Slice(Tuple(Crystal::Type, String))
        {2910 - 2910}: Slice(Tuple(Crystal::NamedArgumentType, String))
        {2911 - 2911}: Slice(Int32)
        {2912 - 2912}: Slice(String)
        {2913 - 2913}: Slice(Tuple(Crystal::Arg, String))
        {2914 - 2914}: Slice(Crystal::Type)
        {2915 - 2915}: Slice(Tuple(Crystal::Type, Tuple(Int32, Int32, String)))
        {2916 - 2916}: Slice(Tuple(Crystal::Type, Int32))
        {2917 - 2917}: Slice(Tuple(String, Regex::Options))
        {2918 - 2918}: Slice(Array(String) | Nil)
        {2919 - 2919}: Slice(Tuple(Crystal::Program::RequireWithTimestamp, String))
        {2920 - 2920}: Slice(LLVM::ABI::X86_64::RegClass)
        {2921 - 2921}: Slice(Tuple(Tuple(Int32, Int32), Int32))
        {2922 - 2922}: Slice(Tuple(Tuple(Crystal::Type, Tuple(Int32, Int32)), Tuple(Int32, Int32)))
        {2923 - 2923}: Slice(Tuple(String, Time))
        {2924 - 2924}: Slice(Crystal::ASTNode)
        {2925 - 2925}: Slice(Tuple(Crystal::ASTNode, InterpretCompareWrapper))
        {2926 - 2926}: Slice(Tuple(Tuple(Int32, Crystal::NamedArgument), Int32))
        {2927 - 2927}: Slice(Tuple(Crystal::ASTNode | Crystal::Type, String))
        {2928 - 2928}: Slice(Char)
        {2929 - 2929}: Slice(Tuple(Crystal::Doc::Type, String))
        {2930 - 2930}: Slice(Tuple(Crystal::Doc::Method, Tuple(Int32, String)))
        {2931 - 2931}: Slice(Tuple(Crystal::Doc::Macro, Tuple(Int32, String)))
        {2932 - 2932}: Slice(Tuple(Crystal::Doc::Constant, String))
        {2933 - 2933}: Slice(Crystal::Doc::RelativeLocation)
        {2934 - 2934}: Slice(Tuple(Tuple(Crystal::Def, Int32), Tuple(String, Int32, Int32)))
      {2936 - 2949}: Crystal::PointerLinkedList
        {2936 - 2936}: Crystal::PointerLinkedList(Crystal::Once::Operation)
        {2937 - 2937}: Crystal::PointerLinkedList(Fiber::PointerLinkedListNode)
        {2938 - 2938}: Crystal::PointerLinkedList(Crystal::EventLoop::Polling::Event)
        {2939 - 2939}: Crystal::PointerLinkedList(Channel::Sender(Int32))
        {2940 - 2940}: Crystal::PointerLinkedList(Channel::Sender(Exception | Nil))
        {2941 - 2941}: Crystal::PointerLinkedList(Channel::Sender(Tuple(Log::Entry, Log::Backend)))
        {2942 - 2942}: Crystal::PointerLinkedList(Channel::Sender(Nil))
        {2943 - 2943}: Crystal::PointerLinkedList(Channel::Receiver(Int32))
        {2944 - 2944}: Crystal::PointerLinkedList(Channel::Receiver(Exception | Nil))
        {2945 - 2945}: Crystal::PointerLinkedList(Channel::Receiver(Tuple(Log::Entry, Log::Backend)))
        {2946 - 2946}: Crystal::PointerLinkedList(Channel::Receiver(Nil))
        {2947 - 2947}: Crystal::PointerLinkedList(Channel::Sender(String))
        {2948 - 2948}: Crystal::PointerLinkedList(Channel::Receiver(String))
      {2950 - 2950}: Crystal::SpinLock
      {2951 - 2951}: Crystal::Once::Operation
      {2952 - 2952}: LibC::DlInfo
      {2953 - 2953}: LibC::PthreadAttrT
      {2954 - 2954}: LibC::PthreadCondT
      {2955 - 2955}: LibC::PthreadCondattrT
      {2956 - 2956}: LibC::PthreadMutexT
      {2957 - 2957}: LibC::PthreadMutexattrT
      {2958 - 2958}: LibUnwind::Exception
      {2959 - 2959}: Crystal::DWARF::Abbrev::Attribute
      {2960 - 2960}: Crystal::DWARF::Abbrev
      {2961 - 2961}: Crystal::DWARF::Info
      {2962 - 2962}: Crystal::DWARF::LineNumbers::Register
      {2963 - 2963}: Crystal::DWARF::LineNumbers::Row
      {2964 - 2964}: Crystal::DWARF::LineNumbers::Sequence::FileEntry
      {2965 - 2965}: Crystal::DWARF::LineNumbers::Sequence
      {2966 - 2966}: Crystal::DWARF::LineNumbers::LNCTFormat
      {2967 - 2967}: Crystal::DWARF::LineNumbers
      {2968 - 2968}: Crystal::DWARF::Strings
      {2969 - 2969}: Crystal::MachO::Segment64
      {2970 - 2970}: Crystal::MachO::UUID
      {2971 - 2971}: Crystal::MachO::Section64
      {2972 - 2972}: Crystal::MachO::Symtab
      {2973 - 2973}: Crystal::MachO::Nlist64::Type
      {2974 - 2974}: Crystal::MachO::Nlist64
      {2975 - 2975}: Crystal::MachO::StabEntry
      {2976 - 2976}: Crystal::MachO
      {2977 - 2977}: Exception::CallStack
      {2978 - 2978}: Exception::CallStack::RepeatedFrame
      {2979 - 2979}: Enumerable::Chunk::Drop
      {2980 - 2980}: Enumerable::Chunk::Alone
      {2981 - 2981}: Enumerable::Chunk::Accumulator
      {2982 - 2983}: Enumerable::Reflect
        {2982 - 2982}: Enumerable::Reflect(Int32)
      {2984 - 2984}: Iterator::EmptyIterator
      {2985 - 2985}: Iterator::SingletonIterator
      {2986 - 2986}: Iterator::SingletonProcIterator
      {2987 - 2987}: Iterator::CompactMapIterator
      {2988 - 2988}: Iterator::ConsIterator
      {2989 - 2990}: Iterator::ConsTupleIterator
        {2989 - 2989}: Iterator::ConsTupleIterator(Indexable::ItemIterator(Array(Crystal::Type), Crystal::Type), Crystal::Type)
      {2991 - 2991}: Iterator::CycleIterator
      {2992 - 2992}: Iterator::FlattenIterator
      {2993 - 2993}: Iterator::InGroupsOfIterator
      {2994 - 2994}: Iterator::MapIterator
      {2995 - 2995}: Iterator::RejectIterator
      {2996 - 2996}: Iterator::SelectIterator
      {2997 - 2997}: Iterator::SelectTypeIterator
      {2998 - 2998}: Iterator::SliceIterator
      {2999 - 2999}: Iterator::StepByIterator
      {3000 - 3000}: Iterator::TapIterator
      {3001 - 3001}: Iterator::UniqIterator
      {3002 - 3002}: Iterator::WithObjectIterator
      {3003 - 3003}: Iterator::ZipIterator
      {3004 - 3005}: Crystal::SmallDeque
        {3004 - 3004}: Crystal::SmallDeque(Char, 2)
      {3006 - 3006}: Crystal::Iconv
      {3007 - 3008}: Float::FastFloat::FromCharsResultT
        {3007 - 3007}: Float::FastFloat::FromCharsResultT(UInt8)
      {3009 - 3010}: Float::FastFloat::ParseOptionsT
        {3009 - 3009}: Float::FastFloat::ParseOptionsT(UInt8)
      {3011 - 3011}: Float::FastFloat::Value128
      {3012 - 3012}: Float::FastFloat::AdjustedMantissa
      {3013 - 3013}: Float::FastFloat::BinaryFormat_Float64
      {3014 - 3014}: Float::FastFloat::BinaryFormat_Float32
      {3015 - 3016}: Float::FastFloat::ParsedNumberStringT
        {3015 - 3015}: Float::FastFloat::ParsedNumberStringT(UInt8)
      {3017 - 3018}: Float::FastFloat::Stackvec
        {3017 - 3017}: Float::FastFloat::Stackvec(62)
      {3019 - 3019}: Float::FastFloat::Bigint
      {3020 - 3025}: String::ToUnsignedInfo
        {3020 - 3020}: String::ToUnsignedInfo(UInt32)
        {3021 - 3021}: String::ToUnsignedInfo(UInt8)
        {3022 - 3022}: String::ToUnsignedInfo(UInt16)
        {3023 - 3023}: String::ToUnsignedInfo(UInt64)
        {3024 - 3024}: String::ToUnsignedInfo(UInt128)
      {3026 - 3026}: IO::LineIterator
      {3027 - 3027}: IO::CharIterator
      {3028 - 3028}: IO::ByteIterator
      {3029 - 3029}: IO::EncodingOptions
      {3030 - 3030}: Crystal::EventLoop::Polling::Arena::Index
      {3031 - 3032}: Crystal::EventLoop::Polling::Arena::Entry
        {3031 - 3031}: Crystal::EventLoop::Polling::Arena::Entry(Crystal::EventLoop::Polling::PollDescriptor)
      {3033 - 3033}: Crystal::EventLoop::Polling::Event
      {3034 - 3034}: Crystal::EventLoop::Polling::PollDescriptor
      {3035 - 3035}: Crystal::EventLoop::Polling::Waiters
      {3036 - 3037}: Crystal::EventLoop::Timers
        {3036 - 3036}: Crystal::EventLoop::Timers(Crystal::EventLoop::Polling::Event)
      {3038 - 3038}: LibC::Tm
      {3039 - 3039}: LibC::Timespec
      {3040 - 3040}: LibC::Kevent
      {3041 - 3041}: Crystal::System::Kqueue
      {3042 - 3042}: LibC::Stat
      {3043 - 3043}: LibC::Flock
      {3044 - 3044}: LibC::Termios
      {3045 - 3045}: String::Formatter::Flags
      {3046 - 3051}: String::Formatter
        {3046 - 3046}: String::Formatter(Tuple(Int32))
        {3047 - 3047}: String::Formatter(Tuple(Float64))
        {3048 - 3048}: String::Formatter(Tuple(Int32, Float64))
        {3049 - 3049}: String::Formatter(Tuple(NamedTuple(refname: String, path: String, filename: String, line: Int32)))
        {3050 - 3050}: String::Formatter(Tuple(String))
      {3052 - 3052}: String::Grapheme
      {3053 - 3055}: Array::FlattenHelper
        {3053 - 3053}: Array::FlattenHelper(String)
        {3054 - 3054}: Array::FlattenHelper(Crystal::Annotation)
      {3056 - 3059}: Atomic
        {3056 - 3056}: Atomic(Int32)
        {3057 - 3057}: Atomic(Channel::SelectState)
        {3058 - 3058}: Atomic(Bool)
      {3060 - 3060}: Atomic::Flag
      {3061 - 3061}: Char::Reader
      {3062 - 3062}: Fiber::Context
      {3063 - 3063}: Fiber::Stack
      {3064 - 3064}: Channel::NotReady
      {3065 - 3065}: Channel::UseDefault
      {3066 - 3071}: Channel::Sender
        {3066 - 3066}: Channel::Sender(Int32)
        {3067 - 3067}: Channel::Sender(Exception | Nil)
        {3068 - 3068}: Channel::Sender(Tuple(Log::Entry, Log::Backend))
        {3069 - 3069}: Channel::Sender(Nil)
        {3070 - 3070}: Channel::Sender(String)
      {3072 - 3077}: Channel::Receiver
        {3072 - 3072}: Channel::Receiver(Int32)
        {3073 - 3073}: Channel::Receiver(Exception | Nil)
        {3074 - 3074}: Channel::Receiver(Tuple(Log::Entry, Log::Backend))
        {3075 - 3075}: Channel::Receiver(Nil)
        {3076 - 3076}: Channel::Receiver(String)
      {3078 - 3078}: LibC::SiginfoT
      {3079 - 3079}: LibC::Sigaction
      {3080 - 3080}: LibC::StackT
      {3081 - 3081}: LibC::DivT
      {3082 - 3082}: Crystal::System::Dir::Entry
      {3083 - 3083}: LibC::Dirent
      {3084 - 3084}: Dir::EntryIterator
      {3085 - 3085}: Dir::ChildIterator
      {3086 - 3086}: Dir::Globber::DirectoriesOnly
      {3087 - 3087}: Dir::Globber::ConstantEntry
      {3088 - 3088}: Dir::Globber::EntryMatch
      {3089 - 3089}: Dir::Globber::RecursiveDirectories
      {3090 - 3090}: Dir::Globber::ConstantDirectory
      {3091 - 3091}: Dir::Globber::RootDirectory
      {3092 - 3092}: Dir::Globber::DirectoryMatch
      {3093 - 3093}: File::Info
      {3094 - 3094}: Float::Printer::CachedPowers::Power
      {3095 - 3095}: Float::Printer::DiyFP
      {3096 - 3096}: Float::Printer::Dragonbox::WUInt::UInt128
      {3097 - 3097}: GC::Stats
      {3098 - 3098}: GC::ProfStats
      {3099 - 3099}: LibGC::StackBase
      {3100 - 3100}: LibGC::ProfStats
      {3101 - 3101}: Crystal::Hasher
      {3102 - 3242}: Hash::Entry
        {3102 - 3102}: Hash::Entry(String, Crystal)
        {3103 - 3103}: Hash::Entry(String, Log::Metadata::Value)
        {3104 - 3104}: Hash::Entry(String, JSON::Any)
        {3105 - 3105}: Hash::Entry(String, Array(String) | String)
        {3106 - 3106}: Hash::Entry(String, String)
        {3107 - 3107}: Hash::Entry(String, Crystal::MetaVar)
        {3108 - 3108}: Hash::Entry(String, Nil)
        {3109 - 3109}: Hash::Entry(String, String | Nil)
        {3110 - 3110}: Hash::Entry(Int32, Tuple(Int32, Int32, Int32))
        {3111 - 3111}: Hash::Entry(Int32, Tuple(Int32, Int32))
        {3112 - 3112}: Hash::Entry(Int64, Int32)
        {3113 - 3113}: Hash::Entry(Crystal::AnnotationType, Array(Crystal::Annotation))
        {3114 - 3114}: Hash::Entry(Int32, Crystal::Expressions)
        {3115 - 3115}: Hash::Entry(Int32, Array(Crystal::Lexer::LocPopPragma | Crystal::Lexer::LocPushPragma | Crystal::Lexer::LocSetPragma))
        {3116 - 3116}: Hash::Entry(String, Array(Crystal::DefWithMetadata))
        {3117 - 3117}: Hash::Entry(String, Array(Crystal::Macro))
        {3118 - 3118}: Hash::Entry(String, Crystal::ASTNode)
        {3119 - 3119}: Hash::Entry(Crystal::Def, Array(Crystal::Type))
        {3120 - 3120}: Hash::Entry(Bool, Array(Crystal::ExhaustivenessChecker::Target))
        {3121 - 3121}: Hash::Entry(Crystal::Const, Array(Crystal::ExhaustivenessChecker::Target))
        {3122 - 3122}: Hash::Entry(String, Array(Crystal::ASTNode))
        {3123 - 3123}: Hash::Entry(String, Crystal::ASTNode | Crystal::Type)
        {3124 - 3124}: Hash::Entry(String, Crystal::Arg)
        {3125 - 3125}: Hash::Entry(Crystal::Def, Crystal::Def)
        {3126 - 3126}: Hash::Entry(String, Crystal::Type)
        {3127 - 3127}: Hash::Entry(String, Bool | Int32 | String)
        {3128 - 3128}: Hash::Entry(String, Int32)
        {3129 - 3129}: Hash::Entry(Crystal::Def, Int32)
        {3130 - 3130}: Hash::Entry(String, Tuple(Int32, Crystal::Type))
        {3131 - 3131}: Hash::Entry(Int32, Crystal::ASTNode)
        {3132 - 3132}: Hash::Entry(Crystal::Def, Crystal::Repl::CompiledDef)
        {3133 - 3133}: Hash::Entry(Crystal::External, Crystal::Repl::LibFunction)
        {3134 - 3134}: Hash::Entry(Crystal::Repl::Context::MultidispatchKey, Crystal::Def)
        {3135 - 3135}: Hash::Entry(Pointer(Void), Crystal::Repl::CompiledDef)
        {3136 - 3136}: Hash::Entry(Crystal::SyntaxHighlighter::TokenType, Colorize::Color256 | Colorize::ColorANSI | Colorize::ColorRGB)
        {3137 - 3137}: Hash::Entry(String, Crystal::CodeGenVisitor::ModuleInfo)
        {3138 - 3138}: Hash::Entry(String, Crystal::CodeGenVisitor::LLVMVar)
        {3139 - 3139}: Hash::Entry(Tuple(LLVM::Module, String), LLVM::Type)
        {3140 - 3140}: Hash::Entry(Crystal::ASTNode, Crystal::CodeGenVisitor::Handler)
        {3141 - 3141}: Hash::Entry(Int32, Int32)
        {3142 - 3142}: Hash::Entry(Crystal::Type, LLVM::Type)
        {3143 - 3143}: Hash::Entry(Tuple(UInt64, Symbol), Nil)
        {3144 - 3144}: Hash::Entry(UInt64, UInt64)
        {3145 - 3145}: Hash::Entry(Signal, Proc(Signal, Nil))
        {3146 - 3146}: Hash::Entry(Int32, Channel(Int32))
        {3147 - 3147}: Hash::Entry(String, NamedTuple(time: Time, location: Time::Location))
        {3148 - 3148}: Hash::Entry(Log::Backend, Log::Severity)
        {3149 - 3149}: Hash::Entry(String, WeakRef(Log))
        {3150 - 3150}: Hash::Entry(LLVM::Attribute, UInt32)
        {3151 - 3151}: Hash::Entry(String, Crystal::NamedType)
        {3152 - 3152}: Hash::Entry(Crystal::DefInstanceKey, Crystal::Def)
        {3153 - 3153}: Hash::Entry(String, Crystal::MetaTypeVar)
        {3154 - 3154}: Hash::Entry(Array(Crystal::ASTNode | Crystal::Type), Crystal::Type)
        {3155 - 3155}: Hash::Entry(String, Crystal::TypeParameter)
        {3156 - 3156}: Hash::Entry(Int32 | Range(Int32, Int32), Crystal::Def)
        {3157 - 3157}: Hash::Entry(Array(Crystal::NamedArgumentType), Crystal::Type)
        {3158 - 3158}: Hash::Entry(Int32, Crystal::Def)
        {3159 - 3159}: Hash::Entry(String, Crystal::FileModule)
        {3160 - 3160}: Hash::Entry(Array(UInt64), Crystal::UnionType)
        {3161 - 3161}: Hash::Entry(String, OptionParser::Handler)
        {3162 - 3162}: Hash::Entry(String, Array(Int32))
        {3163 - 3163}: Hash::Entry(String, Tuple(Crystal::ASTNode, Crystal::ASTNode))
        {3164 - 3164}: Hash::Entry(Crystal::ClassVarContainer, Hash(String, Tuple(Crystal::ASTNode, Crystal::ASTNode)))
        {3165 - 3165}: Hash::Entry(String, Crystal::TypeFilter)
        {3166 - 3166}: Hash::Entry(String, Crystal::TypeDeclarationProcessor::TypeDeclarationWithLocation)
        {3167 - 3167}: Hash::Entry(Crystal::Type, Hash(String, Crystal::TypeDeclarationProcessor::TypeDeclarationWithLocation))
        {3168 - 3168}: Hash::Entry(String, Crystal::TypeDeclarationProcessor::InstanceVarTypeInfo)
        {3169 - 3169}: Hash::Entry(Crystal::Type, Hash(String, Crystal::TypeDeclarationProcessor::InstanceVarTypeInfo))
        {3170 - 3170}: Hash::Entry(Crystal::Type, Array(Crystal::TypeDeclarationProcessor::InitializeInfo))
        {3171 - 3171}: Hash::Entry(Crystal::Type, Array(String))
        {3172 - 3172}: Hash::Entry(String, Crystal::TypeDeclarationProcessor::InitializeInfo)
        {3173 - 3173}: Hash::Entry(Crystal::Type, Hash(String, Crystal::TypeDeclarationProcessor::InitializeInfo))
        {3174 - 3174}: Hash::Entry(String, Crystal::TypeDeclarationProcessor::Error)
        {3175 - 3175}: Hash::Entry(Crystal::Type, Hash(String, Crystal::TypeDeclarationProcessor::Error))
        {3176 - 3176}: Hash::Entry(String, Crystal::TypeGuessVisitor::TypeInfo)
        {3177 - 3177}: Hash::Entry(Crystal::ClassVarContainer, Hash(String, Crystal::TypeGuessVisitor::TypeInfo))
        {3178 - 3178}: Hash::Entry(Crystal::ClassVarContainer, Hash(String, Crystal::TypeDeclarationProcessor::TypeDeclarationWithLocation))
        {3179 - 3179}: Hash::Entry(String, Crystal::External)
        {3180 - 3180}: Hash::Entry(String, Array(String))
        {3181 - 3181}: Hash::Entry(String, Hash(String, String) | String)
        {3182 - 3182}: Hash::Entry(Crystal::Type, Crystal::Doc::Type)
        {3183 - 3183}: Hash::Entry(String, Set(String))
        {3184 - 3184}: Hash::Entry(HTTP::Headers::Key, Array(String) | String)
        {3185 - 3185}: Hash::Entry(String, HTTP::Cookie)
        {3186 - 3186}: Hash::Entry(Int32, Crystal::Playground::Session)
        {3187 - 3187}: Hash::Entry(Crystal::Location, Int32)
        {3188 - 3188}: Hash::Entry(Crystal::Repl::ClassVars::Key, Crystal::Repl::ClassVars::Value)
        {3189 - 3189}: Hash::Entry(Crystal::Const, Crystal::Repl::Constants::Value)
        {3190 - 3190}: Hash::Entry(Tuple(UInt64, UInt64), Crystal::Repl::FFIClosureContext)
        {3191 - 3191}: Hash::Entry(Crystal::Type, Array(Crystal::Repl::CompiledDef))
        {3192 - 3192}: Hash::Entry(Crystal::Type, Int32)
        {3193 - 3193}: Hash::Entry(Crystal::Repl::LocalVars::Key, Crystal::Type)
        {3194 - 3194}: Hash::Entry(Crystal::Repl::LocalVars::Key, Int32)
        {3195 - 3195}: Hash::Entry(Crystal::MacroInterpreter::MacroVarKey, String)
        {3196 - 3196}: Hash::Entry(String, Crystal::Program::CompiledMacroRun)
        {3197 - 3197}: Hash::Entry(String, Crystal::MacroType)
        {3198 - 3198}: Hash::Entry(Crystal::Type, Crystal::CodeGenVisitor::ModuleInfo)
        {3199 - 3199}: Hash::Entry(Crystal::CodeGenVisitor::StringKey, LLVM::Value)
        {3200 - 3200}: Hash::Entry(Crystal::VirtualFile | String | Nil, LibLLVM::MetadataRef)
        {3201 - 3201}: Hash::Entry(LLVM::Module, Hash(Crystal::VirtualFile | String | Nil, LibLLVM::MetadataRef))
        {3202 - 3202}: Hash::Entry(Crystal::Type, LibLLVM::MetadataRef | Nil)
        {3203 - 3203}: Hash::Entry(LLVM::Module, Hash(Crystal::Type, LibLLVM::MetadataRef | Nil))
        {3204 - 3204}: Hash::Entry(LLVM::Module, Crystal::CodeGenVisitor::DIBuilder)
        {3205 - 3205}: Hash::Entry(LLVM::Function, Array(Crystal::CodeGenVisitor::FunMetadata))
        {3206 - 3206}: Hash::Entry(Tuple(String, String), LibLLVM::MetadataRef)
        {3207 - 3207}: Hash::Entry(Crystal::Type, Tuple(Int32, Int32))
        {3208 - 3208}: Hash::Entry(String, LLVM::Type)
        {3209 - 3209}: Hash::Entry(Thread, Pointer(LibPCRE2::JITStack))
        {3210 - 3210}: Hash::Entry(Thread, Pointer(LibPCRE2::MatchData))
        {3211 - 3211}: Hash::Entry(Crystal::Type, Nil)
        {3212 - 3212}: Hash::Entry(Crystal::Def, Nil)
        {3213 - 3213}: Hash::Entry(Crystal::ASTNode, Nil)
        {3214 - 3214}: Hash::Entry(Int32, Nil)
        {3215 - 3215}: Hash::Entry(Int64, Array(Crystal::DWARF::Abbrev))
        {3216 - 3216}: Hash::Entry(Char, String)
        {3217 - 3217}: Hash::Entry(Char, Char)
        {3218 - 3218}: Hash::Entry(Crystal::Type, Crystal::Matches)
        {3219 - 3219}: Hash::Entry(Crystal::Type, Crystal::Type)
        {3220 - 3220}: Hash::Entry(Bool, Array(String))
        {3221 - 3221}: Hash::Entry(Crystal::Const, Array(String))
        {3222 - 3222}: Hash::Entry(Int32, Crystal::Type)
        {3223 - 3223}: Hash::Entry(LLVM::Value, LLVM::BasicBlock)
        {3224 - 3224}: Hash::Entry(Int32 | String, String | Nil)
        {3225 - 3225}: Hash::Entry(Int32, String)
        {3226 - 3226}: Hash::Entry(Crystal::MacroType, Crystal::MacroType)
        {3227 - 3227}: Hash::Entry(Crystal::ASTNode | Crystal::Type, Crystal::ASTNode | Crystal::Type)
        {3228 - 3228}: Hash::Entry(Crystal::ASTNode | Crystal::Type, Nil)
        {3229 - 3229}: Hash::Entry(Int32 | String, Int32 | String)
        {3230 - 3230}: Hash::Entry(Array(String), Array(String))
        {3231 - 3231}: Hash::Entry(Crystal::ASTNode, Crystal::ASTNode)
        {3232 - 3232}: Hash::Entry(String, Hash(String, String))
        {3233 - 3233}: Hash::Entry(Markd::Node::Type, Markd::Rule::BlockQuote | Markd::Rule::CodeBlock | Markd::Rule::Document | Markd::Rule::HTMLBlock | Markd::Rule::Heading | Markd::Rule::Item | Markd::Rule::List | Markd::Rule::Paragraph | Markd::Rule::ThematicBreak)
        {3234 - 3234}: Hash::Entry(Char, Markd::Parser::Inline::Delimiter | Nil)
        {3235 - 3235}: Hash::Entry(String, Time::Location)
        {3236 - 3236}: Hash::Entry(Crystal::Doc::Method, Nil)
        {3237 - 3237}: Hash::Entry(Crystal::Doc::Type, Crystal::Doc::Type)
        {3238 - 3238}: Hash::Entry(String, Array(Crystal::Doc::Method))
        {3239 - 3239}: Hash::Entry(String, Array(Crystal::Doc::Macro))
        {3240 - 3240}: Hash::Entry(Crystal::MetaTypeVar, Tuple(Crystal::Type, UInt64 | Nil))
        {3241 - 3241}: Hash::Entry(String, Hash(Int32, Int32))
      {3243 - 3243}: Fiber::PointerLinkedListNode
      {3244 - 3244}: LibC::Passwd
      {3245 - 3245}: Path
      {3246 - 3250}: Pointer::Appender
        {3246 - 3246}: Pointer::Appender(UInt8)
        {3247 - 3247}: Pointer::Appender(Crystal::ASTNode)
        {3248 - 3248}: Pointer::Appender(String)
        {3249 - 3249}: Pointer::Appender(UInt16)
      {3251 - 3251}: Process::Tms
      {3252 - 3252}: Crystal::System::Process
      {3253 - 3253}: LibC::Rlimit
      {3254 - 3254}: LibC::RUsage
      {3255 - 3255}: Crystal::RWLock
      {3256 - 3256}: LEBReader
      {3257 - 3259}: Crystal::ThreadLocalValue
        {3257 - 3257}: Crystal::ThreadLocalValue(Pointer(LibPCRE2::JITStack))
        {3258 - 3258}: Crystal::ThreadLocalValue(Pointer(LibPCRE2::MatchData))
      {3260 - 3260}: Regex::MatchData
      {3261 - 3268}: Set
        {3261 - 3261}: Set(Crystal::Type)
        {3262 - 3262}: Set(String)
        {3263 - 3263}: Set(Crystal::Def)
        {3264 - 3264}: Set(Crystal::ASTNode)
        {3265 - 3265}: Set(Int32)
        {3266 - 3266}: Set(Crystal::ASTNode | Crystal::Type)
        {3267 - 3267}: Set(Crystal::Doc::Method)
      {3269 - 3269}: Crystal::System::Sigset
      {3270 - 3270}: LibC::Timeval
      {3271 - 3271}: LibC::Timezone
      {3272 - 3272}: LibC::MachTimebaseInfo
      {3273 - 3273}: Time
      {3274 - 3274}: Time::Format
      {3275 - 3275}: Time::Format::Formatter
      {3276 - 3276}: Time::Format::Parser
      {3277 - 3277}: Time::Location::Zone
      {3278 - 3278}: Time::Location::ZoneTransition
      {3279 - 3279}: Time::Span
      {3280 - 3280}: Time::MonthSpan
      {3281 - 3281}: VaList
      {3282 - 3282}: Log::Builder::Binding
      {3283 - 3283}: Log::Metadata::Value
      {3284 - 3284}: Log::Entry
      {3285 - 3285}: Log::ProcFormatter
      {3286 - 3287}: Log::StaticFormatter
        {3286 - 3286}: Log::ShortFormat
      {3288 - 3288}: Log::Context
      {3289 - 3289}: Log::Emitter
      {3290 - 3290}: LLVM::ABI::ArgType
      {3291 - 3291}: LLVM::BasicBlock
      {3292 - 3292}: LLVM::BasicBlockCollection
      {3293 - 3293}: LibLLVM::MCJITCompilerOptions
      {3294 - 3294}: LLVM::DIBuilder
      {3295 - 3295}: LLVM::Type
      {3296 - 3296}: LLVM::Value
      {3297 - 3297}: LLVM::Metadata
      {3298 - 3298}: LLVM::Function
      {3299 - 3299}: LLVM::FunctionCollection
      {3300 - 3300}: LLVM::FunctionPassManager::Runner
      {3301 - 3301}: LLVM::GlobalCollection
      {3302 - 3302}: LLVM::InstructionCollection
      {3303 - 3303}: LLVM::OperandBundleDef
      {3304 - 3304}: LLVM::ParameterCollection
      {3305 - 3305}: LLVM::PassRegistry
      {3306 - 3306}: LLVM::PhiTable
      {3307 - 3307}: LLVM::Target
      {3308 - 3308}: LLVM::TargetData
      {3309 - 3309}: JSON::Any
      {3310 - 3310}: JSON::Builder::StartState
      {3311 - 3311}: JSON::Builder::DocumentStartState
      {3312 - 3312}: JSON::Builder::ArrayState
      {3313 - 3313}: JSON::Builder::ObjectState
      {3314 - 3314}: JSON::Builder::DocumentEndState
      {3315 - 3316}: JSON::ArrayConverter::WithInstance
        {3315 - 3315}: JSON::ArrayConverter::WithInstance(Crystal::PrettyTypeNameJsonConverter.class)
      {3317 - 3317}: JSON::HashValueConverter::WithInstance
      {3318 - 3318}: Crystal::HashLiteral::Entry
      {3319 - 3319}: Crystal::NamedTupleLiteral::Entry
      {3320 - 3320}: Crystal::Type::DefInMacroLookup
      {3321 - 3321}: Crystal::DefWithMetadata
      {3322 - 3322}: Crystal::Hook
      {3323 - 3323}: Crystal::DefInstanceKey
      {3324 - 3324}: Crystal::Program::ConstSliceInfo
      {3325 - 3325}: Crystal::Program::RecordedRequire
      {3326 - 3326}: OptionParser::Handler
      {3327 - 3327}: Colorize::Color256
      {3328 - 3328}: Colorize::ColorRGB
      {3329 - 3333}: Colorize::Object
        {3329 - 3329}: Colorize::Object(String)
        {3330 - 3330}: Colorize::Object(Int32)
        {3331 - 3331}: Colorize::Object(IO::Error)
        {3332 - 3332}: Colorize::Object(Nil)
      {3334 - 3334}: Crystal::Compiler::Source
      {3335 - 3335}: Crystal::Compiler::Result
      {3336 - 3336}: Crystal::SmallNodeList
      {3337 - 3337}: Levenshtein::Finder::Entry
      {3338 - 3338}: Crystal::Type::TypeLookup
      {3339 - 3339}: Crystal::Call::WrongNumberOfArguments
      {3340 - 3340}: Crystal::Call::MissingNamedArguments
      {3341 - 3341}: Crystal::Call::BlockMismatch
      {3342 - 3342}: Crystal::Call::ExtraNamedArguments
      {3343 - 3343}: Crystal::Call::ArgumentsAlreadySpecified
      {3344 - 3344}: Crystal::Call::ArgumentsTypeMismatch
      {3345 - 3345}: Crystal::Call::ArgumentTypeMismatch
      {3346 - 3346}: BitArray
      {3347 - 3347}: Crystal::Cover
      {3348 - 3348}: Crystal::ExhaustivenessChecker::TypePattern
      {3349 - 3349}: Crystal::ExhaustivenessChecker::EnumMemberPattern
      {3350 - 3350}: Crystal::ExhaustivenessChecker::EnumMemberNamePattern
      {3351 - 3351}: Crystal::ExhaustivenessChecker::BoolPattern
      {3352 - 3352}: Crystal::ExhaustivenessChecker::UnderscorePattern
      {3353 - 3353}: Crystal::ExhaustivenessChecker
      {3354 - 3354}: Crystal::TypeFilters
      {3355 - 3355}: Crystal::Program::FinishedHook
      {3356 - 3356}: Crystal::InstanceVarsInitializerVisitor::Initializer
      {3357 - 3357}: Crystal::Matches
      {3358 - 3358}: Crystal::MathInterpreter
      {3359 - 3359}: Crystal::NamedArgumentType
      {3360 - 3360}: Crystal::CallSignature
      {3361 - 3361}: Crystal::VirtualTypeLookup::Change
      {3362 - 3362}: Crystal::TopLevelVisitor::FinishedHook
      {3363 - 3363}: Crystal::TypeDeclarationProcessor::TypeDeclarationWithLocation
      {3364 - 3364}: Crystal::TypeDeclarationProcessor::Error
      {3365 - 3365}: Crystal::TypeDeclarationProcessor::NilableInstanceVar
      {3366 - 3366}: Crystal::TypeDeclarationProcessor
      {3367 - 3367}: Crystal::TypeToRestriction
      {3368 - 3368}: Crystal::DeprecatedAnnotation
      {3369 - 3369}: Crystal::TablePrint::Separator
      {3370 - 3370}: Markd::Rule::BlockQuote
      {3371 - 3371}: Markd::Rule::CodeBlock
      {3372 - 3372}: Markd::Rule::Document
      {3373 - 3373}: Markd::Rule::Heading
      {3374 - 3374}: Markd::Rule::HTMLBlock
      {3375 - 3375}: Markd::Rule::Item
      {3376 - 3376}: Markd::Rule::List
      {3377 - 3377}: Markd::Rule::Paragraph
      {3378 - 3378}: Markd::Rule::ThematicBreak
      {3379 - 3379}: URI::Parser
      {3380 - 3380}: URI::Params
      {3381 - 3381}: Crystal::Token::MacroState
      {3382 - 3382}: Crystal::Token::DelimiterState
      {3383 - 3383}: Crystal::Lexer::LocSetPragma
      {3384 - 3384}: Crystal::Lexer::LocPushPragma
      {3385 - 3385}: Crystal::Lexer::LocPopPragma
      {3386 - 3386}: Crystal::Parser::Unclosed
      {3387 - 3387}: Crystal::Parser::Piece
      {3388 - 3388}: Crystal::Parser::ArgExtras
      {3389 - 3389}: Crystal::Parser::CallArgs
      {3390 - 3390}: Crystal::Doc::Main
      {3391 - 3391}: Crystal::Doc::Method::DocInfo
      {3392 - 3392}: Crystal::Doc::TypeTemplate
      {3393 - 3393}: Crystal::Doc::ListItemsTemplate
      {3394 - 3394}: Crystal::Doc::MethodSummaryTemplate
      {3395 - 3395}: Crystal::Doc::MethodDetailTemplate
      {3396 - 3396}: Crystal::Doc::MethodsInheritedTemplate
      {3397 - 3397}: Crystal::Doc::MacrosInheritedTemplate
      {3398 - 3398}: Crystal::Doc::OtherTypesTemplate
      {3399 - 3399}: Crystal::Doc::MainTemplate
      {3400 - 3400}: Crystal::Doc::HeadTemplate
      {3401 - 3401}: Crystal::Doc::SidebarTemplate
      {3402 - 3402}: Crystal::Doc::Error404Template
      {3403 - 3403}: Crystal::Doc::JsTypeTemplate
      {3404 - 3404}: Crystal::Doc::JsSearchTemplate
      {3405 - 3405}: Crystal::Doc::JsNavigatorTemplate
      {3406 - 3406}: Crystal::Doc::JsVersionsTemplate
      {3407 - 3407}: Crystal::Doc::JsUsageModal
      {3408 - 3408}: Crystal::Doc::StyleTemplate
      {3409 - 3409}: Crystal::Doc::SitemapTemplate
      {3410 - 3410}: Crystal::ExpandResult::Expansion
      {3411 - 3411}: Crystal::ExpandResult
      {3412 - 3412}: Crystal::Formatter::AlignInfo
      {3413 - 3413}: Crystal::Formatter::HeredocFix
      {3414 - 3414}: Crystal::Formatter::HeredocInfo
      {3415 - 3415}: LibC::Sockaddr
      {3416 - 3416}: LibC::SockaddrStorage
      {3417 - 3417}: LibC::Linger
      {3418 - 3418}: LibC::InAddr
      {3419 - 3419}: LibC::In6AddrU6Addr
      {3420 - 3420}: LibC::In6Addr
      {3421 - 3421}: LibC::SockaddrIn
      {3422 - 3422}: LibC::SockaddrIn6
      {3423 - 3423}: LibC::IpMreq
      {3424 - 3424}: LibC::Ipv6Mreq
      {3425 - 3425}: LibC::Addrinfo
      {3426 - 3426}: LibC::SockaddrUn
      {3427 - 3429}: Socket::Address
        {3427 - 3427}: Socket::IPAddress
        {3428 - 3428}: Socket::UNIXAddress
      {3430 - 3430}: Socket::Addrinfo
      {3431 - 3431}: MIME::MediaType
      {3432 - 3432}: HTTP::EndOfRequest
      {3433 - 3433}: HTTP::HeaderLine
      {3434 - 3434}: HTTP::Request::RequestLine
      {3435 - 3435}: HTTP::Headers::Key
      {3436 - 3436}: HTTP::Headers
      {3437 - 3437}: HTTP::FormData::Part
      {3438 - 3438}: HTTP::FormData::FileMetadata
      {3439 - 3439}: HTTP::StaticFileHandler::DirectoryListing
      {3440 - 3440}: HTTP::WebSocket::Protocol::PacketInfo
      {3441 - 3441}: Crystal::Playground::WorkbookIndexPage::Item
      {3442 - 3442}: CSV::Row
      {3443 - 3443}: CSV::Builder::Row
      {3444 - 3444}: CSV::Parser::RowIterator
      {3445 - 3445}: CSV::Token
      {3446 - 3446}: Crystal::UnreachablePresenter
      {3447 - 3447}: Crystal::Command::CompilerConfig
      {3448 - 3448}: Crystal::CrystalPath
      {3449 - 3449}: Crystal::Repl::EvalResult
      {3450 - 3450}: Crystal::Repl::Value
      {3451 - 3451}: Crystal::Repl::Compiler::CompilingBlock
      {3452 - 3452}: Crystal::Repl::Compiler::LocalVar
      {3453 - 3453}: Crystal::Repl::Compiler::ClosuredVar
      {3454 - 3454}: Crystal::Repl::ClassVars::Key
      {3455 - 3455}: Crystal::Repl::ClassVars::Value
      {3456 - 3456}: Crystal::Repl::CompiledInstructions::ExceptionHandler
      {3457 - 3457}: Crystal::Repl::Constants::Value
      {3458 - 3458}: Crystal::Repl::Context::MultidispatchKey
      {3459 - 3459}: Crystal::Repl::Context::InstanceVarInitializer
      {3460 - 3460}: Crystal::LibFFI::Cif
      {3461 - 3461}: Crystal::LibFFI::Type
      {3462 - 3462}: Crystal::FFI::Type
      {3463 - 3463}: Crystal::FFI::CallInterface
      {3464 - 3464}: Crystal::FFI::Closure
      {3465 - 3465}: Crystal::Repl::Interpreter::CallFrame
      {3466 - 3466}: Crystal::Repl::Interpreter::SmallReturnedValue
      {3467 - 3467}: Crystal::Repl::Interpreter::BigReturnedValue
      {3468 - 3468}: Crystal::Repl::Interpreter::RaisedException
      {3469 - 3469}: Crystal::Repl::LocalVars::Key
      {3470 - 3470}: LibC::Winsize
      {3471 - 3471}: Reply::CharReader
      {3472 - 3472}: Reply::Search::SearchResult
      {3473 - 3473}: Crystal::MacroInterpreter::MacroVarKey
      {3474 - 3474}: Crystal::Program::CompiledMacroRun
      {3475 - 3475}: Crystal::Program::MacroRunResult
      {3476 - 3476}: Crystal::Program::RequireWithTimestamp
      {3477 - 3477}: SemanticVersion::Prerelease
      {3478 - 3478}: SemanticVersion
      {3479 - 3479}: InterpretCompareWrapper
      {3480 - 3480}: Crystal::LLVMTypedFunction
      {3481 - 3481}: Crystal::CodeGenVisitor::Handler
      {3482 - 3482}: Crystal::CodeGenVisitor::StringKey
      {3483 - 3483}: Crystal::CodeGenVisitor::ModuleInfo
      {3484 - 3484}: Crystal::CodeGenVisitor::FunMetadata
      {3485 - 3485}: Crystal::ExperimentalAnnotation
      {3486 - 3486}: Crystal::LinkAnnotation
    {3488 - 3488}: Enum
    {3489 - 3689}: Proc
      {3489 - 3489}: Proc(Int32, Pointer(LibC::SiginfoT), Pointer(Void), Nil)
      {3490 - 3490}: Proc(Pointer(Void), Pointer(Void), LibUnwind::ReasonCode)
      {3491 - 3491}: Proc(Pointer(Void), Pointer(Void))
      {3492 - 3492}: Proc(Int32, Nil)
      {3493 - 3493}: Proc(Pointer(Void), Pointer(Void), Nil)
      {3494 - 3494}: Proc(Nil)
      {3495 - 3495}: Proc(UInt64, Nil)
      {3496 - 3496}: Proc(LibGC::EventType, Nil)
      {3497 - 3497}: Proc(LibGC::EventType, Pointer(Void), Nil)
      {3498 - 3498}: Proc(Pointer(UInt8), UInt64, Nil)
      {3499 - 3499}: Proc(Pointer(Void), Pointer(LibPCRE2::JITStack))
      {3500 - 3500}: Proc(Signal, Nil)
      {3501 - 3501}: Proc(Pointer(Void), Pointer(Void), Int32)
      {3502 - 3502}: Proc(String, Nil)
      {3503 - 3503}: Proc(IO, Nil)
      {3504 - 3504}: Proc(HTTP::Server::Context, Nil)
      {3505 - 3505}: Proc(Pointer(Crystal::LibFFI::Cif), Pointer(Void), Pointer(Pointer(Void)), Pointer(Void), Nil)
      {3506 - 3506}: Proc(Int32, Bool, String)
      {3507 - 3507}: Proc(IO, Int32, Int32)
      {3508 - 3508}: Proc(Nil)
      {3509 - 3509}: Proc(Thread, Nil)
      {3510 - 3510}: Proc(Int32, (Exception | Nil), Nil)
      {3511 - 3511}: Proc(Log::Entry, IO, Nil)
      {3512 - 3512}: Proc(Array(String), Array(String), Nil)
      {3513 - 3513}: Proc(HTTP::Request, Nil)
      {3514 - 3514}: Proc(Slice(UInt8), Nil)
      {3515 - 3515}: Proc(HTTP::WebSocket::CloseCode, String, Nil)
      {3516 - 3516}: Proc(HTTP::WebSocket, HTTP::Server::Context, Nil)
      {3517 - 3517}: Proc(String, String)
      {3518 - 3518}: Proc(String, String, Tuple(String, Array(String)))
      {3519 - 3519}: Proc(IO, String, Nil)
      {3520 - 3520}: Proc(IO, String, String, Nil)
      {3521 - 3521}: Proc(Hash(String, Crystal), String, Crystal)
      {3522 - 3522}: Proc(Hash(String, Log::Metadata::Value), String, Log::Metadata::Value)
      {3523 - 3523}: Proc(Hash(String, JSON::Any), String, JSON::Any)
      {3524 - 3524}: Proc(Hash(String, Array(String) | String), String, (Array(String) | String))
      {3525 - 3525}: Proc(Hash(String, String), String, String)
      {3526 - 3526}: Proc(Hash(String, Crystal::MetaVar), String, Crystal::MetaVar)
      {3527 - 3527}: Proc(Hash(String, Nil), String, Nil)
      {3528 - 3528}: Proc(Hash(String, String | Nil), String, (String | Nil))
      {3529 - 3529}: Proc(Hash(Int32, Tuple(Int32, Int32, Int32)), Int32, Tuple(Int32, Int32, Int32))
      {3530 - 3530}: Proc(Hash(Int32, Tuple(Int32, Int32)), Int32, Tuple(Int32, Int32))
      {3531 - 3531}: Proc(Hash(Int64, Int32), Int64, Int32)
      {3532 - 3532}: Proc(Hash(Crystal::AnnotationType, Array(Crystal::Annotation)), Crystal::AnnotationType, Array(Crystal::Annotation))
      {3533 - 3533}: Proc(Hash(Int32, Crystal::Expressions), Int32, Crystal::Expressions)
      {3534 - 3534}: Proc(Hash(Int32, Array(Crystal::Lexer::LocPopPragma | Crystal::Lexer::LocPushPragma | Crystal::Lexer::LocSetPragma)), Int32, Array(Crystal::Lexer::LocPopPragma | Crystal::Lexer::LocPushPragma | Crystal::Lexer::LocSetPragma))
      {3535 - 3535}: Proc(Hash(String, Array(Crystal::DefWithMetadata)), String, Array(Crystal::DefWithMetadata))
      {3536 - 3536}: Proc(Hash(String, Array(Crystal::Macro)), String, Array(Crystal::Macro))
      {3537 - 3537}: Proc(Hash(String, Crystal::ASTNode), String, Crystal::ASTNode)
      {3538 - 3538}: Proc(Hash(Crystal::Def, Array(Crystal::Type)), Crystal::Def, Array(Crystal::Type))
      {3539 - 3539}: Proc(Hash(Bool, Array(Crystal::ExhaustivenessChecker::Target)), Bool, Array(Crystal::ExhaustivenessChecker::Target))
      {3540 - 3540}: Proc(Hash(Crystal::Const, Array(Crystal::ExhaustivenessChecker::Target)), Crystal::Const, Array(Crystal::ExhaustivenessChecker::Target))
      {3541 - 3541}: Proc(Hash(String, Array(Crystal::ASTNode)), String, Array(Crystal::ASTNode))
      {3542 - 3542}: Proc(Hash(String, Crystal::ASTNode | Crystal::Type), String, (Crystal::ASTNode | Crystal::Type))
      {3543 - 3543}: Proc(Hash(String, Crystal::Arg), String, Crystal::Arg)
      {3544 - 3544}: Proc(Hash(Crystal::Def, Crystal::Def), Crystal::Def, Crystal::Def)
      {3545 - 3545}: Proc(Hash(String, Crystal::Type), String, Crystal::Type)
      {3546 - 3546}: Proc(Hash(String, Bool | Int32 | String), String, (Bool | Int32 | String))
      {3547 - 3547}: Proc(Hash(String, Int32), String, Int32)
      {3548 - 3548}: Proc(Hash(Crystal::Def, Int32), Crystal::Def, Int32)
      {3549 - 3549}: Proc(Hash(String, Tuple(Int32, Crystal::Type)), String, Tuple(Int32, Crystal::Type))
      {3550 - 3550}: Proc(Hash(Int32, Crystal::ASTNode), Int32, Crystal::ASTNode)
      {3551 - 3551}: Proc(Hash(Crystal::Def, Crystal::Repl::CompiledDef), Crystal::Def, Crystal::Repl::CompiledDef)
      {3552 - 3552}: Proc(Hash(Crystal::External, Crystal::Repl::LibFunction), Crystal::External, Crystal::Repl::LibFunction)
      {3553 - 3553}: Proc(Hash(Crystal::Repl::Context::MultidispatchKey, Crystal::Def), Crystal::Repl::Context::MultidispatchKey, Crystal::Def)
      {3554 - 3554}: Proc(Hash(Pointer(Void), Crystal::Repl::CompiledDef), Pointer(Void), Crystal::Repl::CompiledDef)
      {3555 - 3555}: Proc(Hash(Crystal::SyntaxHighlighter::TokenType, Colorize::Color256 | Colorize::ColorANSI | Colorize::ColorRGB), Crystal::SyntaxHighlighter::TokenType, (Colorize::Color256 | Colorize::ColorANSI | Colorize::ColorRGB))
      {3556 - 3556}: Proc(Hash(String, Crystal::CodeGenVisitor::ModuleInfo), String, Crystal::CodeGenVisitor::ModuleInfo)
      {3557 - 3557}: Proc(Hash(String, Crystal::CodeGenVisitor::LLVMVar), String, Crystal::CodeGenVisitor::LLVMVar)
      {3558 - 3558}: Proc(Hash(Tuple(LLVM::Module, String), LLVM::Type), Tuple(LLVM::Module, String), LLVM::Type)
      {3559 - 3559}: Proc(Hash(Crystal::ASTNode, Crystal::CodeGenVisitor::Handler), Crystal::ASTNode, Crystal::CodeGenVisitor::Handler)
      {3560 - 3560}: Proc(Hash(Int32, Int32), Int32, Int32)
      {3561 - 3561}: Proc(Hash(Crystal::Type, LLVM::Type), Crystal::Type, LLVM::Type)
      {3562 - 3562}: Proc(Hash(Tuple(UInt64, Symbol), Nil), Tuple(UInt64, Symbol), Nil)
      {3563 - 3563}: Proc(Hash(UInt64, UInt64), UInt64, UInt64)
      {3564 - 3564}: Proc(Hash(Signal, Proc(Signal, Nil)), Signal, Proc(Signal, Nil))
      {3565 - 3565}: Proc(Hash(Int32, Channel(Int32)), Int32, Channel(Int32))
      {3566 - 3566}: Proc(Hash(String, NamedTuple(time: Time, location: Time::Location)), String, NamedTuple(time: Time, location: Time::Location))
      {3567 - 3567}: Proc(Hash(Log::Backend, Log::Severity), Log::Backend, Log::Severity)
      {3568 - 3568}: Proc(Hash(String, WeakRef(Log)), String, WeakRef(Log))
      {3569 - 3569}: Proc(Hash(LLVM::Attribute, UInt32), LLVM::Attribute, UInt32)
      {3570 - 3570}: Proc(Hash(String, Crystal::NamedType), String, Crystal::NamedType)
      {3571 - 3571}: Proc(Hash(Crystal::DefInstanceKey, Crystal::Def), Crystal::DefInstanceKey, Crystal::Def)
      {3572 - 3572}: Proc(Hash(String, Crystal::MetaTypeVar), String, Crystal::MetaTypeVar)
      {3573 - 3573}: Proc(Hash(Array(Crystal::ASTNode | Crystal::Type), Crystal::Type), Array(Crystal::ASTNode | Crystal::Type), Crystal::Type)
      {3574 - 3574}: Proc(Hash(String, Crystal::TypeParameter), String, Crystal::TypeParameter)
      {3575 - 3575}: Proc(Hash(Int32 | Range(Int32, Int32), Crystal::Def), (Int32 | Range(Int32, Int32)), Crystal::Def)
      {3576 - 3576}: Proc(Hash(Array(Crystal::NamedArgumentType), Crystal::Type), Array(Crystal::NamedArgumentType), Crystal::Type)
      {3577 - 3577}: Proc(Hash(Int32, Crystal::Def), Int32, Crystal::Def)
      {3578 - 3578}: Proc(Hash(String, Crystal::FileModule), String, Crystal::FileModule)
      {3579 - 3579}: Proc(Hash(Array(UInt64), Crystal::UnionType), Array(UInt64), Crystal::UnionType)
      {3580 - 3580}: Proc(Hash(String, OptionParser::Handler), String, OptionParser::Handler)
      {3581 - 3581}: Proc(Hash(String, Array(Int32)), String, Array(Int32))
      {3582 - 3582}: Proc(Hash(String, Tuple(Crystal::ASTNode, Crystal::ASTNode)), String, Tuple(Crystal::ASTNode, Crystal::ASTNode))
      {3583 - 3583}: Proc(Hash(Crystal::ClassVarContainer, Hash(String, Tuple(Crystal::ASTNode, Crystal::ASTNode))), Crystal::ClassVarContainer, Hash(String, Tuple(Crystal::ASTNode, Crystal::ASTNode)))
      {3584 - 3584}: Proc(Hash(String, Crystal::TypeFilter), String, Crystal::TypeFilter)
      {3585 - 3585}: Proc(Hash(String, Crystal::TypeDeclarationProcessor::TypeDeclarationWithLocation), String, Crystal::TypeDeclarationProcessor::TypeDeclarationWithLocation)
      {3586 - 3586}: Proc(Hash(Crystal::Type, Hash(String, Crystal::TypeDeclarationProcessor::TypeDeclarationWithLocation)), Crystal::Type, Hash(String, Crystal::TypeDeclarationProcessor::TypeDeclarationWithLocation))
      {3587 - 3587}: Proc(Hash(String, Crystal::TypeDeclarationProcessor::InstanceVarTypeInfo), String, Crystal::TypeDeclarationProcessor::InstanceVarTypeInfo)
      {3588 - 3588}: Proc(Hash(Crystal::Type, Hash(String, Crystal::TypeDeclarationProcessor::InstanceVarTypeInfo)), Crystal::Type, Hash(String, Crystal::TypeDeclarationProcessor::InstanceVarTypeInfo))
      {3589 - 3589}: Proc(Hash(Crystal::Type, Array(Crystal::TypeDeclarationProcessor::InitializeInfo)), Crystal::Type, Array(Crystal::TypeDeclarationProcessor::InitializeInfo))
      {3590 - 3590}: Proc(Hash(Crystal::Type, Array(String)), Crystal::Type, Array(String))
      {3591 - 3591}: Proc(Hash(String, Crystal::TypeDeclarationProcessor::InitializeInfo), String, Crystal::TypeDeclarationProcessor::InitializeInfo)
      {3592 - 3592}: Proc(Hash(Crystal::Type, Hash(String, Crystal::TypeDeclarationProcessor::InitializeInfo)), Crystal::Type, Hash(String, Crystal::TypeDeclarationProcessor::InitializeInfo))
      {3593 - 3593}: Proc(Hash(String, Crystal::TypeDeclarationProcessor::Error), String, Crystal::TypeDeclarationProcessor::Error)
      {3594 - 3594}: Proc(Hash(Crystal::Type, Hash(String, Crystal::TypeDeclarationProcessor::Error)), Crystal::Type, Hash(String, Crystal::TypeDeclarationProcessor::Error))
      {3595 - 3595}: Proc(Hash(String, Crystal::TypeGuessVisitor::TypeInfo), String, Crystal::TypeGuessVisitor::TypeInfo)
      {3596 - 3596}: Proc(Hash(Crystal::ClassVarContainer, Hash(String, Crystal::TypeGuessVisitor::TypeInfo)), Crystal::ClassVarContainer, Hash(String, Crystal::TypeGuessVisitor::TypeInfo))
      {3597 - 3597}: Proc(Hash(Crystal::ClassVarContainer, Hash(String, Crystal::TypeDeclarationProcessor::TypeDeclarationWithLocation)), Crystal::ClassVarContainer, Hash(String, Crystal::TypeDeclarationProcessor::TypeDeclarationWithLocation))
      {3598 - 3598}: Proc(Hash(String, Crystal::External), String, Crystal::External)
      {3599 - 3599}: Proc(Hash(String, Array(String)), String, Array(String))
      {3600 - 3600}: Proc(Hash(String, Hash(String, String) | String), String, (Hash(String, String) | String))
      {3601 - 3601}: Proc(Hash(Crystal::Type, Crystal::Doc::Type), Crystal::Type, Crystal::Doc::Type)
      {3602 - 3602}: Proc(Hash(String, Set(String)), String, Set(String))
      {3603 - 3603}: Proc(Hash(HTTP::Headers::Key, Array(String) | String), HTTP::Headers::Key, (Array(String) | String))
      {3604 - 3604}: Proc(Hash(String, HTTP::Cookie), String, HTTP::Cookie)
      {3605 - 3605}: Proc(Hash(Int32, Crystal::Playground::Session), Int32, Crystal::Playground::Session)
      {3606 - 3606}: Proc(Hash(Crystal::Location, Int32), Crystal::Location, Int32)
      {3607 - 3607}: Proc(Hash(Crystal::Repl::ClassVars::Key, Crystal::Repl::ClassVars::Value), Crystal::Repl::ClassVars::Key, Crystal::Repl::ClassVars::Value)
      {3608 - 3608}: Proc(Hash(Crystal::Const, Crystal::Repl::Constants::Value), Crystal::Const, Crystal::Repl::Constants::Value)
      {3609 - 3609}: Proc(Hash(Tuple(UInt64, UInt64), Crystal::Repl::FFIClosureContext), Tuple(UInt64, UInt64), Crystal::Repl::FFIClosureContext)
      {3610 - 3610}: Proc(Hash(Crystal::Type, Array(Crystal::Repl::CompiledDef)), Crystal::Type, Array(Crystal::Repl::CompiledDef))
      {3611 - 3611}: Proc(Hash(Crystal::Type, Int32), Crystal::Type, Int32)
      {3612 - 3612}: Proc(Hash(Crystal::Repl::LocalVars::Key, Crystal::Type), Crystal::Repl::LocalVars::Key, Crystal::Type)
      {3613 - 3613}: Proc(Hash(Crystal::Repl::LocalVars::Key, Int32), Crystal::Repl::LocalVars::Key, Int32)
      {3614 - 3614}: Proc(Hash(Crystal::MacroInterpreter::MacroVarKey, String), Crystal::MacroInterpreter::MacroVarKey, String)
      {3615 - 3615}: Proc(Hash(String, Crystal::Program::CompiledMacroRun), String, Crystal::Program::CompiledMacroRun)
      {3616 - 3616}: Proc(Hash(String, Crystal::MacroType), String, Crystal::MacroType)
      {3617 - 3617}: Proc(Hash(Crystal::Type, Crystal::CodeGenVisitor::ModuleInfo), Crystal::Type, Crystal::CodeGenVisitor::ModuleInfo)
      {3618 - 3618}: Proc(Hash(Crystal::CodeGenVisitor::StringKey, LLVM::Value), Crystal::CodeGenVisitor::StringKey, LLVM::Value)
      {3619 - 3619}: Proc(Hash(Crystal::VirtualFile | String | Nil, LibLLVM::MetadataRef), (Crystal::VirtualFile | String | Nil), LibLLVM::MetadataRef)
      {3620 - 3620}: Proc(Hash(LLVM::Module, Hash(Crystal::VirtualFile | String | Nil, LibLLVM::MetadataRef)), LLVM::Module, Hash(Crystal::VirtualFile | String | Nil, LibLLVM::MetadataRef))
      {3621 - 3621}: Proc(Hash(Crystal::Type, LibLLVM::MetadataRef | Nil), Crystal::Type, (LibLLVM::MetadataRef | Nil))
      {3622 - 3622}: Proc(Hash(LLVM::Module, Hash(Crystal::Type, LibLLVM::MetadataRef | Nil)), LLVM::Module, Hash(Crystal::Type, LibLLVM::MetadataRef | Nil))
      {3623 - 3623}: Proc(Hash(LLVM::Module, Crystal::CodeGenVisitor::DIBuilder), LLVM::Module, Crystal::CodeGenVisitor::DIBuilder)
      {3624 - 3624}: Proc(Hash(LLVM::Function, Array(Crystal::CodeGenVisitor::FunMetadata)), LLVM::Function, Array(Crystal::CodeGenVisitor::FunMetadata))
      {3625 - 3625}: Proc(Hash(Tuple(String, String), LibLLVM::MetadataRef), Tuple(String, String), LibLLVM::MetadataRef)
      {3626 - 3626}: Proc(Hash(Crystal::Type, Tuple(Int32, Int32)), Crystal::Type, Tuple(Int32, Int32))
      {3627 - 3627}: Proc(Hash(String, LLVM::Type), String, LLVM::Type)
      {3628 - 3628}: Proc(Hash(Thread, Pointer(LibPCRE2::JITStack)), Thread, Pointer(LibPCRE2::JITStack))
      {3629 - 3629}: Proc(Hash(Thread, Pointer(LibPCRE2::MatchData)), Thread, Pointer(LibPCRE2::MatchData))
      {3630 - 3630}: Proc(Hash(Crystal::Type, Nil), Crystal::Type, Nil)
      {3631 - 3631}: Proc(Hash(Crystal::Def, Nil), Crystal::Def, Nil)
      {3632 - 3632}: Proc(Hash(Crystal::ASTNode, Nil), Crystal::ASTNode, Nil)
      {3633 - 3633}: Proc(Hash(Int32, Nil), Int32, Nil)
      {3634 - 3634}: Proc(Hash(Int64, Array(Crystal::DWARF::Abbrev)), Int64, Array(Crystal::DWARF::Abbrev))
      {3635 - 3635}: Proc(Tuple(Crystal::Type, UInt64), Tuple(Crystal::Type, UInt64), Int32)
      {3636 - 3636}: Proc(Tuple(Crystal::Type, String), Tuple(Crystal::Type, String), Int32)
      {3637 - 3637}: Proc(Tuple(Crystal::NamedArgumentType, String), Tuple(Crystal::NamedArgumentType, String), Int32)
      {3638 - 3638}: Proc(Hash(Char, String), Char, String)
      {3639 - 3639}: Proc(Fiber, Nil)
      {3640 - 3640}: Proc(Hash(Int32, Channel(Int32)))
      {3641 - 3641}: Proc(UInt32)
      {3642 - 3642}: Proc(IO, String, IO)
      {3643 - 3643}: Proc(IO, String, String, IO)
      {3644 - 3644}: Proc(Tuple(Crystal::Arg, String), Tuple(Crystal::Arg, String), Int32)
      {3645 - 3645}: Proc(Hash(Char, Char), Char, Char)
      {3646 - 3646}: Proc(Hash(Crystal::Type, Crystal::Matches), Crystal::Type, Crystal::Matches)
      {3647 - 3647}: Proc(Tuple(Crystal::Type, Tuple(Int32, Int32, String)), Tuple(Crystal::Type, Tuple(Int32, Int32, String)), Int32)
      {3648 - 3648}: Proc(Hash(Crystal::Type, Crystal::Type), Crystal::Type, Crystal::Type)
      {3649 - 3649}: Proc(Hash(Bool, Array(String)), Bool, Array(String))
      {3650 - 3650}: Proc(Hash(Crystal::Const, Array(String)), Crystal::Const, Array(String))
      {3651 - 3651}: Proc(Tuple(Crystal::Type, Int32), Tuple(Crystal::Type, Int32), Int32)
      {3652 - 3652}: Proc(Hash(Int32, Crystal::Type), Int32, Crystal::Type)
      {3653 - 3653}: Proc(String, NoReturn)
      {3654 - 3654}: Proc(Tuple(Crystal::Program::RequireWithTimestamp, String), Tuple(Crystal::Program::RequireWithTimestamp, String), Int32)
      {3655 - 3655}: Proc(Tuple(Tuple(Int32, Int32), Int32), Tuple(Tuple(Int32, Int32), Int32), Int32)
      {3656 - 3656}: Proc(Hash(LLVM::Value, LLVM::BasicBlock), LLVM::Value, LLVM::BasicBlock)
      {3657 - 3657}: Proc(Tuple(Tuple(Crystal::Type, Tuple(Int32, Int32)), Tuple(Int32, Int32)), Tuple(Tuple(Crystal::Type, Tuple(Int32, Int32)), Tuple(Int32, Int32)), Int32)
      {3658 - 3658}: Proc(Tuple(String, Time), Tuple(String, Time), Int32)
      {3659 - 3659}: Proc(Hash(Int32 | String, String | Nil), (Int32 | String), (String | Nil))
      {3660 - 3660}: Proc(Hash(Int32, String), Int32, String)
      {3661 - 3661}: Proc(Crystal::ASTNode, Crystal::ASTNode, (Int32 | Nil))
      {3662 - 3662}: Proc(Tuple(Crystal::ASTNode, InterpretCompareWrapper), Tuple(Crystal::ASTNode, InterpretCompareWrapper), (Int32 | Nil))
      {3663 - 3663}: Proc(Hash(Crystal::MacroType, Crystal::MacroType), Crystal::MacroType, Crystal::MacroType)
      {3664 - 3664}: Proc(Tuple(Tuple(Int32, Crystal::NamedArgument), Int32), Tuple(Tuple(Int32, Crystal::NamedArgument), Int32), Int32)
      {3665 - 3665}: Proc(Hash(Crystal::ASTNode | Crystal::Type, Crystal::ASTNode | Crystal::Type), (Crystal::ASTNode | Crystal::Type), (Crystal::ASTNode | Crystal::Type))
      {3666 - 3666}: Proc(Hash(Crystal::ASTNode | Crystal::Type, Nil), (Crystal::ASTNode | Crystal::Type), Nil)
      {3667 - 3667}: Proc(Tuple(Crystal::ASTNode | Crystal::Type, String), Tuple(Crystal::ASTNode | Crystal::Type, String), Int32)
      {3668 - 3668}: Proc(Hash(Int32 | String, Int32 | String), (Int32 | String), (Int32 | String))
      {3669 - 3669}: Proc(Hash(Array(String), Array(String)), Array(String), Array(String))
      {3670 - 3670}: Proc(Hash(Crystal::ASTNode, Crystal::ASTNode), Crystal::ASTNode, Crystal::ASTNode)
      {3671 - 3671}: Proc(NoReturn)
      {3672 - 3672}: Proc(Fiber)
      {3673 - 3673}: Proc(Hash(String, Hash(String, String)), String, Hash(String, String))
      {3674 - 3674}: Proc(Hash(Markd::Node::Type, Markd::Rule::BlockQuote | Markd::Rule::CodeBlock | Markd::Rule::Document | Markd::Rule::HTMLBlock | Markd::Rule::Heading | Markd::Rule::Item | Markd::Rule::List | Markd::Rule::Paragraph | Markd::Rule::ThematicBreak), Markd::Node::Type, (Markd::Rule::BlockQuote | Markd::Rule::CodeBlock | Markd::Rule::Document | Markd::Rule::HTMLBlock | Markd::Rule::Heading | Markd::Rule::Item | Markd::Rule::List | Markd::Rule::Paragraph | Markd::Rule::ThematicBreak))
      {3675 - 3675}: Proc(Hash(Char, Markd::Parser::Inline::Delimiter | Nil), Char, (Markd::Parser::Inline::Delimiter | Nil))
      {3676 - 3676}: Proc(Hash(String, Time::Location), String, Time::Location)
      {3677 - 3677}: Proc(Socket, Fiber)
      {3678 - 3678}: Proc(Tuple(Crystal::Doc::Type, String), Tuple(Crystal::Doc::Type, String), Int32)
      {3679 - 3679}: Proc(Tuple(Crystal::Doc::Method, Tuple(Int32, String)), Tuple(Crystal::Doc::Method, Tuple(Int32, String)), Int32)
      {3680 - 3680}: Proc(Hash(Crystal::Doc::Method, Nil), Crystal::Doc::Method, Nil)
      {3681 - 3681}: Proc(Tuple(Crystal::Doc::Macro, Tuple(Int32, String)), Tuple(Crystal::Doc::Macro, Tuple(Int32, String)), Int32)
      {3682 - 3682}: Proc(Tuple(Crystal::Doc::Constant, String), Tuple(Crystal::Doc::Constant, String), Int32)
      {3683 - 3683}: Proc(Hash(Crystal::Doc::Type, Crystal::Doc::Type), Crystal::Doc::Type, Crystal::Doc::Type)
      {3684 - 3684}: Proc(Hash(String, Array(Crystal::Doc::Method)), String, Array(Crystal::Doc::Method))
      {3685 - 3685}: Proc(Hash(String, Array(Crystal::Doc::Macro)), String, Array(Crystal::Doc::Macro))
      {3686 - 3686}: Proc(Hash(Crystal::MetaTypeVar, Tuple(Crystal::Type, UInt64 | Nil)), Crystal::MetaTypeVar, Tuple(Crystal::Type, UInt64 | Nil))
      {3687 - 3687}: Proc(Tuple(Tuple(Crystal::Def, Int32), Tuple(String, Int32, Int32)), Tuple(Tuple(Crystal::Def, Int32), Tuple(String, Int32, Int32)), Int32)
      {3688 - 3688}: Proc(Hash(String, Hash(Int32, Int32)), String, Hash(Int32, Int32))
    {3690 - 3690}: Union
    {3691 - 3691}: ReferenceStorage
{3694 - 3694}: Object.class
{3695 - 3695}: Reference.class
{3696 - 3696}: String.class
{3697 - 3697}: Array(T).class
{3698 - 3698}: Array(IO).class
{3699 - 3699}: Array(Array(T)).class
{3700 - 3700}: Array(Crystal).class
{3701 - 3701}: Array(Log::Metadata::Value).class
{3702 - 3702}: Array(LLVM::BasicBlock).class
{3703 - 3703}: Array(LLVM::Type).class
{3704 - 3704}: Array(LLVM::GenericValue).class
{3705 - 3705}: Array(JSON::Any).class
{3706 - 3706}: Array(Crystal::ASTNode).class
{3707 - 3707}: Array(Crystal::Def).class
{3708 - 3708}: Array(Crystal::Annotation).class
{3709 - 3709}: Array(Crystal::ExhaustivenessChecker::BoolPattern | Crystal::ExhaustivenessChecker::EnumMemberNamePattern | Crystal::ExhaustivenessChecker::EnumMemberPattern | Crystal::ExhaustivenessChecker::TypePattern | Crystal::ExhaustivenessChecker::UnderscorePattern).class
{3710 - 3710}: Array(String).class
{3711 - 3711}: Array(Crystal::Type | Nil).class
{3712 - 3712}: Array(Crystal::Token::Kind).class
{3713 - 3713}: Array(Tuple(Crystal::Def, Int32)).class
{3714 - 3714}: Array(LLVM::Value).class
{3715 - 3715}: Array(Crystal::Compiler::Source).class
{3716 - 3716}: Array(Crystal::DWARF::Abbrev::Attribute).class
{3717 - 3717}: Array(Crystal::DWARF::Abbrev).class
{3718 - 3718}: Array(Crystal::DWARF::LineNumbers::Sequence::FileEntry).class
{3719 - 3719}: Array(Crystal::DWARF::LineNumbers::Row).class
{3720 - 3720}: Array(Array(Crystal::DWARF::LineNumbers::Row)).class
{3721 - 3721}: Array(Crystal::MachO::StabEntry).class
{3722 - 3722}: Array(Crystal::MachO::Nlist64).class
{3723 - 3723}: Array(Tuple(UInt64, UInt64, String)).class
{3724 - 3724}: Array(Pointer(Void)).class
{3725 - 3725}: Array(Int32).class
{3726 - 3726}: Array(Tuple(Int32, Int32, String::Grapheme::Property)).class
{3727 - 3727}: Array(Time::Location::Zone).class
{3728 - 3728}: Array(Tuple(Int32, Int32, Int32)).class
{3729 - 3729}: Array(Tuple(Int32, Int32)).class
{3730 - 3730}: Array(Tuple(Int32, Int32, UInt8)).class
{3731 - 3731}: Array(Tuple(Int32, Int32, Unicode::QuickCheckResult)).class
{3732 - 3732}: Array(LLVM::ABI::ArgType).class
{3733 - 3733}: Array(Crystal::HashLiteral::Entry).class
{3734 - 3734}: Array(Crystal::NamedTupleLiteral::Entry).class
{3735 - 3735}: Array(Crystal::Var).class
{3736 - 3736}: Array(Crystal::NamedArgument).class
{3737 - 3737}: Array(Crystal::Arg).class
{3738 - 3738}: Array(Crystal::When).class
{3739 - 3739}: Array(Crystal::Rescue).class
{3740 - 3740}: Array(Crystal::AsmOperand).class
{3741 - 3741}: Array(Crystal::Lexer::LocPopPragma | Crystal::Lexer::LocPushPragma | Crystal::Lexer::LocSetPragma).class
{3742 - 3742}: Array(Crystal::Location).class
{3743 - 3743}: Array(Crystal::Type).class
{3744 - 3744}: Array(Crystal::NamedArgumentType).class
{3745 - 3745}: Array(Crystal::DefWithMetadata).class
{3746 - 3746}: Array(Crystal::Macro).class
{3747 - 3747}: Array(Crystal::Hook).class
{3748 - 3748}: Array(Crystal::InstanceVarInitializerContainer::InstanceVarInitializer).class
{3749 - 3749}: Array(Crystal::LinkAnnotation).class
{3750 - 3750}: Array(Hash(String, Crystal::MetaVar)).class
{3751 - 3751}: Array(Crystal::PointerOf).class
{3752 - 3752}: Array(Crystal::Def).class
{3753 - 3753}: Array(String | Nil).class
{3754 - 3754}: Array(Crystal::Call::ArgumentTypeMismatch).class
{3755 - 3755}: Array(Crystal::Match).class
{3756 - 3756}: Array(Crystal::ExhaustivenessChecker::Target).class
{3757 - 3757}: Array(Crystal::Const).class
{3758 - 3758}: Array(Tuple(Crystal::AnnotationType, Crystal::Annotation)).class
{3759 - 3759}: Array(Crystal::TablePrint::Cell).class
{3760 - 3760}: Array(Crystal::TablePrint::Column).class
{3761 - 3761}: Array(Hash(String, Crystal::Type)).class
{3762 - 3762}: Array(Path).class
{3763 - 3763}: Array(Crystal::Token::DelimiterState).class
{3764 - 3764}: Array(Crystal::Doc::Type).class
{3765 - 3765}: Array(Crystal::Doc::Method).class
{3766 - 3766}: Array(Crystal::Doc::Macro).class
{3767 - 3767}: Array(Crystal::Doc::Constant).class
{3768 - 3768}: Array(Crystal::ImplementationTrace).class
{3769 - 3769}: Array(Crystal::ExpandResult::Expansion).class
{3770 - 3770}: Array(NamedTuple(name: String, implementation: Crystal::ImplementationTrace)).class
{3771 - 3771}: Array(Array(NamedTuple(name: String, implementation: Crystal::ImplementationTrace))).class
{3772 - 3772}: Array(Int32 | Nil).class
{3773 - 3773}: Array(Crystal::Formatter::AlignInfo).class
{3774 - 3774}: Array(Crystal::Formatter::CommentInfo).class
{3775 - 3775}: Array(Crystal::Formatter::HeredocFix).class
{3776 - 3776}: Array(UInt8).class
{3777 - 3777}: Array(Crystal::Repl::CompiledInstructions::ExceptionHandler).class
{3778 - 3778}: Array(Char).class
{3779 - 3779}: Array(Int32 | String).class
{3780 - 3780}: Array(Crystal::MacroType).class
{3781 - 3781}: Array(Crystal::MetaVar).class
{3782 - 3782}: Array(Crystal::MachO::Segment64).class
{3783 - 3783}: Array(Crystal::MachO::Section64).class
{3784 - 3784}: Array(Proc(Int32, (Exception | Nil), Nil)).class
{3785 - 3785}: Array(Proc(Nil)).class
{3786 - 3786}: Array(PrettyPrint::Group).class
{3787 - 3787}: Array(Array(PrettyPrint::Group)).class
{3788 - 3788}: Array(Time::Location::ZoneTransition).class
{3789 - 3789}: Array(Log::Builder::Binding).class
{3790 - 3790}: Array(Log::Entry).class
{3791 - 3791}: Array(LLVM::Builder).class
{3792 - 3792}: Array(LLVM::Attribute).class
{3793 - 3793}: Array(JSON::Builder::ArrayState | JSON::Builder::DocumentEndState | JSON::Builder::DocumentStartState | JSON::Builder::ObjectState | JSON::Builder::StartState).class
{3794 - 3794}: Array(JSON::PullParser::ObjectStackKind).class
{3795 - 3795}: Array(Crystal::Call).class
{3796 - 3796}: Array(Crystal::ASTNode | Crystal::Type).class
{3797 - 3797}: Array(UInt64).class
{3798 - 3798}: Array(Crystal::Program::ConstSliceInfo).class
{3799 - 3799}: Array(Crystal::ClassVarInitializer).class
{3800 - 3800}: Array(Crystal::Program::RecordedRequire).class
{3801 - 3801}: Array(Tuple(Crystal::Yield, Array(Crystal::Var) | Nil)).class
{3802 - 3802}: Array(Crystal::Program::FinishedHook).class
{3803 - 3803}: Array(Crystal::InstanceVarsInitializerVisitor::Initializer).class
{3804 - 3804}: Array(Tuple(String, Regex::Options)).class
{3805 - 3805}: Array(Crystal::While).class
{3806 - 3806}: Array(Crystal::TopLevelVisitor::FinishedHook).class
{3807 - 3807}: Array(Crystal::TypeDeclarationProcessor::InitializeInfo).class
{3808 - 3808}: Array(Array(Crystal::TablePrint::Cell) | Crystal::TablePrint::Separator).class
{3809 - 3809}: Array(Tuple(Crystal::Token::DelimiterState, Crystal::Lexer::HeredocItem)).class
{3810 - 3810}: Array(Set(String)).class
{3811 - 3811}: Array(Crystal::Parser::Unclosed).class
{3812 - 3812}: Array(Crystal::Init::View.class).class
{3813 - 3813}: Array(Proc(HTTP::Request, Nil)).class
{3814 - 3814}: Array(Socket::Server).class
{3815 - 3815}: Array(Bool).class
{3816 - 3816}: Array(Crystal::Repl::CompiledDef).class
{3817 - 3817}: Array(Crystal::FFI::Type).class
{3818 - 3818}: Array(Crystal::Repl::Interpreter::CallFrame).class
{3819 - 3819}: Array(Array(String) | Nil).class
{3820 - 3820}: Array(Crystal::FunDef).class
{3821 - 3821}: Array(LibLLVM::MetadataRef).class
{3822 - 3822}: Array(Crystal::CodeGenVisitor::FunMetadata).class
{3823 - 3823}: Array(Crystal::CodeGenVisitor::Handler).class
{3824 - 3824}: Array(Crystal::DWARF::LineNumbers::LNCTFormat).class
{3825 - 3825}: Array(Tuple(Crystal::DWARF::AT, Crystal::DWARF::FORM, Bool | Int32 | Int64 | Slice(UInt8) | String | UInt128 | UInt16 | UInt32 | UInt64 | UInt8)).class
{3826 - 3826}: Array(Float64).class
{3827 - 3827}: Array(Tuple(Crystal::Type, UInt64)).class
{3828 - 3828}: Array(Range(Int32, Int32)).class
{3829 - 3829}: Array(Tuple(Crystal::Type, String)).class
{3830 - 3830}: Array(Tuple(Crystal::NamedArgumentType, String)).class
{3831 - 3831}: Array(Array(Crystal::Type) | Nil).class
{3832 - 3832}: Array(Float32).class
{3833 - 3833}: Array(Crystal::VoidType).class
{3834 - 3834}: Array(Tuple(UInt64, UInt64, UInt64)).class
{3835 - 3835}: Array(UInt16).class
{3836 - 3836}: Array(Crystal::Parser::Piece).class
{3837 - 3837}: Array(Crystal::ASTNode | String).class
{3838 - 3838}: Array(Pointer(UInt8)).class
{3839 - 3839}: Array(Tuple(String, String)).class
{3840 - 3840}: Array(Array(String)).class
{3841 - 3841}: Array(Crystal::Token).class
{3842 - 3842}: Array(Tuple(String, Crystal::Expressions)).class
{3843 - 3843}: Array(Float::Printer::Dragonbox::WUInt::UInt128).class
{3844 - 3844}: Array(Tuple(Crystal::Arg, String)).class
{3845 - 3845}: Array(LLVM::CallConvention).class
{3846 - 3846}: Array(Array(Crystal::Type) | Crystal::Type | Nil).class
{3847 - 3847}: Array(Crystal::VirtualTypeLookup::Change).class
{3848 - 3848}: Array(Tuple(Crystal::Type, Tuple(Int32, Int32, String))).class
{3849 - 3849}: Array(Crystal::InstanceVarInitializerContainer::InstanceVarInitializer | Nil).class
{3850 - 3850}: Array(Array(Crystal::Type)).class
{3851 - 3851}: Array(Crystal::NamedType).class
{3852 - 3852}: Array(Crystal::Type | Crystal::Var).class
{3853 - 3853}: Array(Crystal::Repl::LocalVars::Key).class
{3854 - 3854}: Array(Tuple(Crystal::Type, Int32)).class
{3855 - 3855}: Array(Crystal::Block).class
{3856 - 3856}: Array(Crystal::Var | Nil).class
{3857 - 3857}: Array(Crystal::Repl::Context::InstanceVarInitializer).class
{3858 - 3858}: Array(Pointer(Crystal::LibFFI::Type)).class
{3859 - 3859}: Array(String::CharIterator).class
{3860 - 3860}: Array(Crystal::Program::RequireWithTimestamp).class
{3861 - 3861}: Array(Set(String) | Nil).class
{3862 - 3862}: Array(Tuple(Crystal::Program::RequireWithTimestamp, String)).class
{3863 - 3863}: Array(LLVM::ABI::X86_64::RegClass).class
{3864 - 3864}: Array(Tuple(Crystal::Type, LLVM::Value)).class
{3865 - 3865}: Array(Tuple(Tuple(Int32, Int32), Int32)).class
{3866 - 3866}: Array(Tuple(LLVM::Value, Crystal::Type)).class
{3867 - 3867}: Array(Tuple(Crystal::Type, Tuple(Int32, Int32))).class
{3868 - 3868}: Array(Tuple(Tuple(Crystal::Type, Tuple(Int32, Int32)), Tuple(Int32, Int32))).class
{3869 - 3869}: Array(Crystal::Compiler::CompilationUnit).class
{3870 - 3870}: Array(Tuple(Int32, IO::FileDescriptor, IO::FileDescriptor)).class
{3871 - 3871}: Array(Tuple(String, Time)).class
{3872 - 3872}: Array(Array(Crystal::Annotation)).class
{3873 - 3873}: Array(Tuple(Crystal::ASTNode, InterpretCompareWrapper)).class
{3874 - 3874}: Array(Symbol).class
{3875 - 3875}: Array(Tuple(Int32, Crystal::NamedArgument)).class
{3876 - 3876}: Array(Tuple(Tuple(Int32, Crystal::NamedArgument), Int32)).class
{3877 - 3877}: Array(Array(Crystal::ASTNode)).class
{3878 - 3878}: Array(Tuple(String | Nil, String)).class
{3879 - 3879}: Array(Crystal::Call::ArgumentsAlreadySpecified | Crystal::Call::ArgumentsTypeMismatch | Crystal::Call::BlockMismatch | Crystal::Call::ExtraNamedArguments | Crystal::Call::MissingNamedArguments | Crystal::Call::WrongNumberOfArguments | Nil).class
{3880 - 3880}: Array(Crystal::Call::MissingNamedArguments).class
{3881 - 3881}: Array(Crystal::Call::ExtraNamedArguments).class
{3882 - 3882}: Array(Crystal::Call::ArgumentsAlreadySpecified).class
{3883 - 3883}: Array(Crystal::Call::ArgumentsTypeMismatch).class
{3884 - 3884}: Array(Tuple(Crystal::ASTNode | Crystal::Type, String)).class
{3885 - 3885}: Array(Crystal::EnumType).class
{3886 - 3886}: Array(Crystal::Init::View).class
{3887 - 3887}: Array(Crystal::Playground::EnvironmentHandler | Crystal::Playground::PageHandler | Crystal::Playground::PathWebSocketHandler | Crystal::Playground::WorkbookHandler | HTTP::StaticFileHandler).class
{3888 - 3888}: Array(Dir::Globber::ConstantDirectory | Dir::Globber::ConstantEntry | Dir::Globber::DirectoriesOnly | Dir::Globber::DirectoryMatch | Dir::Globber::EntryMatch | Dir::Globber::RecursiveDirectories | Dir::Globber::RootDirectory).class
{3889 - 3889}: Array(Array(Dir::Globber::ConstantDirectory | Dir::Globber::ConstantEntry | Dir::Globber::DirectoriesOnly | Dir::Globber::DirectoryMatch | Dir::Globber::EntryMatch | Dir::Globber::RecursiveDirectories | Dir::Globber::RootDirectory)).class
{3890 - 3890}: Array(Tuple(Int32, String | Nil, Crystal::System::Dir::Entry | Nil)).class
{3891 - 3891}: Array(Dir).class
{3892 - 3892}: Array(Crystal::Playground::WorkbookIndexPage::Item).class
{3893 - 3893}: Array(Regex).class
{3894 - 3894}: Array(Range(Int64, Int64)).class
{3895 - 3895}: Array(Tuple(Crystal::Doc::Type, String)).class
{3896 - 3896}: Array(Crystal::Doc::Constant | Crystal::Doc::Macro | Crystal::Doc::Method).class
{3897 - 3897}: Array(Tuple(Crystal::Doc::Method, Tuple(Int32, String))).class
{3898 - 3898}: Array(Tuple(Crystal::Doc::Macro, Tuple(Int32, String))).class
{3899 - 3899}: Array(Tuple(Crystal::Doc::Constant, String)).class
{3900 - 3900}: Array(Crystal::Doc::RelativeLocation).class
{3901 - 3901}: Array(Tuple(String, Array(NamedTuple(name: String, implementation: Crystal::ImplementationTrace)))).class
{3902 - 3902}: Array(Crystal::MetaTypeVar).class
{3903 - 3903}: Array(Tuple(Tuple(Crystal::Def, Int32), Tuple(String, Int32, Int32))).class
{3904 - 3904}: Hash(K, V).class
{3905 - 3905}: Hash(String, Crystal).class
{3906 - 3906}: Hash(String, Log::Metadata::Value).class
{3907 - 3907}: Hash(String, JSON::Any).class
{3908 - 3908}: Hash(String, Array(String) | String).class
{3909 - 3909}: Hash(String, String).class
{3910 - 3910}: Hash(String, Crystal::MetaVar).class
{3911 - 3911}: Hash(String, Nil).class
{3912 - 3912}: Hash(String, String | Nil).class
{3913 - 3913}: Hash(Int32, Tuple(Int32, Int32, Int32)).class
{3914 - 3914}: Hash(Int32, Tuple(Int32, Int32)).class
{3915 - 3915}: Hash(Int64, Int32).class
{3916 - 3916}: Hash(Crystal::AnnotationType, Array(Crystal::Annotation)).class
{3917 - 3917}: Hash(Int32, Crystal::Expressions).class
{3918 - 3918}: Hash(Int32, Array(Crystal::Lexer::LocPopPragma | Crystal::Lexer::LocPushPragma | Crystal::Lexer::LocSetPragma)).class
{3919 - 3919}: Hash(String, Array(Crystal::DefWithMetadata)).class
{3920 - 3920}: Hash(String, Array(Crystal::Macro)).class
{3921 - 3921}: Hash(String, Crystal::ASTNode).class
{3922 - 3922}: Hash(Crystal::Def, Array(Crystal::Type)).class
{3923 - 3923}: Hash(Bool, Array(Crystal::ExhaustivenessChecker::Target)).class
{3924 - 3924}: Hash(Crystal::Const, Array(Crystal::ExhaustivenessChecker::Target)).class
{3925 - 3925}: Hash(String, Array(Crystal::ASTNode)).class
{3926 - 3926}: Hash(String, Crystal::ASTNode | Crystal::Type).class
{3927 - 3927}: Hash(String, Crystal::Arg).class
{3928 - 3928}: Hash(Crystal::Def, Crystal::Def).class
{3929 - 3929}: Hash(String, Crystal::Type).class
{3930 - 3930}: Hash(String, Bool | Int32 | String).class
{3931 - 3931}: Hash(String, Int32).class
{3932 - 3932}: Hash(Crystal::Def, Int32).class
{3933 - 3933}: Hash(String, Tuple(Int32, Crystal::Type)).class
{3934 - 3934}: Hash(Int32, Crystal::ASTNode).class
{3935 - 3935}: Hash(Crystal::Def, Crystal::Repl::CompiledDef).class
{3936 - 3936}: Hash(Crystal::External, Crystal::Repl::LibFunction).class
{3937 - 3937}: Hash(Crystal::Repl::Context::MultidispatchKey, Crystal::Def).class
{3938 - 3938}: Hash(Pointer(Void), Crystal::Repl::CompiledDef).class
{3939 - 3939}: Hash(Crystal::SyntaxHighlighter::TokenType, Colorize::Color256 | Colorize::ColorANSI | Colorize::ColorRGB).class
{3940 - 3940}: Hash(String, Crystal::CodeGenVisitor::ModuleInfo).class
{3941 - 3941}: Hash(String, Crystal::CodeGenVisitor::LLVMVar).class
{3942 - 3942}: Hash(Tuple(LLVM::Module, String), LLVM::Type).class
{3943 - 3943}: Hash(Crystal::ASTNode, Crystal::CodeGenVisitor::Handler).class
{3944 - 3944}: Hash(Int32, Int32).class
{3945 - 3945}: Hash(Crystal::Type, LLVM::Type).class
{3946 - 3946}: Hash(Tuple(UInt64, Symbol), Nil).class
{3947 - 3947}: Hash(UInt64, UInt64).class
{3948 - 3948}: Hash(Signal, Proc(Signal, Nil)).class
{3949 - 3949}: Hash(Int32, Channel(Int32)).class
{3950 - 3950}: Hash(String, NamedTuple(time: Time, location: Time::Location)).class
{3951 - 3951}: Hash(Log::Backend, Log::Severity).class
{3952 - 3952}: Hash(String, WeakRef(Log)).class
{3953 - 3953}: Hash(LLVM::Attribute, UInt32).class
{3954 - 3954}: Hash(String, Crystal::NamedType).class
{3955 - 3955}: Hash(Crystal::DefInstanceKey, Crystal::Def).class
{3956 - 3956}: Hash(String, Crystal::MetaTypeVar).class
{3957 - 3957}: Hash(Array(Crystal::ASTNode | Crystal::Type), Crystal::Type).class
{3958 - 3958}: Hash(String, Crystal::TypeParameter).class
{3959 - 3959}: Hash(Int32 | Range(Int32, Int32), Crystal::Def).class
{3960 - 3960}: Hash(Array(Crystal::NamedArgumentType), Crystal::Type).class
{3961 - 3961}: Hash(Int32, Crystal::Def).class
{3962 - 3962}: Hash(String, Crystal::FileModule).class
{3963 - 3963}: Hash(Array(UInt64), Crystal::UnionType).class
{3964 - 3964}: Hash(String, OptionParser::Handler).class
{3965 - 3965}: Hash(String, Array(Int32)).class
{3966 - 3966}: Hash(String, Tuple(Crystal::ASTNode, Crystal::ASTNode)).class
{3967 - 3967}: Hash(Crystal::ClassVarContainer, Hash(String, Tuple(Crystal::ASTNode, Crystal::ASTNode))).class
{3968 - 3968}: Hash(String, Crystal::TypeFilter).class
{3969 - 3969}: Hash(String, Crystal::TypeDeclarationProcessor::TypeDeclarationWithLocation).class
{3970 - 3970}: Hash(Crystal::Type, Hash(String, Crystal::TypeDeclarationProcessor::TypeDeclarationWithLocation)).class
{3971 - 3971}: Hash(String, Crystal::TypeDeclarationProcessor::InstanceVarTypeInfo).class
{3972 - 3972}: Hash(Crystal::Type, Hash(String, Crystal::TypeDeclarationProcessor::InstanceVarTypeInfo)).class
{3973 - 3973}: Hash(Crystal::Type, Array(Crystal::TypeDeclarationProcessor::InitializeInfo)).class
{3974 - 3974}: Hash(Crystal::Type, Array(String)).class
{3975 - 3975}: Hash(String, Crystal::TypeDeclarationProcessor::InitializeInfo).class
{3976 - 3976}: Hash(Crystal::Type, Hash(String, Crystal::TypeDeclarationProcessor::InitializeInfo)).class
{3977 - 3977}: Hash(String, Crystal::TypeDeclarationProcessor::Error).class
{3978 - 3978}: Hash(Crystal::Type, Hash(String, Crystal::TypeDeclarationProcessor::Error)).class
{3979 - 3979}: Hash(String, Crystal::TypeGuessVisitor::TypeInfo).class
{3980 - 3980}: Hash(Crystal::ClassVarContainer, Hash(String, Crystal::TypeGuessVisitor::TypeInfo)).class
{3981 - 3981}: Hash(Crystal::ClassVarContainer, Hash(String, Crystal::TypeDeclarationProcessor::TypeDeclarationWithLocation)).class
{3982 - 3982}: Hash(String, Crystal::External).class
{3983 - 3983}: Hash(String, Array(String)).class
{3984 - 3984}: Hash(String, Hash(String, String) | String).class
{3985 - 3985}: Hash(Crystal::Type, Crystal::Doc::Type).class
{3986 - 3986}: Hash(String, Set(String)).class
{3987 - 3987}: Hash(HTTP::Headers::Key, Array(String) | String).class
{3988 - 3988}: Hash(String, HTTP::Cookie).class
{3989 - 3989}: Hash(Int32, Crystal::Playground::Session).class
{3990 - 3990}: Hash(Crystal::Location, Int32).class
{3991 - 3991}: Hash(Crystal::Repl::ClassVars::Key, Crystal::Repl::ClassVars::Value).class
{3992 - 3992}: Hash(Crystal::Const, Crystal::Repl::Constants::Value).class
{3993 - 3993}: Hash(Tuple(UInt64, UInt64), Crystal::Repl::FFIClosureContext).class
{3994 - 3994}: Hash(Crystal::Type, Array(Crystal::Repl::CompiledDef)).class
{3995 - 3995}: Hash(Crystal::Type, Int32).class
{3996 - 3996}: Hash(Crystal::Repl::LocalVars::Key, Crystal::Type).class
{3997 - 3997}: Hash(Crystal::Repl::LocalVars::Key, Int32).class
{3998 - 3998}: Hash(Crystal::MacroInterpreter::MacroVarKey, String).class
{3999 - 3999}: Hash(String, Crystal::Program::CompiledMacroRun).class
{4000 - 4000}: Hash(String, Crystal::MacroType).class
{4001 - 4001}: Hash(Crystal::Type, Crystal::CodeGenVisitor::ModuleInfo).class
{4002 - 4002}: Hash(Crystal::CodeGenVisitor::StringKey, LLVM::Value).class
{4003 - 4003}: Hash(Crystal::VirtualFile | String | Nil, LibLLVM::MetadataRef).class
{4004 - 4004}: Hash(LLVM::Module, Hash(Crystal::VirtualFile | String | Nil, LibLLVM::MetadataRef)).class
{4005 - 4005}: Hash(Crystal::Type, LibLLVM::MetadataRef | Nil).class
{4006 - 4006}: Hash(LLVM::Module, Hash(Crystal::Type, LibLLVM::MetadataRef | Nil)).class
{4007 - 4007}: Hash(LLVM::Module, Crystal::CodeGenVisitor::DIBuilder).class
{4008 - 4008}: Hash(LLVM::Function, Array(Crystal::CodeGenVisitor::FunMetadata)).class
{4009 - 4009}: Hash(Tuple(String, String), LibLLVM::MetadataRef).class
{4010 - 4010}: Hash(Crystal::Type, Tuple(Int32, Int32)).class
{4011 - 4011}: Hash(String, LLVM::Type).class
{4012 - 4012}: Hash(Thread, Pointer(LibPCRE2::JITStack)).class
{4013 - 4013}: Hash(Thread, Pointer(LibPCRE2::MatchData)).class
{4014 - 4014}: Hash(Crystal::Type, Nil).class
{4015 - 4015}: Hash(Crystal::Def, Nil).class
{4016 - 4016}: Hash(Crystal::ASTNode, Nil).class
{4017 - 4017}: Hash(Int32, Nil).class
{4018 - 4018}: Hash(Int64, Array(Crystal::DWARF::Abbrev)).class
{4019 - 4019}: Hash(Char, String).class
{4020 - 4020}: Hash(Char, Char).class
{4021 - 4021}: Hash(Crystal::Type, Crystal::Matches).class
{4022 - 4022}: Hash(Crystal::Type, Crystal::Type).class
{4023 - 4023}: Hash(Bool, Array(String)).class
{4024 - 4024}: Hash(Crystal::Const, Array(String)).class
{4025 - 4025}: Hash(Int32, Crystal::Type).class
{4026 - 4026}: Hash(LLVM::Value, LLVM::BasicBlock).class
{4027 - 4027}: Hash(Int32 | String, String | Nil).class
{4028 - 4028}: Hash(Int32, String).class
{4029 - 4029}: Hash(Crystal::MacroType, Crystal::MacroType).class
{4030 - 4030}: Hash(Crystal::ASTNode | Crystal::Type, Crystal::ASTNode | Crystal::Type).class
{4031 - 4031}: Hash(Crystal::ASTNode | Crystal::Type, Nil).class
{4032 - 4032}: Hash(Int32 | String, Int32 | String).class
{4033 - 4033}: Hash(Array(String), Array(String)).class
{4034 - 4034}: Hash(Crystal::ASTNode, Crystal::ASTNode).class
{4035 - 4035}: Hash(String, Hash(String, String)).class
{4036 - 4036}: Hash(Markd::Node::Type, Markd::Rule::BlockQuote | Markd::Rule::CodeBlock | Markd::Rule::Document | Markd::Rule::HTMLBlock | Markd::Rule::Heading | Markd::Rule::Item | Markd::Rule::List | Markd::Rule::Paragraph | Markd::Rule::ThematicBreak).class
{4037 - 4037}: Hash(Char, Markd::Parser::Inline::Delimiter | Nil).class
{4038 - 4038}: Hash(String, Time::Location).class
{4039 - 4039}: Hash(Crystal::Doc::Method, Nil).class
{4040 - 4040}: Hash(Crystal::Doc::Type, Crystal::Doc::Type).class
{4041 - 4041}: Hash(String, Array(Crystal::Doc::Method)).class
{4042 - 4042}: Hash(String, Array(Crystal::Doc::Macro)).class
{4043 - 4043}: Hash(Crystal::MetaTypeVar, Tuple(Crystal::Type, UInt64 | Nil)).class
{4044 - 4044}: Hash(String, Hash(Int32, Int32)).class
{4045 - 4045}: Regex.class
{4046 - 4046}: Exception.class
{4047 - 4047}: Crystal::MachO::Error.class
{4048 - 4048}: IndexError.class
{4049 - 4049}: ArgumentError.class
{4050 - 4050}: TypeCastError.class
{4051 - 4051}: InvalidByteSequenceError.class
{4052 - 4052}: KeyError.class
{4053 - 4053}: DivisionByZeroError.class
{4054 - 4054}: OverflowError.class
{4055 - 4055}: NotImplementedError.class
{4056 - 4056}: NilAssertionError.class
{4057 - 4057}: RuntimeError.class
{4058 - 4058}: Enumerable::EmptyError.class
{4059 - 4059}: Enumerable::NotFoundError.class
{4060 - 4060}: IO::Error.class
{4061 - 4061}: IO::TimeoutError.class
{4062 - 4062}: IO::EOFError.class
{4063 - 4063}: File::Error.class
{4064 - 4064}: File::NotFoundError.class
{4065 - 4065}: File::AlreadyExistsError.class
{4066 - 4066}: File::AccessDeniedError.class
{4067 - 4067}: File::BadExecutableError.class
{4068 - 4068}: Socket::Error.class
{4069 - 4069}: Socket::ConnectError.class
{4070 - 4070}: Socket::BindError.class
{4071 - 4071}: Socket::Addrinfo::Error.class
{4072 - 4072}: Base64::Error.class
{4073 - 4073}: Channel::ClosedError.class
{4074 - 4074}: File::BadPatternError.class
{4075 - 4075}: Path::Error.class
{4076 - 4076}: Regex::Error.class
{4077 - 4077}: Time::Error.class
{4078 - 4078}: Time::FloatingTimeConversionError.class
{4079 - 4079}: Time::Location::InvalidTZDataError.class
{4080 - 4080}: Time::Location::InvalidLocationNameError.class
{4081 - 4081}: Time::Location::InvalidTimezoneOffsetError.class
{4082 - 4082}: Time::Format::Error.class
{4083 - 4083}: JSON::Error.class
{4084 - 4084}: JSON::ParseException.class
{4085 - 4085}: JSON::SerializableError.class
{4086 - 4086}: Crystal::Error.class
{4087 - 4087}: Crystal::Codegen::Target::Error.class
{4088 - 4088}: Crystal::CodeError.class
{4089 - 4089}: Crystal::TypeException.class
{4090 - 4090}: Crystal::FrozenTypeException.class
{4091 - 4091}: Crystal::UndefinedMacroMethodError.class
{4092 - 4092}: Crystal::MacroRaiseException.class
{4093 - 4093}: Crystal::TopLevelMacroRaiseException.class
{4094 - 4094}: Crystal::MethodTraceException.class
{4095 - 4095}: Crystal::SyntaxException.class
{4096 - 4096}: Crystal::Init::Error.class
{4097 - 4097}: Crystal::Init::FilesConflictError.class
{4098 - 4098}: Crystal::Playground::Error.class
{4099 - 4099}: Crystal::CrystalPath::NotFoundError.class
{4100 - 4100}: OptionParser::Exception.class
{4101 - 4101}: OptionParser::InvalidOption.class
{4102 - 4102}: OptionParser::MissingOption.class
{4103 - 4103}: Digest::FinalizedError.class
{4104 - 4104}: Crystal::Call::RetryLookupWithLiterals.class
{4105 - 4105}: Crystal::SkipMacroException.class
{4106 - 4106}: URI::Error.class
{4107 - 4107}: MIME::Error.class
{4108 - 4108}: MIME::Multipart::Error.class
{4109 - 4109}: HTTP::FormData::Error.class
{4110 - 4110}: HTTP::Server::ClientError.class
{4111 - 4111}: CSV::Error.class
{4112 - 4112}: CSV::MalformedCSVError.class
{4113 - 4113}: Crystal::Repl::EscapingException.class
{4114 - 4114}: Crystal::Loader::LoadError.class
{4115 - 4115}: Iterator::Stop.class
{4116 - 4116}: Iterator::AccumulateInitIterator(I, T, U).class
{4117 - 4117}: Iterator::AccumulateIterator(I, T).class
{4118 - 4118}: Iterator::ChainIterator(I1, I2, T1, T2).class
{4119 - 4119}: Iterator::ChainIterator(Int::DowntoIterator(Int32, Int32), Int::DowntoIterator(Int32, Int32), Int32, Int32).class
{4120 - 4120}: Iterator::ChainsAllIterator(Iter, T).class
{4121 - 4121}: Iterator::CycleNIterator(I, T, N).class
{4122 - 4122}: Iterator::FlatMapIterator(I0, T, I, F).class
{4123 - 4123}: Iterator::SkipIterator(I, T, N).class
{4124 - 4124}: Iterator::SkipWhileIterator(I, T, U).class
{4125 - 4125}: Iterator::FirstIterator(I, T, N).class
{4126 - 4126}: Iterator::FirstIterator(String::CharIterator, Char, Int32).class
{4127 - 4127}: Iterator::FirstIterator(Indexable::ItemIterator(Array(String), String), String, Int32).class
{4128 - 4128}: Iterator::TakeWhileIterator(I, T, U).class
{4129 - 4129}: Iterator::WithIndexIterator(I, T, O).class
{4130 - 4130}: Iterator::ChunkIterator(I, T, U, V).class
{4131 - 4131}: Iterator::SliceAfterIterator(I, T, B).class
{4132 - 4132}: Iterator::SliceBeforeIterator(I, T, B).class
{4133 - 4133}: Iterator::SliceWhenIterator(I, T, B).class
{4134 - 4134}: Steppable::StepIterator(T, L, B).class
{4135 - 4135}: Indexable::CartesianProductIteratorT(Is, Ts).class
{4136 - 4136}: Indexable::CartesianProductIteratorN(Is, T).class
{4137 - 4137}: Indexable::ItemIterator(A, T).class
{4138 - 4138}: Indexable::ItemIterator(Array(String), String).class
{4139 - 4139}: Indexable::ItemIterator(Array(Crystal::Type), Crystal::Type).class
{4140 - 4140}: Indexable::ReverseItemIterator(A, T).class
{4141 - 4141}: Indexable::ReverseItemIterator(Array(Int32), Int32).class
{4142 - 4142}: Indexable::IndexIterator(A).class
{4143 - 4143}: Indexable::PermutationIterator(A, T).class
{4144 - 4144}: Indexable::CombinationIterator(A, T).class
{4145 - 4145}: Indexable::RepeatedCombinationIterator(A, T).class
{4146 - 4146}: String::CharIterator.class
{4147 - 4147}: String::LineIterator.class
{4148 - 4148}: IO.class
{4149 - 4149}: IO::ARGF.class
{4150 - 4150}: IO::FileDescriptor.class
{4151 - 4151}: File.class
{4152 - 4152}: IO::Delimited.class
{4153 - 4153}: IO::Hexdump.class
{4154 - 4154}: IO::Memory.class
{4155 - 4155}: IO::MultiWriter.class
{4156 - 4156}: IO::Sized.class
{4157 - 4157}: HTTP::FixedLengthContent.class
{4158 - 4158}: IO::Stapled.class
{4159 - 4159}: String::Builder.class
{4160 - 4160}: File::PReader.class
{4161 - 4161}: JSON::Builder::Escape.class
{4162 - 4162}: Socket.class
{4163 - 4163}: IPSocket.class
{4164 - 4164}: TCPSocket.class
{4165 - 4165}: TCPServer.class
{4166 - 4166}: UDPSocket.class
{4167 - 4167}: UNIXSocket.class
{4168 - 4168}: UNIXServer.class
{4169 - 4169}: HTTP::UnknownLengthContent.class
{4170 - 4170}: HTTP::ChunkedContent.class
{4171 - 4171}: HTTP::Server::Response::Output.class
{4172 - 4172}: HTTP::Server::Response.class
{4173 - 4173}: HTTP::WebSocket::Protocol::StreamIO.class
{4174 - 4174}: IO::Encoder.class
{4175 - 4175}: IO::Decoder.class
{4176 - 4176}: Crystal::EventLoop.class
{4177 - 4177}: Crystal::EventLoop::Polling.class
{4178 - 4178}: Crystal::EventLoop::Kqueue.class
{4179 - 4179}: Crystal::EventLoop::Polling::Arena(T, BLOCK_BYTESIZE).class
{4180 - 4180}: Crystal::EventLoop::Polling::Arena(Crystal::EventLoop::Polling::PollDescriptor, 65536).class
{4181 - 4181}: Crystal::PointerPairingHeap(T).class
{4182 - 4182}: Crystal::PointerPairingHeap(Crystal::EventLoop::Polling::Event).class
{4183 - 4183}: Crystal::EventLoop::Polling::FiberEvent.class
{4184 - 4184}: String::GraphemeIterator.class
{4185 - 4185}: Box(T).class
{4186 - 4186}: Thread::Mutex.class
{4187 - 4187}: Thread.class
{4188 - 4188}: Thread::LinkedList(T).class
{4189 - 4189}: Thread::LinkedList(Fiber).class
{4190 - 4190}: Thread::LinkedList(Thread).class
{4191 - 4191}: Fiber.class
{4192 - 4192}: Channel::SelectContextSharedState.class
{4193 - 4193}: Channel::SelectContext(S).class
{4194 - 4194}: Channel::SelectContext(Nil).class
{4195 - 4195}: Channel::SelectContext(Int32).class
{4196 - 4196}: Channel::SelectContext(Exception | Nil).class
{4197 - 4197}: Channel::SelectContext(Tuple(Log::Entry, Log::Backend)).class
{4198 - 4198}: Channel::SelectContext(String).class
{4199 - 4199}: Channel(T).class
{4200 - 4200}: Channel(Int32).class
{4201 - 4201}: Channel(Exception | Nil).class
{4202 - 4202}: Channel(Tuple(Log::Entry, Log::Backend)).class
{4203 - 4203}: Channel(Nil).class
{4204 - 4204}: Channel(String).class
{4205 - 4205}: Channel::TimeoutAction.class
{4206 - 4206}: Channel::StrictReceiveAction(T).class
{4207 - 4207}: Channel::LooseReceiveAction(T).class
{4208 - 4208}: Channel::SendAction(T).class
{4209 - 4209}: Fiber::StackPool.class
{4210 - 4210}: Thread::ConditionVariable.class
{4211 - 4211}: Crystal::Scheduler.class
{4212 - 4212}: Process.class
{4213 - 4213}: Deque(T).class
{4214 - 4214}: Deque(Fiber::Stack).class
{4215 - 4215}: Deque(Fiber).class
{4216 - 4216}: Deque(PrettyPrint::Breakable | PrettyPrint::Text).class
{4217 - 4217}: Deque(PrettyPrint::Breakable).class
{4218 - 4218}: Deque(Array(String)).class
{4219 - 4219}: Deque(Int32).class
{4220 - 4220}: Deque(Exception | Nil).class
{4221 - 4221}: Deque(Tuple(Log::Entry, Log::Backend)).class
{4222 - 4222}: Deque(Nil).class
{4223 - 4223}: Deque(String).class
{4224 - 4224}: Dir.class
{4225 - 4225}: Hash::EntryIterator(K, V).class
{4226 - 4226}: Hash::KeyIterator(K, V).class
{4227 - 4227}: Hash::ValueIterator(K, V).class
{4228 - 4228}: Hash::ValueIterator(String, Crystal::MetaTypeVar).class
{4229 - 4229}: Hash::ValueIterator(Log::Backend, Log::Severity).class
{4230 - 4230}: Hash::ValueIterator(String, Array(Crystal::DefWithMetadata)).class
{4231 - 4231}: Int::TimesIterator(T).class
{4232 - 4232}: Int::UptoIterator(T, N).class
{4233 - 4233}: Int::DowntoIterator(T, N).class
{4234 - 4234}: Int::DowntoIterator(Int32, Int32).class
{4235 - 4235}: Mutex.class
{4236 - 4236}: Path::PartIterator.class
{4237 - 4237}: PrettyPrint::Text.class
{4238 - 4238}: PrettyPrint::Breakable.class
{4239 - 4239}: PrettyPrint::Group.class
{4240 - 4240}: PrettyPrint::GroupQueue.class
{4241 - 4241}: PrettyPrint.class
{4242 - 4242}: Process::Status.class
{4243 - 4243}: Random::PCG32.class
{4244 - 4244}: Range::ItemIterator(B, E).class
{4245 - 4245}: Range::ReverseIterator(B, E).class
{4246 - 4246}: Range::StepIterator(R, B, N).class
{4247 - 4247}: Time::Location.class
{4248 - 4248}: Log.class
{4249 - 4249}: Log::Backend.class
{4250 - 4250}: Log::BroadcastBackend.class
{4251 - 4251}: Log::MemoryBackend.class
{4252 - 4252}: Log::IOBackend.class
{4253 - 4253}: WeakRef(T).class
{4254 - 4254}: WeakRef(Log).class
{4255 - 4255}: Log::Builder.class
{4256 - 4256}: Log::Metadata.class
{4257 - 4257}: Log::AsyncDispatcher.class
{4258 - 4258}: Log::SyncDispatcher.class
{4259 - 4259}: LLVM::ABI::FunctionType.class
{4260 - 4260}: LLVM::ABI.class
{4261 - 4261}: LLVM::ABI::AArch64.class
{4262 - 4262}: LLVM::ABI::ARM.class
{4263 - 4263}: LLVM::ABI::AVR.class
{4264 - 4264}: LLVM::ABI::Wasm32.class
{4265 - 4265}: LLVM::ABI::X86.class
{4266 - 4266}: LLVM::ABI::X86_Win64.class
{4267 - 4267}: LLVM::ABI::X86_64.class
{4268 - 4268}: LLVM::Builder.class
{4269 - 4269}: LLVM::Context.class
{4270 - 4270}: LLVM::FunctionPassManager.class
{4271 - 4271}: LLVM::GenericValue.class
{4272 - 4272}: LLVM::JITCompiler.class
{4273 - 4273}: LLVM::MemoryBuffer.class
{4274 - 4274}: LLVM::Module.class
{4275 - 4275}: LLVM::ModulePassManager.class
{4276 - 4276}: LLVM::PassBuilderOptions.class
{4277 - 4277}: LLVM::PassManagerBuilder.class
{4278 - 4278}: LLVM::TargetMachine.class
{4279 - 4279}: LLVM::Orc::JITDylib.class
{4280 - 4280}: LLVM::Orc::LLJIT.class
{4281 - 4281}: LLVM::Orc::LLJITBuilder.class
{4282 - 4282}: LLVM::Orc::ThreadSafeContext.class
{4283 - 4283}: LLVM::Orc::ThreadSafeModule.class
{4284 - 4284}: JSON::Builder.class
{4285 - 4285}: Iterator::FromJson(T).class
{4286 - 4286}: StringPool.class
{4287 - 4287}: JSON::Lexer.class
{4288 - 4288}: JSON::Lexer::IOBased.class
{4289 - 4289}: JSON::Lexer::StringBased.class
{4290 - 4290}: JSON::Parser.class
{4291 - 4291}: JSON::PullParser.class
{4292 - 4292}: JSON::Token.class
{4293 - 4293}: Crystal::ASTNode.class
{4294 - 4294}: Crystal::Nop.class
{4295 - 4295}: Crystal::Expressions.class
{4296 - 4296}: Crystal::NilLiteral.class
{4297 - 4297}: Crystal::BoolLiteral.class
{4298 - 4298}: Crystal::NumberLiteral.class
{4299 - 4299}: Crystal::CharLiteral.class
{4300 - 4300}: Crystal::StringLiteral.class
{4301 - 4301}: Crystal::StringInterpolation.class
{4302 - 4302}: Crystal::SymbolLiteral.class
{4303 - 4303}: Crystal::ArrayLiteral.class
{4304 - 4304}: Crystal::HashLiteral.class
{4305 - 4305}: Crystal::NamedTupleLiteral.class
{4306 - 4306}: Crystal::RangeLiteral.class
{4307 - 4307}: Crystal::RegexLiteral.class
{4308 - 4308}: Crystal::TupleLiteral.class
{4309 - 4309}: Crystal::Var.class
{4310 - 4310}: Crystal::MetaTypeVar.class
{4311 - 4311}: Crystal::Block.class
{4312 - 4312}: Crystal::Call.class
{4313 - 4313}: Crystal::NamedArgument.class
{4314 - 4314}: Crystal::If.class
{4315 - 4315}: Crystal::Unless.class
{4316 - 4316}: Crystal::Assign.class
{4317 - 4317}: Crystal::OpAssign.class
{4318 - 4318}: Crystal::MultiAssign.class
{4319 - 4319}: Crystal::InstanceVar.class
{4320 - 4320}: Crystal::ReadInstanceVar.class
{4321 - 4321}: Crystal::ClassVar.class
{4322 - 4322}: Crystal::Global.class
{4323 - 4323}: Crystal::BinaryOp.class
{4324 - 4324}: Crystal::And.class
{4325 - 4325}: Crystal::Or.class
{4326 - 4326}: Crystal::Arg.class
{4327 - 4327}: Crystal::ProcNotation.class
{4328 - 4328}: Crystal::Def.class
{4329 - 4329}: Crystal::External.class
{4330 - 4330}: Crystal::Macro.class
{4331 - 4331}: Crystal::UnaryExpression.class
{4332 - 4332}: Crystal::Not.class
{4333 - 4333}: Crystal::PointerOf.class
{4334 - 4334}: Crystal::SizeOf.class
{4335 - 4335}: Crystal::InstanceSizeOf.class
{4336 - 4336}: Crystal::AlignOf.class
{4337 - 4337}: Crystal::InstanceAlignOf.class
{4338 - 4338}: Crystal::Out.class
{4339 - 4339}: Crystal::MacroVerbatim.class
{4340 - 4340}: Crystal::Splat.class
{4341 - 4341}: Crystal::DoubleSplat.class
{4342 - 4342}: Crystal::OffsetOf.class
{4343 - 4343}: Crystal::VisibilityModifier.class
{4344 - 4344}: Crystal::IsA.class
{4345 - 4345}: Crystal::RespondsTo.class
{4346 - 4346}: Crystal::Require.class
{4347 - 4347}: Crystal::When.class
{4348 - 4348}: Crystal::Case.class
{4349 - 4349}: Crystal::Select.class
{4350 - 4350}: Crystal::ImplicitObj.class
{4351 - 4351}: Crystal::Path.class
{4352 - 4352}: Crystal::ClassDef.class
{4353 - 4353}: Crystal::ModuleDef.class
{4354 - 4354}: Crystal::AnnotationDef.class
{4355 - 4355}: Crystal::While.class
{4356 - 4356}: Crystal::Until.class
{4357 - 4357}: Crystal::Generic.class
{4358 - 4358}: Crystal::TypeDeclaration.class
{4359 - 4359}: Crystal::UninitializedVar.class
{4360 - 4360}: Crystal::Rescue.class
{4361 - 4361}: Crystal::ExceptionHandler.class
{4362 - 4362}: Crystal::ProcLiteral.class
{4363 - 4363}: Crystal::ProcPointer.class
{4364 - 4364}: Crystal::Union.class
{4365 - 4365}: Crystal::Self.class
{4366 - 4366}: Crystal::ControlExpression.class
{4367 - 4367}: Crystal::Return.class
{4368 - 4368}: Crystal::Break.class
{4369 - 4369}: Crystal::Next.class
{4370 - 4370}: Crystal::Yield.class
{4371 - 4371}: Crystal::Include.class
{4372 - 4372}: Crystal::Extend.class
{4373 - 4373}: Crystal::LibDef.class
{4374 - 4374}: Crystal::FunDef.class
{4375 - 4375}: Crystal::TypeDef.class
{4376 - 4376}: Crystal::CStructOrUnionDef.class
{4377 - 4377}: Crystal::EnumDef.class
{4378 - 4378}: Crystal::ExternalVar.class
{4379 - 4379}: Crystal::Alias.class
{4380 - 4380}: Crystal::Metaclass.class
{4381 - 4381}: Crystal::Cast.class
{4382 - 4382}: Crystal::NilableCast.class
{4383 - 4383}: Crystal::TypeOf.class
{4384 - 4384}: Crystal::Annotation.class
{4385 - 4385}: Crystal::MacroExpression.class
{4386 - 4386}: Crystal::MacroLiteral.class
{4387 - 4387}: Crystal::MacroIf.class
{4388 - 4388}: Crystal::MacroFor.class
{4389 - 4389}: Crystal::MacroVar.class
{4390 - 4390}: Crystal::Underscore.class
{4391 - 4391}: Crystal::MagicConstant.class
{4392 - 4392}: Crystal::Asm.class
{4393 - 4393}: Crystal::AsmOperand.class
{4394 - 4394}: Crystal::Primitive.class
{4395 - 4395}: Crystal::TupleIndexer.class
{4396 - 4396}: Crystal::TypeNode.class
{4397 - 4397}: Crystal::AssignWithRestriction.class
{4398 - 4398}: Crystal::MetaVar.class
{4399 - 4399}: Crystal::FileNode.class
{4400 - 4400}: Crystal::MacroId.class
{4401 - 4401}: Crystal::MetaMacroVar.class
{4402 - 4402}: Crystal::Unreachable.class
{4403 - 4403}: Crystal::YieldBlockBinder.class
{4404 - 4404}: Crystal::TypeFilteredNode.class
{4405 - 4405}: Crystal::Visitor.class
{4406 - 4406}: Crystal::ToSVisitor.class
{4407 - 4407}: Crystal::AbstractDefChecker::ReplacePathWithTypeVar.class
{4408 - 4408}: Crystal::SemanticVisitor::PropagateDocVisitor.class
{4409 - 4409}: Crystal::SemanticVisitor.class
{4410 - 4410}: Crystal::ClassVarsInitializerVisitor.class
{4411 - 4411}: Crystal::InstanceVarsInitializerVisitor.class
{4412 - 4412}: Crystal::MainVisitor.class
{4413 - 4413}: Crystal::Repl::Multidispatch::MultidispatchMainVisitor.class
{4414 - 4414}: Crystal::TopLevelVisitor.class
{4415 - 4415}: Crystal::TypeGuessVisitor.class
{4416 - 4416}: Crystal::TypeDeclarationVisitor.class
{4417 - 4417}: Crystal::CleanupTransformer::ClosuredVarsCollector.class
{4418 - 4418}: Crystal::MainVisitor::InstanceVarsCollector.class
{4419 - 4419}: Crystal::RestrictionsAugmenter.class
{4420 - 4420}: Crystal::HasSelfVisitor.class
{4421 - 4421}: Crystal::ReturnGatherer.class
{4422 - 4422}: Crystal::FixMissingTypes.class
{4423 - 4423}: Crystal::ReachableVisitor.class
{4424 - 4424}: Crystal::ContextVisitor.class
{4425 - 4425}: Crystal::ImplementationsVisitor.class
{4426 - 4426}: Crystal::ExpandVisitor.class
{4427 - 4427}: Crystal::Command::FlagsVisitor.class
{4428 - 4428}: Crystal::Formatter.class
{4429 - 4429}: Crystal::Playground::AgentInstrumentorTransformer::MacroDefNameCollector.class
{4430 - 4430}: Crystal::Playground::AgentInstrumentorTransformer::FirstBlockVisitor.class
{4431 - 4431}: Crystal::PrintTypesVisitor.class
{4432 - 4432}: Crystal::UnreachableVisitor.class
{4433 - 4433}: Crystal::Repl::Compiler.class
{4434 - 4434}: Crystal::Repl::LocalVarsGatherer.class
{4435 - 4435}: Crystal::MacroInterpreter.class
{4436 - 4436}: Crystal::CodeGenVisitor::CodegenWellKnownFunctions.class
{4437 - 4437}: Crystal::CodeGenVisitor.class
{4438 - 4438}: Crystal::Type.class
{4439 - 4439}: Crystal::NamedType.class
{4440 - 4440}: Crystal::ModuleType.class
{4441 - 4441}: Crystal::NonGenericModuleType.class
{4442 - 4442}: Crystal::FileModule.class
{4443 - 4443}: Crystal::Program.class
{4444 - 4444}: Crystal::ClassType.class
{4445 - 4445}: Crystal::NonGenericClassType.class
{4446 - 4446}: Crystal::PrimitiveType.class
{4447 - 4447}: Crystal::BoolType.class
{4448 - 4448}: Crystal::CharType.class
{4449 - 4449}: Crystal::IntegerType.class
{4450 - 4450}: Crystal::FloatType.class
{4451 - 4451}: Crystal::SymbolType.class
{4452 - 4452}: Crystal::NilType.class
{4453 - 4453}: Crystal::GenericClassType.class
{4454 - 4454}: Crystal::PointerType.class
{4455 - 4455}: Crystal::StaticArrayType.class
{4456 - 4456}: Crystal::ProcType.class
{4457 - 4457}: Crystal::TupleType.class
{4458 - 4458}: Crystal::NamedTupleType.class
{4459 - 4459}: Crystal::GenericReferenceStorageType.class
{4460 - 4460}: Crystal::GenericUnionType.class
{4461 - 4461}: Crystal::MetaclassType.class
{4462 - 4462}: Crystal::GenericModuleType.class
{4463 - 4463}: Crystal::LibType.class
{4464 - 4464}: Crystal::EnumType.class
{4465 - 4465}: Crystal::NoReturnType.class
{4466 - 4466}: Crystal::VoidType.class
{4467 - 4467}: Crystal::TypeDefType.class
{4468 - 4468}: Crystal::AliasType.class
{4469 - 4469}: Crystal::AnnotationType.class
{4470 - 4470}: Crystal::Const.class
{4471 - 4471}: Crystal::AutocastType.class
{4472 - 4472}: Crystal::NumberAutocastType.class
{4473 - 4473}: Crystal::SymbolAutocastType.class
{4474 - 4474}: Crystal::TypeParameter.class
{4475 - 4475}: Crystal::TypeSplat.class
{4476 - 4476}: Crystal::GenericInstanceType.class
{4477 - 4477}: Crystal::GenericClassInstanceType.class
{4478 - 4478}: Crystal::PointerInstanceType.class
{4479 - 4479}: Crystal::StaticArrayInstanceType.class
{4480 - 4480}: Crystal::ProcInstanceType.class
{4481 - 4481}: Crystal::TupleInstanceType.class
{4482 - 4482}: Crystal::NamedTupleInstanceType.class
{4483 - 4483}: Crystal::ReferenceStorageType.class
{4484 - 4484}: Crystal::GenericModuleInstanceType.class
{4485 - 4485}: Crystal::GenericClassInstanceMetaclassType.class
{4486 - 4486}: Crystal::GenericModuleInstanceMetaclassType.class
{4487 - 4487}: Crystal::UnionType.class
{4488 - 4488}: Crystal::NilableType.class
{4489 - 4489}: Crystal::NilableReferenceUnionType.class
{4490 - 4490}: Crystal::ReferenceUnionType.class
{4491 - 4491}: Crystal::NilableProcType.class
{4492 - 4492}: Crystal::MixedUnionType.class
{4493 - 4493}: Crystal::VirtualType.class
{4494 - 4494}: Crystal::VirtualMetaclassType.class
{4495 - 4495}: Crystal::InstanceVarInitializerContainer::InstanceVarInitializer.class
{4496 - 4496}: Crystal::Command.class
{4497 - 4497}: Crystal::Command::FormatCommand.class
{4498 - 4498}: Crystal::Codegen::Target.class
{4499 - 4499}: OptionParser.class
{4500 - 4500}: Spec::CLI.class
{4501 - 4501}: Digest.class
{4502 - 4502}: Crystal::Digest::MD5.class
{4503 - 4503}: Crystal::Digest::SHA1.class
{4504 - 4504}: Crystal::Compiler::CompilationUnit.class
{4505 - 4505}: Crystal::Compiler.class
{4506 - 4506}: Crystal::AbstractDefChecker.class
{4507 - 4507}: Crystal::NilReason.class
{4508 - 4508}: Levenshtein::Finder.class
{4509 - 4509}: Crystal::ClassVarInitializer.class
{4510 - 4510}: Crystal::Transformer.class
{4511 - 4511}: Crystal::CleanupTransformer.class
{4512 - 4512}: Crystal::Normalizer.class
{4513 - 4513}: Crystal::ExpandTransformer.class
{4514 - 4514}: Crystal::Playground::AgentInstrumentorTransformer::TypeBodyTransformer.class
{4515 - 4515}: Crystal::Playground::AgentInstrumentorTransformer.class
{4516 - 4516}: Crystal::MacroInterpreter::ReplaceBlockVarsTransformer.class
{4517 - 4517}: Crystal::ExhaustivenessChecker::Target.class
{4518 - 4518}: Crystal::ExhaustivenessChecker::BoolTarget.class
{4519 - 4519}: Crystal::ExhaustivenessChecker::EnumTarget.class
{4520 - 4520}: Crystal::ExhaustivenessChecker::TypeTarget.class
{4521 - 4521}: Crystal::TypeFilter.class
{4522 - 4522}: Crystal::SimpleTypeFilter.class
{4523 - 4523}: Crystal::AndTypeFilter.class
{4524 - 4524}: Crystal::OrTypeFilter.class
{4525 - 4525}: Crystal::TruthyFilter.class
{4526 - 4526}: Crystal::NotFilter.class
{4527 - 4527}: Crystal::RespondsToTypeFilter.class
{4528 - 4528}: Crystal::NoReturnFilter.class
{4529 - 4529}: Crystal::LiteralExpander.class
{4530 - 4530}: Crystal::MatchContext.class
{4531 - 4531}: Crystal::Match.class
{4532 - 4532}: Crystal::RecursiveStructChecker.class
{4533 - 4533}: Crystal::TypeDeclarationProcessor::InitializeInfo.class
{4534 - 4534}: Crystal::TypeDeclarationProcessor::InstanceVarTypeInfo.class
{4535 - 4535}: Crystal::TypeGuessVisitor::TypeInfo.class
{4536 - 4536}: Crystal::WarningCollection.class
{4537 - 4537}: Crystal::TablePrint::Column.class
{4538 - 4538}: Crystal::TablePrint::Cell.class
{4539 - 4539}: Crystal::TablePrint.class
{4540 - 4540}: Crystal::PrettyTypeNameJsonConverter.class
{4541 - 4541}: Crystal::ContextResult.class
{4542 - 4542}: Crystal::DependencyPrinter.class
{4543 - 4543}: Crystal::DependencyPrinter::List.class
{4544 - 4544}: Crystal::DependencyPrinter::Dot.class
{4545 - 4545}: Crystal::DependencyPrinter::Mermaid.class
{4546 - 4546}: Crystal::Doc::Constant.class
{4547 - 4547}: Markd::Node::Walker.class
{4548 - 4548}: Markd::Node.class
{4549 - 4549}: URI.class
{4550 - 4550}: URI::Params::Builder.class
{4551 - 4551}: Markd::Options.class
{4552 - 4552}: Markd::Renderer.class
{4553 - 4553}: Markd::HTMLRenderer.class
{4554 - 4554}: Crystal::Doc::MarkdDocRenderer.class
{4555 - 4555}: Markd::Parser::Block.class
{4556 - 4556}: Markd::Parser::Inline::Bracket.class
{4557 - 4557}: Markd::Parser::Inline::Delimiter.class
{4558 - 4558}: Markd::Parser::Inline.class
{4559 - 4559}: Crystal::Location.class
{4560 - 4560}: Crystal::Token.class
{4561 - 4561}: Crystal::Lexer.class
{4562 - 4562}: Crystal::Parser.class
{4563 - 4563}: Crystal::VirtualFile.class
{4564 - 4564}: Crystal::SyntaxHighlighter.class
{4565 - 4565}: Crystal::SyntaxHighlighter::HTML.class
{4566 - 4566}: Crystal::SyntaxHighlighter::Colorize.class
{4567 - 4567}: Crystal::Doc::Generator.class
{4568 - 4568}: Crystal::Doc::Macro.class
{4569 - 4569}: Crystal::Doc::Method.class
{4570 - 4570}: Crystal::Doc::ProjectInfo.class
{4571 - 4571}: Crystal::Doc::RelativeLocation.class
{4572 - 4572}: Crystal::Doc::Type.class
{4573 - 4573}: Crystal::ImplementationResult.class
{4574 - 4574}: Crystal::ImplementationTrace.class
{4575 - 4575}: Crystal::Formatter::CommentInfo.class
{4576 - 4576}: Crystal::Init::Config.class
{4577 - 4577}: Crystal::Init::View.class
{4578 - 4578}: Crystal::Init::GitInitView.class
{4579 - 4579}: Crystal::Init::GitignoreView.class
{4580 - 4580}: Crystal::Init::EditorconfigView.class
{4581 - 4581}: Crystal::Init::LicenseView.class
{4582 - 4582}: Crystal::Init::ReadmeView.class
{4583 - 4583}: Crystal::Init::ShardView.class
{4584 - 4584}: Crystal::Init::SrcExampleView.class
{4585 - 4585}: Crystal::Init::SpecHelperView.class
{4586 - 4586}: Crystal::Init::SpecExampleView.class
{4587 - 4587}: Crystal::Init::InitProject.class
{4588 - 4588}: HTTP::Client.class
{4589 - 4589}: URI::Punycode.class
{4590 - 4590}: HTTP::Request.class
{4591 - 4591}: HTTP::Client::Response.class
{4592 - 4592}: HTTP::Cookie.class
{4593 - 4593}: HTTP::Cookies.class
{4594 - 4594}: HTTP::FormData::Builder.class
{4595 - 4595}: HTTP::FormData::Parser.class
{4596 - 4596}: MIME::Multipart::Builder.class
{4597 - 4597}: MIME::Multipart::Parser.class
{4598 - 4598}: HTTP::Server.class
{4599 - 4599}: HTTP::Server::Context.class
{4600 - 4600}: HTTP::CompressHandler.class
{4601 - 4601}: HTTP::ErrorHandler.class
{4602 - 4602}: HTTP::LogHandler.class
{4603 - 4603}: HTTP::StaticFileHandler.class
{4604 - 4604}: Crystal::Playground::PathStaticFileHandler.class
{4605 - 4605}: HTTP::WebSocket.class
{4606 - 4606}: HTTP::WebSocket::Protocol.class
{4607 - 4607}: HTTP::WebSocketHandler.class
{4608 - 4608}: Crystal::Playground::PathWebSocketHandler.class
{4609 - 4609}: HTTP::Server::RequestProcessor.class
{4610 - 4610}: Crystal::Playground::Agent.class
{4611 - 4611}: Crystal::Playground::Session.class
{4612 - 4612}: Crystal::Playground::PlaygroundPage.class
{4613 - 4613}: Crystal::Playground::FileContentPage.class
{4614 - 4614}: Crystal::Playground::WorkbookIndexPage.class
{4615 - 4615}: Crystal::Playground::PageHandler.class
{4616 - 4616}: Crystal::Playground::WorkbookHandler.class
{4617 - 4617}: Crystal::Playground::EnvironmentHandler.class
{4618 - 4618}: Crystal::Playground::Server.class
{4619 - 4619}: Crystal::HierarchyPrinter.class
{4620 - 4620}: Crystal::TextHierarchyPrinter.class
{4621 - 4621}: Crystal::JSONHierarchyPrinter.class
{4622 - 4622}: CSV.class
{4623 - 4623}: CSV::Builder.class
{4624 - 4624}: CSV::Lexer.class
{4625 - 4625}: CSV::Lexer::IOBased.class
{4626 - 4626}: CSV::Lexer::StringBased.class
{4627 - 4627}: CSV::Parser.class
{4628 - 4628}: Crystal::Repl.class
{4629 - 4629}: Crystal::Repl::ClassVars.class
{4630 - 4630}: Crystal::Repl::ClosureContext.class
{4631 - 4631}: Crystal::Repl::CompiledBlock.class
{4632 - 4632}: Crystal::Repl::CompiledDef.class
{4633 - 4633}: Crystal::Repl::CompiledInstructions.class
{4634 - 4634}: Crystal::Repl::Constants.class
{4635 - 4635}: Crystal::Repl::Context.class
{4636 - 4636}: Crystal::Repl::FFIClosureContext.class
{4637 - 4637}: Crystal::Repl::Interpreter.class
{4638 - 4638}: Crystal::Repl::LibFunction.class
{4639 - 4639}: Crystal::Repl::LocalVars.class
{4640 - 4640}: Reply::History.class
{4641 - 4641}: Reply::ExpressionEditor.class
{4642 - 4642}: Reply::AutoCompletion.class
{4643 - 4643}: Reply::Search.class
{4644 - 4644}: Reply::Reader.class
{4645 - 4645}: Crystal::ReplReader.class
{4646 - 4646}: Crystal::PryReader.class
{4647 - 4647}: Crystal::Loader.class
{4648 - 4648}: Crystal::ProgressTracker.class
{4649 - 4649}: Crystal::MacroType.class
{4650 - 4650}: Crystal::NonGenericMacroType.class
{4651 - 4651}: Crystal::NoReturnMacroType.class
{4652 - 4652}: Crystal::UnionMacroType.class
{4653 - 4653}: Crystal::CodeGenVisitor::LLVMVar.class
{4654 - 4654}: Crystal::CacheDir.class
{4655 - 4655}: Crystal::CodeGenVisitor::Context.class
{4656 - 4656}: Crystal::CrystalLLVMBuilder.class
{4657 - 4657}: Crystal::CodeGenVisitor::DIBuilder.class
{4658 - 4658}: Crystal::LLVMId.class
{4659 - 4659}: Crystal::LLVMTyper.class
{4660 - 4660}: Crystal::CodeGenVisitor::Phi.class
{4661 - 4661}: Value.class
{4662 - 4662}: Number.class
{4663 - 4663}: Int.class
{4664 - 4664}: Int8.class
{4665 - 4665}: UInt8.class
{4666 - 4666}: Int16.class
{4667 - 4667}: UInt16.class
{4668 - 4668}: Int32.class
{4669 - 4669}: UInt32.class
{4670 - 4670}: Int64.class
{4671 - 4671}: UInt64.class
{4672 - 4672}: Int128.class
{4673 - 4673}: UInt128.class
{4674 - 4674}: Float.class
{4675 - 4675}: Float32.class
{4676 - 4676}: Float64.class
{4677 - 4677}: Nil.class
{4678 - 4678}: Bool.class
{4679 - 4679}: Char.class
{4680 - 4680}: Symbol.class
{4681 - 4681}: Pointer(T).class
{4682 - 4682}: Pointer(UInt8).class
{4683 - 4683}: Pointer(Pointer(UInt8)).class
{4684 - 4684}: Pointer(Void).class
{4685 - 4685}: Pointer(NoReturn).class
{4686 - 4686}: Pointer(LibC::SiginfoT).class
{4687 - 4687}: Pointer(LibC::SockaddrIn6).class
{4688 - 4688}: Pointer(LibC::SockaddrIn).class
{4689 - 4689}: Pointer(LibC::SockaddrUn).class
{4690 - 4690}: Pointer(Crystal::LibFFI::Cif).class
{4691 - 4691}: Pointer(Crystal::Once::Operation).class
{4692 - 4692}: Pointer(Bool).class
{4693 - 4693}: Pointer(LibC::DlInfo).class
{4694 - 4694}: Pointer(LibUnwind::Exception).class
{4695 - 4695}: Pointer(UInt64).class
{4696 - 4696}: Pointer(Float32).class
{4697 - 4697}: Pointer(Crystal::EventLoop::Polling::Event).class
{4698 - 4698}: Pointer(Int64).class
{4699 - 4699}: Pointer(LibC::Tm).class
{4700 - 4700}: Pointer(LibC::Timespec).class
{4701 - 4701}: Pointer(LibC::Kevent).class
{4702 - 4702}: Pointer(LibC::Stat).class
{4703 - 4703}: Pointer(LibC::Termios).class
{4704 - 4704}: Pointer(LibC::PthreadCondattrT).class
{4705 - 4705}: Pointer(LibC::PthreadCondT).class
{4706 - 4706}: Pointer(LibC::PthreadMutexT).class
{4707 - 4707}: Pointer(LibC::PthreadT).class
{4708 - 4708}: Pointer(LibC::PthreadAttrT).class
{4709 - 4709}: Pointer(Pointer(Void)).class
{4710 - 4710}: Pointer(LibC::PthreadMutexattrT).class
{4711 - 4711}: Pointer(Int32).class
{4712 - 4712}: Pointer(UInt32).class
{4713 - 4713}: Pointer(LibC::Sigaction).class
{4714 - 4714}: Pointer(LibC::StackT).class
{4715 - 4715}: Pointer(LibC::DIR).class
{4716 - 4716}: Pointer(LibC::Dirent).class
{4717 - 4717}: Pointer(Proc(Pointer(Void), Pointer(Void), Nil)).class
{4718 - 4718}: Pointer(LibGC::ProfStats).class
{4719 - 4719}: Pointer(LibGC::StackBase).class
{4720 - 4720}: Pointer(Fiber::PointerLinkedListNode).class
{4721 - 4721}: Pointer(LibC::Passwd).class
{4722 - 4722}: Pointer(Pointer(LibC::Passwd)).class
{4723 - 4723}: Pointer(LibC::Rlimit).class
{4724 - 4724}: Pointer(LibC::RUsage).class
{4725 - 4725}: Pointer(LibPCRE2::CompileContext).class
{4726 - 4726}: Pointer(LibPCRE2::Code).class
{4727 - 4727}: Pointer(LibPCRE2::MatchContext).class
{4728 - 4728}: Pointer(LibPCRE2::GeneralContext).class
{4729 - 4729}: Pointer(LibPCRE2::JITStack).class
{4730 - 4730}: Pointer(LibPCRE2::MatchData).class
{4731 - 4731}: Pointer(LibC::Timeval).class
{4732 - 4732}: Pointer(LibC::MachTimebaseInfo).class
{4733 - 4733}: Pointer(LibLLVM::ModuleRef).class
{4734 - 4734}: Pointer(LibLLVM::TypeRef).class
{4735 - 4735}: Pointer(LibLLVM::ValueRef).class
{4736 - 4736}: Pointer(LibLLVM::BasicBlockRef).class
{4737 - 4737}: Pointer(LibLLVM::OperandBundleRef).class
{4738 - 4738}: Pointer(LibLLVM::MemoryBufferRef).class
{4739 - 4739}: Pointer(LibLLVM::MetadataRef).class
{4740 - 4740}: Pointer(LibLLVM::TargetRef).class
{4741 - 4741}: Pointer(LibLLVM::ExecutionEngineRef).class
{4742 - 4742}: Pointer(LibLLVM::MCJITCompilerOptions).class
{4743 - 4743}: Pointer(LibLLVM::GenericValueRef).class
{4744 - 4744}: Pointer(LibC::Sockaddr).class
{4745 - 4745}: Pointer(LibC::Addrinfo).class
{4746 - 4746}: Pointer(Pointer(LibC::Addrinfo)).class
{4747 - 4747}: Pointer(Crystal::LibFFI::Type).class
{4748 - 4748}: Pointer(Pointer(Crystal::LibFFI::Type)).class
{4749 - 4749}: Pointer(Crystal::LibFFI::Closure).class
{4750 - 4750}: Pointer(String).class
{4751 - 4751}: Pointer(IO).class
{4752 - 4752}: Pointer(Array(T)).class
{4753 - 4753}: Pointer(Crystal).class
{4754 - 4754}: Pointer(Log::Metadata::Value).class
{4755 - 4755}: Pointer(LLVM::BasicBlock).class
{4756 - 4756}: Pointer(LLVM::Type).class
{4757 - 4757}: Pointer(LLVM::GenericValue).class
{4758 - 4758}: Pointer(JSON::Any).class
{4759 - 4759}: Pointer(Crystal::ASTNode).class
{4760 - 4760}: Pointer(Crystal::Def).class
{4761 - 4761}: Pointer(Crystal::Annotation).class
{4762 - 4762}: Pointer(Crystal::ExhaustivenessChecker::BoolPattern | Crystal::ExhaustivenessChecker::EnumMemberNamePattern | Crystal::ExhaustivenessChecker::EnumMemberPattern | Crystal::ExhaustivenessChecker::TypePattern | Crystal::ExhaustivenessChecker::UnderscorePattern).class
{4763 - 4763}: Pointer(Crystal::Type | Nil).class
{4764 - 4764}: Pointer(Crystal::Token::Kind).class
{4765 - 4765}: Pointer(Tuple(Crystal::Def, Int32)).class
{4766 - 4766}: Pointer(LLVM::Value).class
{4767 - 4767}: Pointer(Crystal::Compiler::Source).class
{4768 - 4768}: Pointer(Crystal::DWARF::Abbrev::Attribute).class
{4769 - 4769}: Pointer(Crystal::DWARF::Abbrev).class
{4770 - 4770}: Pointer(Crystal::DWARF::LineNumbers::Sequence::FileEntry).class
{4771 - 4771}: Pointer(Crystal::DWARF::LineNumbers::Row).class
{4772 - 4772}: Pointer(Array(Crystal::DWARF::LineNumbers::Row)).class
{4773 - 4773}: Pointer(Crystal::MachO::StabEntry).class
{4774 - 4774}: Pointer(Crystal::MachO::Nlist64).class
{4775 - 4775}: Pointer(Tuple(UInt64, UInt64, String)).class
{4776 - 4776}: Pointer(Tuple(Int32, Int32, String::Grapheme::Property)).class
{4777 - 4777}: Pointer(Time::Location::Zone).class
{4778 - 4778}: Pointer(Tuple(Int32, Int32, Int32)).class
{4779 - 4779}: Pointer(Tuple(Int32, Int32)).class
{4780 - 4780}: Pointer(Tuple(Int32, Int32, UInt8)).class
{4781 - 4781}: Pointer(Tuple(Int32, Int32, Unicode::QuickCheckResult)).class
{4782 - 4782}: Pointer(LLVM::ABI::ArgType).class
{4783 - 4783}: Pointer(Crystal::HashLiteral::Entry).class
{4784 - 4784}: Pointer(Crystal::NamedTupleLiteral::Entry).class
{4785 - 4785}: Pointer(Crystal::Var).class
{4786 - 4786}: Pointer(Crystal::NamedArgument).class
{4787 - 4787}: Pointer(Crystal::Arg).class
{4788 - 4788}: Pointer(Crystal::When).class
{4789 - 4789}: Pointer(Crystal::Rescue).class
{4790 - 4790}: Pointer(Crystal::AsmOperand).class
{4791 - 4791}: Pointer(Crystal::Lexer::LocPopPragma | Crystal::Lexer::LocPushPragma | Crystal::Lexer::LocSetPragma).class
{4792 - 4792}: Pointer(Crystal::Location).class
{4793 - 4793}: Pointer(Crystal::Type).class
{4794 - 4794}: Pointer(Crystal::NamedArgumentType).class
{4795 - 4795}: Pointer(Crystal::DefWithMetadata).class
{4796 - 4796}: Pointer(Crystal::Macro).class
{4797 - 4797}: Pointer(Crystal::Hook).class
{4798 - 4798}: Pointer(Crystal::InstanceVarInitializerContainer::InstanceVarInitializer).class
{4799 - 4799}: Pointer(Crystal::LinkAnnotation).class
{4800 - 4800}: Pointer(Hash(String, Crystal::MetaVar)).class
{4801 - 4801}: Pointer(Crystal::PointerOf).class
{4802 - 4802}: Pointer(Crystal::Def).class
{4803 - 4803}: Pointer(String | Nil).class
{4804 - 4804}: Pointer(Crystal::Call::ArgumentTypeMismatch).class
{4805 - 4805}: Pointer(Crystal::Match).class
{4806 - 4806}: Pointer(Crystal::ExhaustivenessChecker::Target).class
{4807 - 4807}: Pointer(Crystal::Const).class
{4808 - 4808}: Pointer(Tuple(Crystal::AnnotationType, Crystal::Annotation)).class
{4809 - 4809}: Pointer(Crystal::TablePrint::Cell).class
{4810 - 4810}: Pointer(Crystal::TablePrint::Column).class
{4811 - 4811}: Pointer(Hash(String, Crystal::Type)).class
{4812 - 4812}: Pointer(Path).class
{4813 - 4813}: Pointer(Crystal::Token::DelimiterState).class
{4814 - 4814}: Pointer(Crystal::Doc::Type).class
{4815 - 4815}: Pointer(Crystal::Doc::Method).class
{4816 - 4816}: Pointer(Crystal::Doc::Macro).class
{4817 - 4817}: Pointer(Crystal::Doc::Constant).class
{4818 - 4818}: Pointer(Crystal::ImplementationTrace).class
{4819 - 4819}: Pointer(Crystal::ExpandResult::Expansion).class
{4820 - 4820}: Pointer(NamedTuple(name: String, implementation: Crystal::ImplementationTrace)).class
{4821 - 4821}: Pointer(Array(NamedTuple(name: String, implementation: Crystal::ImplementationTrace))).class
{4822 - 4822}: Pointer(Int32 | Nil).class
{4823 - 4823}: Pointer(Crystal::Formatter::AlignInfo).class
{4824 - 4824}: Pointer(Crystal::Formatter::CommentInfo).class
{4825 - 4825}: Pointer(Crystal::Formatter::HeredocFix).class
{4826 - 4826}: Pointer(Crystal::Repl::CompiledInstructions::ExceptionHandler).class
{4827 - 4827}: Pointer(Char).class
{4828 - 4828}: Pointer(Int32 | String).class
{4829 - 4829}: Pointer(Crystal::MacroType).class
{4830 - 4830}: Pointer(Crystal::MetaVar).class
{4831 - 4831}: Pointer(Crystal::MachO::Segment64).class
{4832 - 4832}: Pointer(Crystal::MachO::Section64).class
{4833 - 4833}: Pointer(Proc(Int32, (Exception | Nil), Nil)).class
{4834 - 4834}: Pointer(Proc(Nil)).class
{4835 - 4835}: Pointer(PrettyPrint::Group).class
{4836 - 4836}: Pointer(Array(PrettyPrint::Group)).class
{4837 - 4837}: Pointer(Time::Location::ZoneTransition).class
{4838 - 4838}: Pointer(Log::Builder::Binding).class
{4839 - 4839}: Pointer(Log::Entry).class
{4840 - 4840}: Pointer(LLVM::Builder).class
{4841 - 4841}: Pointer(LLVM::Attribute).class
{4842 - 4842}: Pointer(JSON::Builder::ArrayState | JSON::Builder::DocumentEndState | JSON::Builder::DocumentStartState | JSON::Builder::ObjectState | JSON::Builder::StartState).class
{4843 - 4843}: Pointer(JSON::PullParser::ObjectStackKind).class
{4844 - 4844}: Pointer(Crystal::Call).class
{4845 - 4845}: Pointer(Crystal::ASTNode | Crystal::Type).class
{4846 - 4846}: Pointer(Crystal::Program::ConstSliceInfo).class
{4847 - 4847}: Pointer(Crystal::ClassVarInitializer).class
{4848 - 4848}: Pointer(Crystal::Program::RecordedRequire).class
{4849 - 4849}: Pointer(Tuple(Crystal::Yield, Array(Crystal::Var) | Nil)).class
{4850 - 4850}: Pointer(Crystal::Program::FinishedHook).class
{4851 - 4851}: Pointer(Crystal::InstanceVarsInitializerVisitor::Initializer).class
{4852 - 4852}: Pointer(Tuple(String, Regex::Options)).class
{4853 - 4853}: Pointer(Crystal::While).class
{4854 - 4854}: Pointer(Crystal::TopLevelVisitor::FinishedHook).class
{4855 - 4855}: Pointer(Crystal::TypeDeclarationProcessor::InitializeInfo).class
{4856 - 4856}: Pointer(Array(Crystal::TablePrint::Cell) | Crystal::TablePrint::Separator).class
{4857 - 4857}: Pointer(Tuple(Crystal::Token::DelimiterState, Crystal::Lexer::HeredocItem)).class
{4858 - 4858}: Pointer(Set(String)).class
{4859 - 4859}: Pointer(Crystal::Parser::Unclosed).class
{4860 - 4860}: Pointer(Crystal::Init::View.class).class
{4861 - 4861}: Pointer(Proc(HTTP::Request, Nil)).class
{4862 - 4862}: Pointer(Socket::Server).class
{4863 - 4863}: Pointer(Crystal::Repl::CompiledDef).class
{4864 - 4864}: Pointer(Crystal::FFI::Type).class
{4865 - 4865}: Pointer(Crystal::Repl::Interpreter::CallFrame).class
{4866 - 4866}: Pointer(Array(String) | Nil).class
{4867 - 4867}: Pointer(Crystal::FunDef).class
{4868 - 4868}: Pointer(Crystal::CodeGenVisitor::FunMetadata).class
{4869 - 4869}: Pointer(Crystal::CodeGenVisitor::Handler).class
{4870 - 4870}: Pointer(Crystal::EventLoop::Polling::Arena::Entry(Crystal::EventLoop::Polling::PollDescriptor)).class
{4871 - 4871}: Pointer(Fiber::Stack).class
{4872 - 4872}: Pointer(Fiber).class
{4873 - 4873}: Pointer(PrettyPrint::Breakable | PrettyPrint::Text).class
{4874 - 4874}: Pointer(PrettyPrint::Breakable).class
{4875 - 4875}: Pointer(Array(String)).class
{4876 - 4876}: Pointer(Exception | Nil).class
{4877 - 4877}: Pointer(Tuple(Log::Entry, Log::Backend)).class
{4878 - 4878}: Pointer(Nil).class
{4879 - 4879}: Pointer(Hash::Entry(String, Crystal)).class
{4880 - 4880}: Pointer(Hash::Entry(String, Log::Metadata::Value)).class
{4881 - 4881}: Pointer(Hash::Entry(String, JSON::Any)).class
{4882 - 4882}: Pointer(Hash::Entry(String, Array(String) | String)).class
{4883 - 4883}: Pointer(Hash::Entry(String, String)).class
{4884 - 4884}: Pointer(Hash::Entry(String, Crystal::MetaVar)).class
{4885 - 4885}: Pointer(Hash::Entry(String, Nil)).class
{4886 - 4886}: Pointer(Hash::Entry(String, String | Nil)).class
{4887 - 4887}: Pointer(Hash::Entry(Int32, Tuple(Int32, Int32, Int32))).class
{4888 - 4888}: Pointer(Hash::Entry(Int32, Tuple(Int32, Int32))).class
{4889 - 4889}: Pointer(Hash::Entry(Int64, Int32)).class
{4890 - 4890}: Pointer(Hash::Entry(Crystal::AnnotationType, Array(Crystal::Annotation))).class
{4891 - 4891}: Pointer(Hash::Entry(Int32, Crystal::Expressions)).class
{4892 - 4892}: Pointer(Hash::Entry(Int32, Array(Crystal::Lexer::LocPopPragma | Crystal::Lexer::LocPushPragma | Crystal::Lexer::LocSetPragma))).class
{4893 - 4893}: Pointer(Hash::Entry(String, Array(Crystal::DefWithMetadata))).class
{4894 - 4894}: Pointer(Hash::Entry(String, Array(Crystal::Macro))).class
{4895 - 4895}: Pointer(Hash::Entry(String, Crystal::ASTNode)).class
{4896 - 4896}: Pointer(Hash::Entry(Crystal::Def, Array(Crystal::Type))).class
{4897 - 4897}: Pointer(Hash::Entry(Bool, Array(Crystal::ExhaustivenessChecker::Target))).class
{4898 - 4898}: Pointer(Hash::Entry(Crystal::Const, Array(Crystal::ExhaustivenessChecker::Target))).class
{4899 - 4899}: Pointer(Hash::Entry(String, Array(Crystal::ASTNode))).class
{4900 - 4900}: Pointer(Hash::Entry(String, Crystal::ASTNode | Crystal::Type)).class
{4901 - 4901}: Pointer(Hash::Entry(String, Crystal::Arg)).class
{4902 - 4902}: Pointer(Hash::Entry(Crystal::Def, Crystal::Def)).class
{4903 - 4903}: Pointer(Hash::Entry(String, Crystal::Type)).class
{4904 - 4904}: Pointer(Hash::Entry(String, Bool | Int32 | String)).class
{4905 - 4905}: Pointer(Hash::Entry(String, Int32)).class
{4906 - 4906}: Pointer(Hash::Entry(Crystal::Def, Int32)).class
{4907 - 4907}: Pointer(Hash::Entry(String, Tuple(Int32, Crystal::Type))).class
{4908 - 4908}: Pointer(Hash::Entry(Int32, Crystal::ASTNode)).class
{4909 - 4909}: Pointer(Hash::Entry(Crystal::Def, Crystal::Repl::CompiledDef)).class
{4910 - 4910}: Pointer(Hash::Entry(Crystal::External, Crystal::Repl::LibFunction)).class
{4911 - 4911}: Pointer(Hash::Entry(Crystal::Repl::Context::MultidispatchKey, Crystal::Def)).class
{4912 - 4912}: Pointer(Hash::Entry(Pointer(Void), Crystal::Repl::CompiledDef)).class
{4913 - 4913}: Pointer(Hash::Entry(Crystal::SyntaxHighlighter::TokenType, Colorize::Color256 | Colorize::ColorANSI | Colorize::ColorRGB)).class
{4914 - 4914}: Pointer(Hash::Entry(String, Crystal::CodeGenVisitor::ModuleInfo)).class
{4915 - 4915}: Pointer(Hash::Entry(String, Crystal::CodeGenVisitor::LLVMVar)).class
{4916 - 4916}: Pointer(Hash::Entry(Tuple(LLVM::Module, String), LLVM::Type)).class
{4917 - 4917}: Pointer(Hash::Entry(Crystal::ASTNode, Crystal::CodeGenVisitor::Handler)).class
{4918 - 4918}: Pointer(Hash::Entry(Int32, Int32)).class
{4919 - 4919}: Pointer(Hash::Entry(Crystal::Type, LLVM::Type)).class
{4920 - 4920}: Pointer(Hash::Entry(Tuple(UInt64, Symbol), Nil)).class
{4921 - 4921}: Pointer(Hash::Entry(UInt64, UInt64)).class
{4922 - 4922}: Pointer(Hash::Entry(Signal, Proc(Signal, Nil))).class
{4923 - 4923}: Pointer(Hash::Entry(Int32, Channel(Int32))).class
{4924 - 4924}: Pointer(Hash::Entry(String, NamedTuple(time: Time, location: Time::Location))).class
{4925 - 4925}: Pointer(Hash::Entry(Log::Backend, Log::Severity)).class
{4926 - 4926}: Pointer(Hash::Entry(String, WeakRef(Log))).class
{4927 - 4927}: Pointer(Hash::Entry(LLVM::Attribute, UInt32)).class
{4928 - 4928}: Pointer(Hash::Entry(String, Crystal::NamedType)).class
{4929 - 4929}: Pointer(Hash::Entry(Crystal::DefInstanceKey, Crystal::Def)).class
{4930 - 4930}: Pointer(Hash::Entry(String, Crystal::MetaTypeVar)).class
{4931 - 4931}: Pointer(Hash::Entry(Array(Crystal::ASTNode | Crystal::Type), Crystal::Type)).class
{4932 - 4932}: Pointer(Hash::Entry(String, Crystal::TypeParameter)).class
{4933 - 4933}: Pointer(Hash::Entry(Int32 | Range(Int32, Int32), Crystal::Def)).class
{4934 - 4934}: Pointer(Hash::Entry(Array(Crystal::NamedArgumentType), Crystal::Type)).class
{4935 - 4935}: Pointer(Hash::Entry(Int32, Crystal::Def)).class
{4936 - 4936}: Pointer(Hash::Entry(String, Crystal::FileModule)).class
{4937 - 4937}: Pointer(Hash::Entry(Array(UInt64), Crystal::UnionType)).class
{4938 - 4938}: Pointer(Hash::Entry(String, OptionParser::Handler)).class
{4939 - 4939}: Pointer(Hash::Entry(String, Array(Int32))).class
{4940 - 4940}: Pointer(Hash::Entry(String, Tuple(Crystal::ASTNode, Crystal::ASTNode))).class
{4941 - 4941}: Pointer(Hash::Entry(Crystal::ClassVarContainer, Hash(String, Tuple(Crystal::ASTNode, Crystal::ASTNode)))).class
{4942 - 4942}: Pointer(Hash::Entry(String, Crystal::TypeFilter)).class
{4943 - 4943}: Pointer(Hash::Entry(String, Crystal::TypeDeclarationProcessor::TypeDeclarationWithLocation)).class
{4944 - 4944}: Pointer(Hash::Entry(Crystal::Type, Hash(String, Crystal::TypeDeclarationProcessor::TypeDeclarationWithLocation))).class
{4945 - 4945}: Pointer(Hash::Entry(String, Crystal::TypeDeclarationProcessor::InstanceVarTypeInfo)).class
{4946 - 4946}: Pointer(Hash::Entry(Crystal::Type, Hash(String, Crystal::TypeDeclarationProcessor::InstanceVarTypeInfo))).class
{4947 - 4947}: Pointer(Hash::Entry(Crystal::Type, Array(Crystal::TypeDeclarationProcessor::InitializeInfo))).class
{4948 - 4948}: Pointer(Hash::Entry(Crystal::Type, Array(String))).class
{4949 - 4949}: Pointer(Hash::Entry(String, Crystal::TypeDeclarationProcessor::InitializeInfo)).class
{4950 - 4950}: Pointer(Hash::Entry(Crystal::Type, Hash(String, Crystal::TypeDeclarationProcessor::InitializeInfo))).class
{4951 - 4951}: Pointer(Hash::Entry(String, Crystal::TypeDeclarationProcessor::Error)).class
{4952 - 4952}: Pointer(Hash::Entry(Crystal::Type, Hash(String, Crystal::TypeDeclarationProcessor::Error))).class
{4953 - 4953}: Pointer(Hash::Entry(String, Crystal::TypeGuessVisitor::TypeInfo)).class
{4954 - 4954}: Pointer(Hash::Entry(Crystal::ClassVarContainer, Hash(String, Crystal::TypeGuessVisitor::TypeInfo))).class
{4955 - 4955}: Pointer(Hash::Entry(Crystal::ClassVarContainer, Hash(String, Crystal::TypeDeclarationProcessor::TypeDeclarationWithLocation))).class
{4956 - 4956}: Pointer(Hash::Entry(String, Crystal::External)).class
{4957 - 4957}: Pointer(Hash::Entry(String, Array(String))).class
{4958 - 4958}: Pointer(Hash::Entry(String, Hash(String, String) | String)).class
{4959 - 4959}: Pointer(Hash::Entry(Crystal::Type, Crystal::Doc::Type)).class
{4960 - 4960}: Pointer(Hash::Entry(String, Set(String))).class
{4961 - 4961}: Pointer(Hash::Entry(HTTP::Headers::Key, Array(String) | String)).class
{4962 - 4962}: Pointer(Hash::Entry(String, HTTP::Cookie)).class
{4963 - 4963}: Pointer(Hash::Entry(Int32, Crystal::Playground::Session)).class
{4964 - 4964}: Pointer(Hash::Entry(Crystal::Location, Int32)).class
{4965 - 4965}: Pointer(Hash::Entry(Crystal::Repl::ClassVars::Key, Crystal::Repl::ClassVars::Value)).class
{4966 - 4966}: Pointer(Hash::Entry(Crystal::Const, Crystal::Repl::Constants::Value)).class
{4967 - 4967}: Pointer(Hash::Entry(Tuple(UInt64, UInt64), Crystal::Repl::FFIClosureContext)).class
{4968 - 4968}: Pointer(Hash::Entry(Crystal::Type, Array(Crystal::Repl::CompiledDef))).class
{4969 - 4969}: Pointer(Hash::Entry(Crystal::Type, Int32)).class
{4970 - 4970}: Pointer(Hash::Entry(Crystal::Repl::LocalVars::Key, Crystal::Type)).class
{4971 - 4971}: Pointer(Hash::Entry(Crystal::Repl::LocalVars::Key, Int32)).class
{4972 - 4972}: Pointer(Hash::Entry(Crystal::MacroInterpreter::MacroVarKey, String)).class
{4973 - 4973}: Pointer(Hash::Entry(String, Crystal::Program::CompiledMacroRun)).class
{4974 - 4974}: Pointer(Hash::Entry(String, Crystal::MacroType)).class
{4975 - 4975}: Pointer(Hash::Entry(Crystal::Type, Crystal::CodeGenVisitor::ModuleInfo)).class
{4976 - 4976}: Pointer(Hash::Entry(Crystal::CodeGenVisitor::StringKey, LLVM::Value)).class
{4977 - 4977}: Pointer(Hash::Entry(Crystal::VirtualFile | String | Nil, LibLLVM::MetadataRef)).class
{4978 - 4978}: Pointer(Hash::Entry(LLVM::Module, Hash(Crystal::VirtualFile | String | Nil, LibLLVM::MetadataRef))).class
{4979 - 4979}: Pointer(Hash::Entry(Crystal::Type, LibLLVM::MetadataRef | Nil)).class
{4980 - 4980}: Pointer(Hash::Entry(LLVM::Module, Hash(Crystal::Type, LibLLVM::MetadataRef | Nil))).class
{4981 - 4981}: Pointer(Hash::Entry(LLVM::Module, Crystal::CodeGenVisitor::DIBuilder)).class
{4982 - 4982}: Pointer(Hash::Entry(LLVM::Function, Array(Crystal::CodeGenVisitor::FunMetadata))).class
{4983 - 4983}: Pointer(Hash::Entry(Tuple(String, String), LibLLVM::MetadataRef)).class
{4984 - 4984}: Pointer(Hash::Entry(Crystal::Type, Tuple(Int32, Int32))).class
{4985 - 4985}: Pointer(Hash::Entry(String, LLVM::Type)).class
{4986 - 4986}: Pointer(Channel::Receiver(Int32)).class
{4987 - 4987}: Pointer(Channel::Receiver(Exception | Nil)).class
{4988 - 4988}: Pointer(Channel::Receiver(Tuple(Log::Entry, Log::Backend))).class
{4989 - 4989}: Pointer(Channel::Receiver(Nil)).class
{4990 - 4990}: Pointer(Channel::Sender(Int32)).class
{4991 - 4991}: Pointer(Channel::Sender(Exception | Nil)).class
{4992 - 4992}: Pointer(Channel::Sender(Tuple(Log::Entry, Log::Backend))).class
{4993 - 4993}: Pointer(Channel::Sender(Nil)).class
{4994 - 4994}: Pointer(Hash::Entry(Thread, Pointer(LibPCRE2::JITStack))).class
{4995 - 4995}: Pointer(Hash::Entry(Thread, Pointer(LibPCRE2::MatchData))).class
{4996 - 4996}: Pointer(Hash::Entry(Crystal::Type, Nil)).class
{4997 - 4997}: Pointer(Hash::Entry(Crystal::Def, Nil)).class
{4998 - 4998}: Pointer(Hash::Entry(Crystal::ASTNode, Nil)).class
{4999 - 4999}: Pointer(Hash::Entry(Int32, Nil)).class
{5000 - 5000}: Pointer(UInt16).class
{5001 - 5001}: Pointer(Pointer(Crystal::EventLoop::Polling::Arena::Entry(Crystal::EventLoop::Polling::PollDescriptor))).class
{5002 - 5002}: Pointer(Crystal::EventLoop::Polling::PollDescriptor).class
{5003 - 5003}: Pointer(StaticArray(UInt8, 4)).class
{5004 - 5004}: Pointer(StaticArray(UInt8, 8)).class
{5005 - 5005}: Pointer(StaticArray(UInt8, 2)).class
{5006 - 5006}: Pointer(StaticArray(UInt8, 1)).class
{5007 - 5007}: Pointer(Int8).class
{5008 - 5008}: Pointer(Crystal::DWARF::LineNumbers::LNCTFormat).class
{5009 - 5009}: Pointer(Hash::Entry(Int64, Array(Crystal::DWARF::Abbrev))).class
{5010 - 5010}: Pointer(Tuple(Crystal::DWARF::AT, Crystal::DWARF::FORM, Bool | Int32 | Int64 | Slice(UInt8) | String | UInt128 | UInt16 | UInt32 | UInt64 | UInt8)).class
{5011 - 5011}: Pointer(StaticArray(UInt8, 16)).class
{5012 - 5012}: Pointer(UInt128).class
{5013 - 5013}: Pointer(Fiber::Context).class
{5014 - 5014}: Pointer(Pointer(Crystal::EventLoop::Polling::Event)).class
{5015 - 5015}: Pointer(Channel::SelectState).class
{5016 - 5016}: Pointer(Float64).class
{5017 - 5017}: Pointer(Float::FastFloat::Bigint).class
{5018 - 5018}: Pointer(Float::FastFloat::Stackvec(62)).class
{5019 - 5019}: Pointer(Tuple(Crystal::Type, UInt64)).class
{5020 - 5020}: Pointer(Range(Int32, Int32)).class
{5021 - 5021}: Pointer(Tuple(Crystal::Type, String)).class
{5022 - 5022}: Pointer(Tuple(Crystal::NamedArgumentType, String)).class
{5023 - 5023}: Pointer(Array(Crystal::Type) | Nil).class
{5024 - 5024}: Pointer(Int16).class
{5025 - 5025}: Pointer(Int128).class
{5026 - 5026}: Pointer(Crystal::VoidType).class
{5027 - 5027}: Pointer(Tuple(UInt64, UInt64, UInt64)).class
{5028 - 5028}: Pointer(Crystal::Parser::Piece).class
{5029 - 5029}: Pointer(Crystal::ASTNode | String).class
{5030 - 5030}: Pointer(Hash::Entry(Char, String)).class
{5031 - 5031}: Pointer(Proc(Fiber, Nil)).class
{5032 - 5032}: Pointer(Tuple(Pointer(Void), Pointer(Void))).class
{5033 - 5033}: Pointer(Proc(Int32, Nil)).class
{5034 - 5034}: Pointer(Pointer(Int32)).class
{5035 - 5035}: Pointer(Tuple(String, String)).class
{5036 - 5036}: Pointer(LibC::Winsize).class
{5037 - 5037}: Pointer(Crystal::Token).class
{5038 - 5038}: Pointer(Tuple(String, Crystal::Expressions)).class
{5039 - 5039}: Pointer(Float::Printer::Dragonbox::WUInt::UInt128).class
{5040 - 5040}: Pointer(Tuple(Crystal::Arg, String)).class
{5041 - 5041}: Pointer(LLVM::CallConvention).class
{5042 - 5042}: Pointer(Hash::Entry(Char, Char)).class
{5043 - 5043}: Pointer(Array(Crystal::Type) | Crystal::Type | Nil).class
{5044 - 5044}: Pointer(Crystal::VirtualTypeLookup::Change).class
{5045 - 5045}: Pointer(Hash::Entry(Crystal::Type, Crystal::Matches)).class
{5046 - 5046}: Pointer(Tuple(Crystal::Type, Tuple(Int32, Int32, String))).class
{5047 - 5047}: Pointer(Hash::Entry(Crystal::Type, Crystal::Type)).class
{5048 - 5048}: Pointer(Crystal::InstanceVarInitializerContainer::InstanceVarInitializer | Nil).class
{5049 - 5049}: Pointer(Array(Crystal::Type)).class
{5050 - 5050}: Pointer(Crystal::NamedType).class
{5051 - 5051}: Pointer(Hash::Entry(Bool, Array(String))).class
{5052 - 5052}: Pointer(Hash::Entry(Crystal::Const, Array(String))).class
{5053 - 5053}: Pointer(Crystal::Type | Crystal::Var).class
{5054 - 5054}: Pointer(Crystal::Repl::LocalVars::Key).class
{5055 - 5055}: Pointer(Tuple(Crystal::Type, Int32)).class
{5056 - 5056}: Pointer(Hash::Entry(Int32, Crystal::Type)).class
{5057 - 5057}: Pointer(Crystal::Block).class
{5058 - 5058}: Pointer(Crystal::Var | Nil).class
{5059 - 5059}: Pointer(Crystal::Repl::Context::InstanceVarInitializer).class
{5060 - 5060}: Pointer(Pointer(Crystal::LibFFI::Cif)).class
{5061 - 5061}: Pointer(String::CharIterator).class
{5062 - 5062}: Pointer(Crystal::Repl::OpCode).class
{5063 - 5063}: Pointer(Crystal::Repl::Compiler::FloatPredicate).class
{5064 - 5064}: Pointer(Crystal::Repl::CompiledBlock).class
{5065 - 5065}: Pointer(Crystal::Repl::LibFunction).class
{5066 - 5066}: Pointer(Crystal::FFI::CallInterface).class
{5067 - 5067}: Pointer(Crystal::Repl::Interpreter::BigReturnedValue | Crystal::Repl::Interpreter::RaisedException | Crystal::Repl::Interpreter::SmallReturnedValue).class
{5068 - 5068}: Pointer(Symbol).class
{5069 - 5069}: Pointer(Tuple(UInt8, Bool)).class
{5070 - 5070}: Pointer(Tuple(Int16, Bool)).class
{5071 - 5071}: Pointer(Tuple(Int32, Bool)).class
{5072 - 5072}: Pointer(Tuple(Int64, Bool)).class
{5073 - 5073}: Pointer(Pointer(Pointer(UInt8))).class
{5074 - 5074}: Pointer(Crystal::Program::RequireWithTimestamp).class
{5075 - 5075}: Pointer(Set(String) | Nil).class
{5076 - 5076}: Pointer(Tuple(Crystal::Program::RequireWithTimestamp, String)).class
{5077 - 5077}: Pointer(LLVM::ABI::X86_64::RegClass).class
{5078 - 5078}: Pointer(Tuple(Crystal::Type, LLVM::Value)).class
{5079 - 5079}: Pointer(Tuple(Tuple(Int32, Int32), Int32)).class
{5080 - 5080}: Pointer(Hash::Entry(LLVM::Value, LLVM::BasicBlock)).class
{5081 - 5081}: Pointer(Tuple(LLVM::Value, Crystal::Type)).class
{5082 - 5082}: Pointer(Tuple(Crystal::Type, Tuple(Int32, Int32))).class
{5083 - 5083}: Pointer(Tuple(Tuple(Crystal::Type, Tuple(Int32, Int32)), Tuple(Int32, Int32))).class
{5084 - 5084}: Pointer(Crystal::Compiler::CompilationUnit).class
{5085 - 5085}: Pointer(Pointer(UInt16)).class
{5086 - 5086}: Pointer(Tuple(Int32, IO::FileDescriptor, IO::FileDescriptor)).class
{5087 - 5087}: Pointer(Channel::Sender(String)).class
{5088 - 5088}: Pointer(Channel::Receiver(String)).class
{5089 - 5089}: Pointer(Tuple(String, Time)).class
{5090 - 5090}: Pointer(Array(Crystal::Annotation)).class
{5091 - 5091}: Pointer(Hash::Entry(Int32 | String, String | Nil)).class
{5092 - 5092}: Pointer(Hash::Entry(Int32, String)).class
{5093 - 5093}: Pointer(Tuple(Crystal::ASTNode, InterpretCompareWrapper)).class
{5094 - 5094}: Pointer(Hash::Entry(Crystal::MacroType, Crystal::MacroType)).class
{5095 - 5095}: Pointer(Tuple(Int32, Crystal::NamedArgument)).class
{5096 - 5096}: Pointer(Tuple(Tuple(Int32, Crystal::NamedArgument), Int32)).class
{5097 - 5097}: Pointer(Array(Crystal::ASTNode)).class
{5098 - 5098}: Pointer(Tuple(String | Nil, String)).class
{5099 - 5099}: Pointer(Crystal::Call::ArgumentsAlreadySpecified | Crystal::Call::ArgumentsTypeMismatch | Crystal::Call::BlockMismatch | Crystal::Call::ExtraNamedArguments | Crystal::Call::MissingNamedArguments | Crystal::Call::WrongNumberOfArguments | Nil).class
{5100 - 5100}: Pointer(Crystal::Call::MissingNamedArguments).class
{5101 - 5101}: Pointer(Crystal::Call::ExtraNamedArguments).class
{5102 - 5102}: Pointer(Crystal::Call::ArgumentsAlreadySpecified).class
{5103 - 5103}: Pointer(Crystal::Call::ArgumentsTypeMismatch).class
{5104 - 5104}: Pointer(Hash::Entry(Crystal::ASTNode | Crystal::Type, Crystal::ASTNode | Crystal::Type)).class
{5105 - 5105}: Pointer(Hash::Entry(Crystal::ASTNode | Crystal::Type, Nil)).class
{5106 - 5106}: Pointer(Tuple(Crystal::ASTNode | Crystal::Type, String)).class
{5107 - 5107}: Pointer(Crystal::EnumType).class
{5108 - 5108}: Pointer(Hash::Entry(Int32 | String, Int32 | String)).class
{5109 - 5109}: Pointer(Hash::Entry(Array(String), Array(String))).class
{5110 - 5110}: Pointer(Hash::Entry(Crystal::ASTNode, Crystal::ASTNode)).class
{5111 - 5111}: Pointer(Exception::CallStack::RepeatedFrame).class
{5112 - 5112}: Pointer(NamedTuple(key: Symbol, value: Log::Metadata::Value)).class
{5113 - 5113}: Pointer(Pointer(UInt64)).class
{5114 - 5114}: Pointer(Crystal::Init::View).class
{5115 - 5115}: Pointer(Crystal::Playground::EnvironmentHandler | Crystal::Playground::PageHandler | Crystal::Playground::PathWebSocketHandler | Crystal::Playground::WorkbookHandler | HTTP::StaticFileHandler).class
{5116 - 5116}: Pointer(StaticArray(UInt16, 8)).class
{5117 - 5117}: Pointer(Hash::Entry(String, Hash(String, String))).class
{5118 - 5118}: Pointer(Dir::Globber::ConstantDirectory | Dir::Globber::ConstantEntry | Dir::Globber::DirectoriesOnly | Dir::Globber::DirectoryMatch | Dir::Globber::EntryMatch | Dir::Globber::RecursiveDirectories | Dir::Globber::RootDirectory).class
{5119 - 5119}: Pointer(Array(Dir::Globber::ConstantDirectory | Dir::Globber::ConstantEntry | Dir::Globber::DirectoriesOnly | Dir::Globber::DirectoryMatch | Dir::Globber::EntryMatch | Dir::Globber::RecursiveDirectories | Dir::Globber::RootDirectory)).class
{5120 - 5120}: Pointer(Tuple(Int32, String | Nil, Crystal::System::Dir::Entry | Nil)).class
{5121 - 5121}: Pointer(Dir).class
{5122 - 5122}: Pointer(Crystal::Playground::WorkbookIndexPage::Item).class
{5123 - 5123}: Pointer(Hash::Entry(Markd::Node::Type, Markd::Rule::BlockQuote | Markd::Rule::CodeBlock | Markd::Rule::Document | Markd::Rule::HTMLBlock | Markd::Rule::Heading | Markd::Rule::Item | Markd::Rule::List | Markd::Rule::Paragraph | Markd::Rule::ThematicBreak)).class
{5124 - 5124}: Pointer(Regex).class
{5125 - 5125}: Pointer(Hash::Entry(Char, Markd::Parser::Inline::Delimiter | Nil)).class
{5126 - 5126}: Pointer(Hash::Entry(String, Time::Location)).class
{5127 - 5127}: Pointer(Range(Int64, Int64)).class
{5128 - 5128}: Pointer(Tuple(Crystal::Doc::Type, String)).class
{5129 - 5129}: Pointer(Crystal::Doc::Constant | Crystal::Doc::Macro | Crystal::Doc::Method).class
{5130 - 5130}: Pointer(Tuple(Crystal::Doc::Method, Tuple(Int32, String))).class
{5131 - 5131}: Pointer(Hash::Entry(Crystal::Doc::Method, Nil)).class
{5132 - 5132}: Pointer(Tuple(Crystal::Doc::Macro, Tuple(Int32, String))).class
{5133 - 5133}: Pointer(Tuple(Crystal::Doc::Constant, String)).class
{5134 - 5134}: Pointer(Crystal::Doc::RelativeLocation).class
{5135 - 5135}: Pointer(Hash::Entry(Crystal::Doc::Type, Crystal::Doc::Type)).class
{5136 - 5136}: Pointer(Hash::Entry(String, Array(Crystal::Doc::Method))).class
{5137 - 5137}: Pointer(Hash::Entry(String, Array(Crystal::Doc::Macro))).class
{5138 - 5138}: Pointer(Tuple(String, Array(NamedTuple(name: String, implementation: Crystal::ImplementationTrace)))).class
{5139 - 5139}: Pointer(Crystal::MetaTypeVar).class
{5140 - 5140}: Pointer(Hash::Entry(Crystal::MetaTypeVar, Tuple(Crystal::Type, UInt64 | Nil))).class
{5141 - 5141}: Pointer(Tuple(Tuple(Crystal::Def, Int32), Tuple(String, Int32, Int32))).class
{5142 - 5142}: Pointer(Hash::Entry(String, Hash(Int32, Int32))).class
{5143 - 5143}: Tuple(*T).class
{5144 - 5144}: Tuple(String, String).class
{5145 - 5145}: Tuple(Int32, Pointer(LibC::SiginfoT), Pointer(Void)).class
{5146 - 5146}: Tuple(Symbol, Log::Metadata::Value).class
{5147 - 5147}: Tuple(String, Crystal).class
{5148 - 5148}: Tuple(String, Log::Metadata::Value).class
{5149 - 5149}: Tuple(String, JSON::Any).class
{5150 - 5150}: Tuple(String, Array(String) | String).class
{5151 - 5151}: Tuple(String, Array(String)).class
{5152 - 5152}: Tuple(Crystal::Def, Int32).class
{5153 - 5153}: Tuple(String, Crystal::MetaVar).class
{5154 - 5154}: Tuple(Pointer(Void), Pointer(Void)).class
{5155 - 5155}: Tuple(UInt64, UInt64, String).class
{5156 - 5156}: Tuple(Int32, Int32, String::Grapheme::Property).class
{5157 - 5157}: Tuple(Pointer(Void)).class
{5158 - 5158}: Tuple(Int32).class
{5159 - 5159}: Tuple().class
{5160 - 5160}: Tuple(UInt64).class
{5161 - 5161}: Tuple(LibGC::EventType).class
{5162 - 5162}: Tuple(LibGC::EventType, Pointer(Void)).class
{5163 - 5163}: Tuple(Pointer(UInt8), UInt64).class
{5164 - 5164}: Tuple(String, Nil).class
{5165 - 5165}: Tuple(String, String | Nil).class
{5166 - 5166}: Tuple(Int32, Int32).class
{5167 - 5167}: Tuple(Signal).class
{5168 - 5168}: Tuple(Int64, Int64).class
{5169 - 5169}: Tuple(Int32, Int32, Int32).class
{5170 - 5170}: Tuple(Int32, Tuple(Int32, Int32, Int32)).class
{5171 - 5171}: Tuple(Int32, Int32, UInt8).class
{5172 - 5172}: Tuple(Int32, Tuple(Int32, Int32)).class
{5173 - 5173}: Tuple(Int64, Int32).class
{5174 - 5174}: Tuple(Int32, Int32, Unicode::QuickCheckResult).class
{5175 - 5175}: Tuple(Crystal::AnnotationType, Array(Crystal::Annotation)).class
{5176 - 5176}: Tuple(Int32, Crystal::Expressions).class
{5177 - 5177}: Tuple(Int32, Array(Crystal::Lexer::LocPopPragma | Crystal::Lexer::LocPushPragma | Crystal::Lexer::LocSetPragma)).class
{5178 - 5178}: Tuple(String, Array(Crystal::DefWithMetadata)).class
{5179 - 5179}: Tuple(String, Array(Crystal::Macro)).class
{5180 - 5180}: Tuple(String, Crystal::ASTNode).class
{5181 - 5181}: Tuple(Crystal::Def, Array(Crystal::Type)).class
{5182 - 5182}: Tuple(String).class
{5183 - 5183}: Tuple(Bool, Array(Crystal::ExhaustivenessChecker::Target)).class
{5184 - 5184}: Tuple(Crystal::Const, Array(Crystal::ExhaustivenessChecker::Target)).class
{5185 - 5185}: Tuple(String, Array(Crystal::ASTNode)).class
{5186 - 5186}: Tuple(String, Crystal::ASTNode | Crystal::Type).class
{5187 - 5187}: Tuple(String, Crystal::Arg).class
{5188 - 5188}: Tuple(Crystal::Def, Crystal::Def).class
{5189 - 5189}: Tuple(Crystal::AnnotationType, Crystal::Annotation).class
{5190 - 5190}: Tuple(String, Crystal::Type).class
{5191 - 5191}: Tuple(String, Bool | Int32 | String).class
{5192 - 5192}: Tuple(IO).class
{5193 - 5193}: Tuple(HTTP::Server::Context).class
{5194 - 5194}: Tuple(String, Int32).class
{5195 - 5195}: Tuple(Int32, Crystal::Type).class
{5196 - 5196}: Tuple(String, Tuple(Int32, Crystal::Type)).class
{5197 - 5197}: Tuple(Int32, Crystal::ASTNode).class
{5198 - 5198}: Tuple(Crystal::Def, Crystal::Repl::CompiledDef).class
{5199 - 5199}: Tuple(Crystal::External, Crystal::Repl::LibFunction).class
{5200 - 5200}: Tuple(Crystal::Repl::Context::MultidispatchKey, Crystal::Def).class
{5201 - 5201}: Tuple(Pointer(Crystal::LibFFI::Cif), Pointer(Void), Pointer(Pointer(Void)), Pointer(Void)).class
{5202 - 5202}: Tuple(Pointer(Void), Crystal::Repl::CompiledDef).class
{5203 - 5203}: Tuple(Crystal::SyntaxHighlighter::TokenType, Colorize::Color256 | Colorize::ColorANSI | Colorize::ColorRGB).class
{5204 - 5204}: Tuple(Int32, Bool).class
{5205 - 5205}: Tuple(IO, Int32).class
{5206 - 5206}: Tuple(String, Crystal::CodeGenVisitor::ModuleInfo).class
{5207 - 5207}: Tuple(String, Crystal::CodeGenVisitor::LLVMVar).class
{5208 - 5208}: Tuple(LLVM::Module, String).class
{5209 - 5209}: Tuple(Tuple(LLVM::Module, String), LLVM::Type).class
{5210 - 5210}: Tuple(Crystal::ASTNode, Crystal::CodeGenVisitor::Handler).class
{5211 - 5211}: Tuple(Crystal::Type, LLVM::Type).class
{5212 - 5212}: Tuple(Bool, String::Grapheme::Property).class
{5213 - 5213}: Tuple(UInt64, Symbol).class
{5214 - 5214}: Tuple(Tuple(UInt64, Symbol), Nil).class
{5215 - 5215}: Tuple(UInt64, UInt64).class
{5216 - 5216}: Tuple(Thread).class
{5217 - 5217}: Tuple(Int32, Exception | Nil).class
{5218 - 5218}: Tuple(IO::FileDescriptor, IO::FileDescriptor).class
{5219 - 5219}: Tuple(Signal, Proc(Signal, Nil)).class
{5220 - 5220}: Tuple(Int32, Channel(Int32)).class
{5221 - 5221}: Tuple(String, NamedTuple(time: Time, location: Time::Location)).class
{5222 - 5222}: Tuple(Log::Backend, Log::Severity).class
{5223 - 5223}: Tuple(String, WeakRef(Log)).class
{5224 - 5224}: Tuple(Log::Entry, IO).class
{5225 - 5225}: Tuple(Log::Entry, Log::Backend).class
{5226 - 5226}: Tuple(LLVM::Attribute, UInt32).class
{5227 - 5227}: Tuple(String, Crystal::NamedType).class
{5228 - 5228}: Tuple(Crystal::DefInstanceKey, Crystal::Def).class
{5229 - 5229}: Tuple(String, Crystal::MetaTypeVar).class
{5230 - 5230}: Tuple(Array(Crystal::ASTNode | Crystal::Type), Crystal::Type).class
{5231 - 5231}: Tuple(String, Crystal::TypeParameter).class
{5232 - 5232}: Tuple(Int32 | Range(Int32, Int32), Crystal::Def).class
{5233 - 5233}: Tuple(Array(Crystal::NamedArgumentType), Crystal::Type).class
{5234 - 5234}: Tuple(Int32, Crystal::Def).class
{5235 - 5235}: Tuple(String, Crystal::FileModule).class
{5236 - 5236}: Tuple(Array(UInt64), Crystal::UnionType).class
{5237 - 5237}: Tuple(String, OptionParser::Handler).class
{5238 - 5238}: Tuple(Array(String), Array(String)).class
{5239 - 5239}: Tuple(String, Array(Int32)).class
{5240 - 5240}: Tuple(Crystal::Yield, Array(Crystal::Var) | Nil).class
{5241 - 5241}: Tuple(Crystal::ASTNode, Crystal::ASTNode).class
{5242 - 5242}: Tuple(String, Tuple(Crystal::ASTNode, Crystal::ASTNode)).class
{5243 - 5243}: Tuple(Crystal::ClassVarContainer, Hash(String, Tuple(Crystal::ASTNode, Crystal::ASTNode))).class
{5244 - 5244}: Tuple(String, Crystal::TypeFilter).class
{5245 - 5245}: Tuple(String, Regex::Options).class
{5246 - 5246}: Tuple(String, Crystal::TypeDeclarationProcessor::TypeDeclarationWithLocation).class
{5247 - 5247}: Tuple(Crystal::Type, Hash(String, Crystal::TypeDeclarationProcessor::TypeDeclarationWithLocation)).class
{5248 - 5248}: Tuple(String, Crystal::TypeDeclarationProcessor::InstanceVarTypeInfo).class
{5249 - 5249}: Tuple(Crystal::Type, Hash(String, Crystal::TypeDeclarationProcessor::InstanceVarTypeInfo)).class
{5250 - 5250}: Tuple(Crystal::Type, Array(Crystal::TypeDeclarationProcessor::InitializeInfo)).class
{5251 - 5251}: Tuple(Crystal::Type, Array(String)).class
{5252 - 5252}: Tuple(String, Crystal::TypeDeclarationProcessor::InitializeInfo).class
{5253 - 5253}: Tuple(Crystal::Type, Hash(String, Crystal::TypeDeclarationProcessor::InitializeInfo)).class
{5254 - 5254}: Tuple(String, Crystal::TypeDeclarationProcessor::Error).class
{5255 - 5255}: Tuple(Crystal::Type, Hash(String, Crystal::TypeDeclarationProcessor::Error)).class
{5256 - 5256}: Tuple(String, Crystal::TypeGuessVisitor::TypeInfo).class
{5257 - 5257}: Tuple(Crystal::ClassVarContainer, Hash(String, Crystal::TypeGuessVisitor::TypeInfo)).class
{5258 - 5258}: Tuple(Crystal::ClassVarContainer, Hash(String, Crystal::TypeDeclarationProcessor::TypeDeclarationWithLocation)).class
{5259 - 5259}: Tuple(String, Crystal::External).class
{5260 - 5260}: Tuple(Tuple(Int32, Int32), Tuple(Int32, Int32)).class
{5261 - 5261}: Tuple(String, Hash(String, String) | String).class
{5262 - 5262}: Tuple(Nil, Char, Char).class
{5263 - 5263}: Tuple(Crystal::Token::DelimiterState, Crystal::Lexer::HeredocItem).class
{5264 - 5264}: Tuple(Crystal::Type, Crystal::Doc::Type).class
{5265 - 5265}: Tuple(HTTP::Request).class
{5266 - 5266}: Tuple(String, Set(String)).class
{5267 - 5267}: Tuple(HTTP::Headers::Key, Array(String) | String).class
{5268 - 5268}: Tuple(String, HTTP::Cookie).class
{5269 - 5269}: Tuple(String, HTTP::FormData::FileMetadata).class
{5270 - 5270}: Tuple(Slice(UInt8)).class
{5271 - 5271}: Tuple(HTTP::WebSocket::CloseCode, String).class
{5272 - 5272}: Tuple(HTTP::WebSocket, HTTP::Server::Context).class
{5273 - 5273}: Tuple(Int32, Crystal::Playground::Session).class
{5274 - 5274}: Tuple(Crystal::Location, Int32).class
{5275 - 5275}: Tuple(Crystal::Repl::ClassVars::Key, Crystal::Repl::ClassVars::Value).class
{5276 - 5276}: Tuple(Crystal::Const, Crystal::Repl::Constants::Value).class
{5277 - 5277}: Tuple(Tuple(UInt64, UInt64), Crystal::Repl::FFIClosureContext).class
{5278 - 5278}: Tuple(Crystal::Type, Array(Crystal::Repl::CompiledDef)).class
{5279 - 5279}: Tuple(Crystal::Type, Int32).class
{5280 - 5280}: Tuple(Crystal::Repl::LocalVars::Key, Crystal::Type).class
{5281 - 5281}: Tuple(Crystal::Repl::LocalVars::Key, Int32).class
{5282 - 5282}: Tuple(IO, String).class
{5283 - 5283}: Tuple(IO, String, String).class
{5284 - 5284}: Tuple(Crystal::MacroInterpreter::MacroVarKey, String).class
{5285 - 5285}: Tuple(String, Crystal::Program::CompiledMacroRun).class
{5286 - 5286}: Tuple(String, Crystal::MacroType).class
{5287 - 5287}: Tuple(Crystal::Type, Crystal::CodeGenVisitor::ModuleInfo).class
{5288 - 5288}: Tuple(Crystal::CodeGenVisitor::StringKey, LLVM::Value).class
{5289 - 5289}: Tuple(Crystal::VirtualFile | String | Nil, LibLLVM::MetadataRef).class
{5290 - 5290}: Tuple(LLVM::Module, Hash(Crystal::VirtualFile | String | Nil, LibLLVM::MetadataRef)).class
{5291 - 5291}: Tuple(Crystal::Type, LibLLVM::MetadataRef | Nil).class
{5292 - 5292}: Tuple(LLVM::Module, Hash(Crystal::Type, LibLLVM::MetadataRef | Nil)).class
{5293 - 5293}: Tuple(LLVM::Module, Crystal::CodeGenVisitor::DIBuilder).class
{5294 - 5294}: Tuple(LLVM::Function, Array(Crystal::CodeGenVisitor::FunMetadata)).class
{5295 - 5295}: Tuple(Tuple(String, String), LibLLVM::MetadataRef).class
{5296 - 5296}: Tuple(Crystal::Type, Tuple(Int32, Int32)).class
{5297 - 5297}: Tuple(String, LLVM::Type).class
{5298 - 5298}: Tuple(Hash(String, Crystal), String).class
{5299 - 5299}: Tuple(Hash(String, Log::Metadata::Value), String).class
{5300 - 5300}: Tuple(Hash(String, JSON::Any), String).class
{5301 - 5301}: Tuple(Hash(String, Array(String) | String), String).class
{5302 - 5302}: Tuple(Hash(String, String), String).class
{5303 - 5303}: Tuple(Hash(String, Crystal::MetaVar), String).class
{5304 - 5304}: Tuple(Hash(String, Nil), String).class
{5305 - 5305}: Tuple(Hash(String, String | Nil), String).class
{5306 - 5306}: Tuple(Hash(Int32, Tuple(Int32, Int32, Int32)), Int32).class
{5307 - 5307}: Tuple(Hash(Int32, Tuple(Int32, Int32)), Int32).class
{5308 - 5308}: Tuple(Hash(Int64, Int32), Int64).class
{5309 - 5309}: Tuple(Hash(Crystal::AnnotationType, Array(Crystal::Annotation)), Crystal::AnnotationType).class
{5310 - 5310}: Tuple(Hash(Int32, Crystal::Expressions), Int32).class
{5311 - 5311}: Tuple(Hash(Int32, Array(Crystal::Lexer::LocPopPragma | Crystal::Lexer::LocPushPragma | Crystal::Lexer::LocSetPragma)), Int32).class
{5312 - 5312}: Tuple(Hash(String, Array(Crystal::DefWithMetadata)), String).class
{5313 - 5313}: Tuple(Hash(String, Array(Crystal::Macro)), String).class
{5314 - 5314}: Tuple(Hash(String, Crystal::ASTNode), String).class
{5315 - 5315}: Tuple(Hash(Crystal::Def, Array(Crystal::Type)), Crystal::Def).class
{5316 - 5316}: Tuple(Hash(Bool, Array(Crystal::ExhaustivenessChecker::Target)), Bool).class
{5317 - 5317}: Tuple(Hash(Crystal::Const, Array(Crystal::ExhaustivenessChecker::Target)), Crystal::Const).class
{5318 - 5318}: Tuple(Hash(String, Array(Crystal::ASTNode)), String).class
{5319 - 5319}: Tuple(Hash(String, Crystal::ASTNode | Crystal::Type), String).class
{5320 - 5320}: Tuple(Hash(String, Crystal::Arg), String).class
{5321 - 5321}: Tuple(Hash(Crystal::Def, Crystal::Def), Crystal::Def).class
{5322 - 5322}: Tuple(Hash(String, Crystal::Type), String).class
{5323 - 5323}: Tuple(Hash(String, Bool | Int32 | String), String).class
{5324 - 5324}: Tuple(Hash(String, Int32), String).class
{5325 - 5325}: Tuple(Hash(Crystal::Def, Int32), Crystal::Def).class
{5326 - 5326}: Tuple(Hash(String, Tuple(Int32, Crystal::Type)), String).class
{5327 - 5327}: Tuple(Hash(Int32, Crystal::ASTNode), Int32).class
{5328 - 5328}: Tuple(Hash(Crystal::Def, Crystal::Repl::CompiledDef), Crystal::Def).class
{5329 - 5329}: Tuple(Hash(Crystal::External, Crystal::Repl::LibFunction), Crystal::External).class
{5330 - 5330}: Tuple(Hash(Crystal::Repl::Context::MultidispatchKey, Crystal::Def), Crystal::Repl::Context::MultidispatchKey).class
{5331 - 5331}: Tuple(Hash(Pointer(Void), Crystal::Repl::CompiledDef), Pointer(Void)).class
{5332 - 5332}: Tuple(Hash(Crystal::SyntaxHighlighter::TokenType, Colorize::Color256 | Colorize::ColorANSI | Colorize::ColorRGB), Crystal::SyntaxHighlighter::TokenType).class
{5333 - 5333}: Tuple(Hash(String, Crystal::CodeGenVisitor::ModuleInfo), String).class
{5334 - 5334}: Tuple(Hash(String, Crystal::CodeGenVisitor::LLVMVar), String).class
{5335 - 5335}: Tuple(Hash(Tuple(LLVM::Module, String), LLVM::Type), Tuple(LLVM::Module, String)).class
{5336 - 5336}: Tuple(Hash(Crystal::ASTNode, Crystal::CodeGenVisitor::Handler), Crystal::ASTNode).class
{5337 - 5337}: Tuple(Hash(Int32, Int32), Int32).class
{5338 - 5338}: Tuple(Hash(Crystal::Type, LLVM::Type), Crystal::Type).class
{5339 - 5339}: Tuple(Hash(Tuple(UInt64, Symbol), Nil), Tuple(UInt64, Symbol)).class
{5340 - 5340}: Tuple(Hash(UInt64, UInt64), UInt64).class
{5341 - 5341}: Tuple(Hash(Signal, Proc(Signal, Nil)), Signal).class
{5342 - 5342}: Tuple(Hash(Int32, Channel(Int32)), Int32).class
{5343 - 5343}: Tuple(Hash(String, NamedTuple(time: Time, location: Time::Location)), String).class
{5344 - 5344}: Tuple(Hash(Log::Backend, Log::Severity), Log::Backend).class
{5345 - 5345}: Tuple(Hash(String, WeakRef(Log)), String).class
{5346 - 5346}: Tuple(Hash(LLVM::Attribute, UInt32), LLVM::Attribute).class
{5347 - 5347}: Tuple(Hash(String, Crystal::NamedType), String).class
{5348 - 5348}: Tuple(Hash(Crystal::DefInstanceKey, Crystal::Def), Crystal::DefInstanceKey).class
{5349 - 5349}: Tuple(Hash(String, Crystal::MetaTypeVar), String).class
{5350 - 5350}: Tuple(Hash(Array(Crystal::ASTNode | Crystal::Type), Crystal::Type), Array(Crystal::ASTNode | Crystal::Type)).class
{5351 - 5351}: Tuple(Hash(String, Crystal::TypeParameter), String).class
{5352 - 5352}: Tuple(Hash(Int32 | Range(Int32, Int32), Crystal::Def), Int32 | Range(Int32, Int32)).class
{5353 - 5353}: Tuple(Hash(Array(Crystal::NamedArgumentType), Crystal::Type), Array(Crystal::NamedArgumentType)).class
{5354 - 5354}: Tuple(Hash(Int32, Crystal::Def), Int32).class
{5355 - 5355}: Tuple(Hash(String, Crystal::FileModule), String).class
{5356 - 5356}: Tuple(Hash(Array(UInt64), Crystal::UnionType), Array(UInt64)).class
{5357 - 5357}: Tuple(Hash(String, OptionParser::Handler), String).class
{5358 - 5358}: Tuple(Hash(String, Array(Int32)), String).class
{5359 - 5359}: Tuple(Hash(String, Tuple(Crystal::ASTNode, Crystal::ASTNode)), String).class
{5360 - 5360}: Tuple(Hash(Crystal::ClassVarContainer, Hash(String, Tuple(Crystal::ASTNode, Crystal::ASTNode))), Crystal::ClassVarContainer).class
{5361 - 5361}: Tuple(Hash(String, Crystal::TypeFilter), String).class
{5362 - 5362}: Tuple(Hash(String, Crystal::TypeDeclarationProcessor::TypeDeclarationWithLocation), String).class
{5363 - 5363}: Tuple(Hash(Crystal::Type, Hash(String, Crystal::TypeDeclarationProcessor::TypeDeclarationWithLocation)), Crystal::Type).class
{5364 - 5364}: Tuple(Hash(String, Crystal::TypeDeclarationProcessor::InstanceVarTypeInfo), String).class
{5365 - 5365}: Tuple(Hash(Crystal::Type, Hash(String, Crystal::TypeDeclarationProcessor::InstanceVarTypeInfo)), Crystal::Type).class
{5366 - 5366}: Tuple(Hash(Crystal::Type, Array(Crystal::TypeDeclarationProcessor::InitializeInfo)), Crystal::Type).class
{5367 - 5367}: Tuple(Hash(Crystal::Type, Array(String)), Crystal::Type).class
{5368 - 5368}: Tuple(Hash(String, Crystal::TypeDeclarationProcessor::InitializeInfo), String).class
{5369 - 5369}: Tuple(Hash(Crystal::Type, Hash(String, Crystal::TypeDeclarationProcessor::InitializeInfo)), Crystal::Type).class
{5370 - 5370}: Tuple(Hash(String, Crystal::TypeDeclarationProcessor::Error), String).class
{5371 - 5371}: Tuple(Hash(Crystal::Type, Hash(String, Crystal::TypeDeclarationProcessor::Error)), Crystal::Type).class
{5372 - 5372}: Tuple(Hash(String, Crystal::TypeGuessVisitor::TypeInfo), String).class
{5373 - 5373}: Tuple(Hash(Crystal::ClassVarContainer, Hash(String, Crystal::TypeGuessVisitor::TypeInfo)), Crystal::ClassVarContainer).class
{5374 - 5374}: Tuple(Hash(Crystal::ClassVarContainer, Hash(String, Crystal::TypeDeclarationProcessor::TypeDeclarationWithLocation)), Crystal::ClassVarContainer).class
{5375 - 5375}: Tuple(Hash(String, Crystal::External), String).class
{5376 - 5376}: Tuple(Hash(String, Array(String)), String).class
{5377 - 5377}: Tuple(Hash(String, Hash(String, String) | String), String).class
{5378 - 5378}: Tuple(Hash(Crystal::Type, Crystal::Doc::Type), Crystal::Type).class
{5379 - 5379}: Tuple(Hash(String, Set(String)), String).class
{5380 - 5380}: Tuple(Hash(HTTP::Headers::Key, Array(String) | String), HTTP::Headers::Key).class
{5381 - 5381}: Tuple(Hash(String, HTTP::Cookie), String).class
{5382 - 5382}: Tuple(Hash(Int32, Crystal::Playground::Session), Int32).class
{5383 - 5383}: Tuple(Hash(Crystal::Location, Int32), Crystal::Location).class
{5384 - 5384}: Tuple(Hash(Crystal::Repl::ClassVars::Key, Crystal::Repl::ClassVars::Value), Crystal::Repl::ClassVars::Key).class
{5385 - 5385}: Tuple(Hash(Crystal::Const, Crystal::Repl::Constants::Value), Crystal::Const).class
{5386 - 5386}: Tuple(Hash(Tuple(UInt64, UInt64), Crystal::Repl::FFIClosureContext), Tuple(UInt64, UInt64)).class
{5387 - 5387}: Tuple(Hash(Crystal::Type, Array(Crystal::Repl::CompiledDef)), Crystal::Type).class
{5388 - 5388}: Tuple(Hash(Crystal::Type, Int32), Crystal::Type).class
{5389 - 5389}: Tuple(Hash(Crystal::Repl::LocalVars::Key, Crystal::Type), Crystal::Repl::LocalVars::Key).class
{5390 - 5390}: Tuple(Hash(Crystal::Repl::LocalVars::Key, Int32), Crystal::Repl::LocalVars::Key).class
{5391 - 5391}: Tuple(Hash(Crystal::MacroInterpreter::MacroVarKey, String), Crystal::MacroInterpreter::MacroVarKey).class
{5392 - 5392}: Tuple(Hash(String, Crystal::Program::CompiledMacroRun), String).class
{5393 - 5393}: Tuple(Hash(String, Crystal::MacroType), String).class
{5394 - 5394}: Tuple(Hash(Crystal::Type, Crystal::CodeGenVisitor::ModuleInfo), Crystal::Type).class
{5395 - 5395}: Tuple(Hash(Crystal::CodeGenVisitor::StringKey, LLVM::Value), Crystal::CodeGenVisitor::StringKey).class
{5396 - 5396}: Tuple(Hash(Crystal::VirtualFile | String | Nil, LibLLVM::MetadataRef), Crystal::VirtualFile | String | Nil).class
{5397 - 5397}: Tuple(Hash(LLVM::Module, Hash(Crystal::VirtualFile | String | Nil, LibLLVM::MetadataRef)), LLVM::Module).class
{5398 - 5398}: Tuple(Hash(Crystal::Type, LibLLVM::MetadataRef | Nil), Crystal::Type).class
{5399 - 5399}: Tuple(Hash(LLVM::Module, Hash(Crystal::Type, LibLLVM::MetadataRef | Nil)), LLVM::Module).class
{5400 - 5400}: Tuple(Hash(LLVM::Module, Crystal::CodeGenVisitor::DIBuilder), LLVM::Module).class
{5401 - 5401}: Tuple(Hash(LLVM::Function, Array(Crystal::CodeGenVisitor::FunMetadata)), LLVM::Function).class
{5402 - 5402}: Tuple(Hash(Tuple(String, String), LibLLVM::MetadataRef), Tuple(String, String)).class
{5403 - 5403}: Tuple(Hash(Crystal::Type, Tuple(Int32, Int32)), Crystal::Type).class
{5404 - 5404}: Tuple(Hash(String, LLVM::Type), String).class
{5405 - 5405}: Tuple(Hash(Thread, Pointer(LibPCRE2::JITStack)), Thread).class
{5406 - 5406}: Tuple(Thread, Pointer(LibPCRE2::JITStack)).class
{5407 - 5407}: Tuple(Hash(Thread, Pointer(LibPCRE2::MatchData)), Thread).class
{5408 - 5408}: Tuple(Thread, Pointer(LibPCRE2::MatchData)).class
{5409 - 5409}: Tuple(Hash(Crystal::Type, Nil), Crystal::Type).class
{5410 - 5410}: Tuple(Crystal::Type, Nil).class
{5411 - 5411}: Tuple(Hash(Crystal::Def, Nil), Crystal::Def).class
{5412 - 5412}: Tuple(Crystal::Def, Nil).class
{5413 - 5413}: Tuple(Hash(Crystal::ASTNode, Nil), Crystal::ASTNode).class
{5414 - 5414}: Tuple(Crystal::ASTNode, Nil).class
{5415 - 5415}: Tuple(Hash(Int32, Nil), Int32).class
{5416 - 5416}: Tuple(Int32, Nil).class
{5417 - 5417}: Tuple(Int32, Socket::Address).class
{5418 - 5418}: Tuple(String, Int32, String).class
{5419 - 5419}: Tuple(String, Int32, String, Int32, String).class
{5420 - 5420}: Tuple(Bool, Int32).class
{5421 - 5421}: Tuple(String, String, String).class
{5422 - 5422}: Tuple(String, Crystal::TypeNode, String, Crystal::Location | Nil, String).class
{5423 - 5423}: Tuple(Hash::Entry(HTTP::Headers::Key, Array(String) | String), Int32).class
{5424 - 5424}: Tuple(Array(Tuple(Int32, Int32, Int32)), Array(Tuple(Int32, Int32, Int32)), Array(Tuple(Int32, Int32, Int32)), Array(Tuple(Int32, Int32, Int32)), Array(Tuple(Int32, Int32, Int32))).class
{5425 - 5425}: Tuple(Array(Tuple(Int32, Int32, Int32)), Array(Tuple(Int32, Int32, Int32)), Array(Tuple(Int32, Int32, Int32))).class
{5426 - 5426}: Tuple(Time::Location::Zone, Tuple(Int64, Int64)).class
{5427 - 5427}: Tuple(String, String, String, String).class
{5428 - 5428}: Tuple(Int16, Int16).class
{5429 - 5429}: Tuple(String, String, Int32).class
{5430 - 5430}: Tuple(String, UInt64, String).class
{5431 - 5431}: Tuple(UInt64, Int32).class
{5432 - 5432}: Tuple(String, String | Nil, String).class
{5433 - 5433}: Tuple(Char, Char).class
{5434 - 5434}: Tuple(Char).class
{5435 - 5435}: Tuple(Int32, Errno).class
{5436 - 5436}: Tuple(String, String, IO::FileDescriptor, String).class
{5437 - 5437}: Tuple(Int64, Int64, Int64, Int64).class
{5438 - 5438}: Tuple(String, Int32 | UInt32).class
{5439 - 5439}: Tuple(Int32 | UInt32, Int32).class
{5440 - 5440}: Tuple(String, Int32 | UInt32, String, Int32 | UInt32, String).class
{5441 - 5441}: Tuple(Bool, Int32 | UInt32).class
{5442 - 5442}: Tuple(Int32, Int32 | UInt32).class
{5443 - 5443}: Tuple(String, UInt16).class
{5444 - 5444}: Tuple(Char, Int32).class
{5445 - 5445}: Tuple(StaticArray(UInt8, 4), Int32).class
{5446 - 5446}: Tuple(String, UInt8).class
{5447 - 5447}: Tuple(UInt32, Int32 | UInt32).class
{5448 - 5448}: Tuple(String, Crystal::DWARF::FORM).class
{5449 - 5449}: Tuple(String, UInt32).class
{5450 - 5450}: Tuple(Hash(Int64, Array(Crystal::DWARF::Abbrev)), Int64).class
{5451 - 5451}: Tuple(Int64, Array(Crystal::DWARF::Abbrev)).class
{5452 - 5452}: Tuple(Hash::Entry(Int64, Array(Crystal::DWARF::Abbrev)), Int32).class
{5453 - 5453}: Tuple(Crystal::DWARF::AT, Crystal::DWARF::FORM, Bool | Int32 | Int64 | Slice(UInt8) | String | UInt128 | UInt16 | UInt32 | UInt64 | UInt8).class
{5454 - 5454}: Tuple(Hash::Entry(Int32, Tuple(Int32, Int32, Int32)), Int32).class
{5455 - 5455}: Tuple(String, Int32 | UInt32 | UInt64).class
{5456 - 5456}: Tuple(Int32 | UInt32 | UInt64, Int32).class
{5457 - 5457}: Tuple(String, Int32 | UInt32 | UInt64, String, Int32 | UInt32 | UInt64, String).class
{5458 - 5458}: Tuple(Bool, Int32 | UInt32 | UInt64).class
{5459 - 5459}: Tuple(UInt32 | UInt64, Int32 | UInt32 | UInt64).class
{5460 - 5460}: Tuple(Bool, Bool).class
{5461 - 5461}: Tuple(String, Int32, Int32).class
{5462 - 5462}: Tuple(Errno, Errno).class
{5463 - 5463}: Tuple(String | Nil, String | Nil).class
{5464 - 5464}: Tuple(Char, Char, Char, Char, Char, Char, Char, Char).class
{5465 - 5465}: Tuple(Char, Char, Char, Char, Char, Char, Char, Char, Char, Char, Char).class
{5466 - 5466}: Tuple(Nil, String).class
{5467 - 5467}: Tuple(Nil, Nil).class
{5468 - 5468}: Tuple(Char::Reader, Bool, Int32).class
{5469 - 5469}: Tuple(Int64, String, String).class
{5470 - 5470}: Tuple(String, String, IO::FileDescriptor, String).class
{5471 - 5471}: Tuple(Channel::SelectState, Bool).class
{5472 - 5472}: Tuple(String, Crystal::EventLoop::Polling::Event, String).class
{5473 - 5473}: Tuple(String, String, Socket, String).class
{5474 - 5474}: Tuple(String, Range(UInt64, UInt64)).class
{5475 - 5475}: Tuple(String, UInt64).class
{5476 - 5476}: Tuple(Int32, Int32, Int32, Int32).class
{5477 - 5477}: Tuple(Int32, Int32, Int32, Int32, Int32, Int32, Int32, Int32, Int32, Int32, Int32, Int32, Int32).class
{5478 - 5478}: Tuple(Char, Int32, Int32, Int32).class
{5479 - 5479}: Tuple(String, Int64).class
{5480 - 5480}: Tuple(String, HTTP::Cookie::SameSite).class
{5481 - 5481}: Tuple(Hash::Entry(Int32, Array(Crystal::Lexer::LocPopPragma | Crystal::Lexer::LocPushPragma | Crystal::Lexer::LocSetPragma)), Int32).class
{5482 - 5482}: Tuple(Crystal::Type, String).class
{5483 - 5483}: Tuple(String, Crystal::Var, String, Crystal::Location | Nil, String).class
{5484 - 5484}: Tuple(String, Crystal::SymbolLiteral, String, Crystal::Location | Nil, String).class
{5485 - 5485}: Tuple(String, Crystal::ASTNode, String, Crystal::Location | Nil, String).class
{5486 - 5486}: Tuple(String, String, String, String, String).class
{5487 - 5487}: Tuple(Hash::Entry(Int32, Crystal::Expressions), Int32).class
{5488 - 5488}: Tuple(String, Crystal::Splat, String, Crystal::Location | Nil, String).class
{5489 - 5489}: Tuple(String, Crystal::Type, String).class
{5490 - 5490}: Tuple(Hash::Entry(String, Array(Crystal::DefWithMetadata)), Int32).class
{5491 - 5491}: Tuple(String, String, UInt64).class
{5492 - 5492}: Tuple(String, LibPCRE2::Error).class
{5493 - 5493}: Tuple(Hash::Entry(Thread, Pointer(LibPCRE2::MatchData)), Int32).class
{5494 - 5494}: Tuple(String, Regex::MatchOptions).class
{5495 - 5495}: Tuple(Hash::Entry(Thread, Pointer(LibPCRE2::JITStack)), Int32).class
{5496 - 5496}: Tuple(String, Int32 | Nil).class
{5497 - 5497}: Tuple(String, Crystal::Codegen::Target).class
{5498 - 5498}: Tuple(Hash::Entry(String, Nil), Int32).class
{5499 - 5499}: Tuple(Hash::Entry(String, Crystal::ASTNode | Crystal::Type), Int32).class
{5500 - 5500}: Tuple(Array(String)).class
{5501 - 5501}: Tuple(Hash::Entry(Array(Crystal::ASTNode | Crystal::Type), Crystal::Type), Int32).class
{5502 - 5502}: Tuple(Char, Char, Char, Char).class
{5503 - 5503}: Tuple(UInt8, UInt8).class
{5504 - 5504}: Tuple(UInt64, Bool).class
{5505 - 5505}: Tuple(Crystal::Type, Crystal::Type).class
{5506 - 5506}: Tuple(Hash::Entry(String, Crystal::TypeParameter), Int32).class
{5507 - 5507}: Tuple(Array(Crystal::Type), Crystal::Type | Nil).class
{5508 - 5508}: Tuple(Nil, Crystal::Type | Nil).class
{5509 - 5509}: Tuple(Array(Crystal::Type) | Nil, Crystal::Type | Nil).class
{5510 - 5510}: Tuple(Crystal::Type, UInt64).class
{5511 - 5511}: Tuple(Tuple(Crystal::Type, UInt64), Tuple(Crystal::Type, UInt64)).class
{5512 - 5512}: Tuple(String, Tuple(Crystal::Type, UInt64), String, Tuple(Crystal::Type, UInt64), String).class
{5513 - 5513}: Tuple(Hash::Entry(Array(UInt64), Crystal::UnionType), Int32).class
{5514 - 5514}: Tuple(Tuple(Crystal::Type, String), Tuple(Crystal::Type, String)).class
{5515 - 5515}: Tuple(String, Tuple(Crystal::Type, String), String, Tuple(Crystal::Type, String), String).class
{5516 - 5516}: Tuple(Hash::Entry(String, Crystal::ASTNode), Int32).class
{5517 - 5517}: Tuple(String, String, String, String, String, Crystal::Type, String, String, String).class
{5518 - 5518}: Tuple(String, Crystal::MetaTypeVar, String, Crystal::Location | Nil, String).class
{5519 - 5519}: Tuple(Hash::Entry(Array(Crystal::NamedArgumentType), Crystal::Type), Int32).class
{5520 - 5520}: Tuple(Crystal::Type).class
{5521 - 5521}: Tuple(Crystal::NamedArgumentType, String).class
{5522 - 5522}: Tuple(Tuple(Crystal::NamedArgumentType, String), Tuple(Crystal::NamedArgumentType, String)).class
{5523 - 5523}: Tuple(String, Tuple(Crystal::NamedArgumentType, String), String, Tuple(Crystal::NamedArgumentType, String), String).class
{5524 - 5524}: Tuple(Array(Crystal::NamedArgumentType)).class
{5525 - 5525}: Tuple(Crystal::NamedArgumentType, Crystal::NamedArgumentType).class
{5526 - 5526}: Tuple(Array(Crystal::Type)).class
{5527 - 5527}: Tuple(Crystal::GenericInstanceType).class
{5528 - 5528}: Tuple(String, String, String, Crystal::Type, String, Crystal::Type).class
{5529 - 5529}: Tuple(String, String, String, String, Crystal::Type, String, Crystal::Type, String, Crystal::Type).class
{5530 - 5530}: Tuple(String, Crystal::Type, String, Crystal::Type).class
{5531 - 5531}: Tuple(Crystal::AliasType).class
{5532 - 5532}: Tuple(Crystal::VirtualType).class
{5533 - 5533}: Tuple(Crystal::GenericClassType).class
{5534 - 5534}: Tuple(Crystal::GenericModuleInstanceType).class
{5535 - 5535}: Tuple(Crystal::GenericModuleType).class
{5536 - 5536}: Tuple(Crystal::UnionType).class
{5537 - 5537}: Tuple(Hash::Entry(Crystal::Type, Nil), Int32).class
{5538 - 5538}: Tuple(Crystal::Var, Crystal::Type).class
{5539 - 5539}: Tuple(String, Int32, String, Crystal::Type, String, Crystal::Type).class
{5540 - 5540}: Tuple(String, Crystal::PointerInstanceType, String, Crystal::GenericClassType | Crystal::GenericModuleType).class
{5541 - 5541}: Tuple(String, Crystal::Arg, String, Crystal::Location | Nil, String).class
{5542 - 5542}: Tuple(String, Crystal::Def, String, Crystal::Location | Nil, String).class
{5543 - 5543}: Tuple(String, Crystal::NumberKind).class
{5544 - 5544}: Tuple(Hash::Entry(Crystal::ASTNode, Nil), Int32).class
{5545 - 5545}: Tuple(String, Crystal::Path, String, Crystal::ASTNode, String).class
{5546 - 5546}: Tuple(Crystal::ReadInstanceVar).class
{5547 - 5547}: Tuple(String, Crystal::PrimitiveType, String).class
{5548 - 5548}: Tuple(String, Crystal::EnumType, String).class
{5549 - 5549}: Tuple(Hash::Entry(String, Crystal::MetaTypeVar), Int32).class
{5550 - 5550}: Tuple(String, Crystal::Call, String, Crystal::Location | Nil, String).class
{5551 - 5551}: Tuple(Hash::Entry(UInt64, UInt64), Int32).class
{5552 - 5552}: Tuple(Hash::Entry(String, Crystal::FileModule), Int32).class
{5553 - 5553}: Tuple(Crystal::Type, String, String).class
{5554 - 5554}: Tuple(String, String, String, String, String, Crystal::GenericClassType | Crystal::GenericModuleType, String).class
{5555 - 5555}: Tuple(Crystal::Path).class
{5556 - 5556}: Tuple(Array(String), Bool, Bool, Crystal::Location | Nil).class
{5557 - 5557}: Tuple(String, Crystal::ASTNode | Crystal::Type, String).class
{5558 - 5558}: Tuple(Hash::Entry(String, Crystal::NamedType), Int32).class
{5559 - 5559}: Tuple(Array(String), Bool).class
{5560 - 5560}: Tuple(String, Crystal::Path, String, String, String).class
{5561 - 5561}: Tuple(String, Crystal::Path).class
{5562 - 5562}: Tuple(Crystal::Path, String).class
{5563 - 5563}: Tuple(String, Crystal::ModuleType, String).class
{5564 - 5564}: Tuple(Int32, String).class
{5565 - 5565}: Tuple(String, String, String, Crystal::ModuleType, String, Int32, String, String, String).class
{5566 - 5566}: Tuple(String, String, String, Crystal::ModuleType, String, Int32, String, Int32, String).class
{5567 - 5567}: Tuple(Crystal::Const | Nil, String).class
{5568 - 5568}: Tuple(Hash::Entry(String, Crystal::MetaVar), Int32).class
{5569 - 5569}: Tuple(Crystal::MetaVar, Bool).class
{5570 - 5570}: Tuple(String, Crystal::Type, String, Crystal::NoReturnType).class
{5571 - 5571}: Tuple(String, Crystal::GenericClassType).class
{5572 - 5572}: Tuple(String, Crystal::Type, String, String).class
{5573 - 5573}: Tuple(String, Crystal::NumberLiteral, String, Crystal::Location | Nil, String).class
{5574 - 5574}: Tuple(Int8, Int8).class
{5575 - 5575}: Tuple(Int128, Int128).class
{5576 - 5576}: Tuple(UInt16, UInt16).class
{5577 - 5577}: Tuple(UInt32, UInt32).class
{5578 - 5578}: Tuple(UInt128, UInt128).class
{5579 - 5579}: Tuple(UInt128 | UInt64, UInt128 | UInt64).class
{5580 - 5580}: Tuple(UInt128 | UInt32 | UInt64, UInt128 | UInt32 | UInt64).class
{5581 - 5581}: Tuple(UInt128 | UInt16 | UInt32 | UInt64, UInt128 | UInt16 | UInt32 | UInt64).class
{5582 - 5582}: Tuple(UInt128 | UInt16 | UInt32 | UInt64 | UInt8, UInt128 | UInt16 | UInt32 | UInt64 | UInt8).class
{5583 - 5583}: Tuple(Int128 | UInt128 | UInt16 | UInt32 | UInt64 | UInt8, Int128 | UInt128 | UInt16 | UInt32 | UInt64 | UInt8).class
{5584 - 5584}: Tuple(Int128 | Int64 | UInt128 | UInt16 | UInt32 | UInt64 | UInt8, Int128 | Int64 | UInt128 | UInt16 | UInt32 | UInt64 | UInt8).class
{5585 - 5585}: Tuple(Int128 | Int32 | Int64 | UInt128 | UInt16 | UInt32 | UInt64 | UInt8, Int128 | Int32 | Int64 | UInt128 | UInt16 | UInt32 | UInt64 | UInt8).class
{5586 - 5586}: Tuple(Int128 | Int16 | Int32 | Int64 | UInt128 | UInt16 | UInt32 | UInt64 | UInt8, Int128 | Int16 | Int32 | Int64 | UInt128 | UInt16 | UInt32 | UInt64 | UInt8).class
{5587 - 5587}: Tuple(Int128 | Int16 | Int32 | Int64 | Int8 | UInt128 | UInt16 | UInt32 | UInt64 | UInt8, Int128 | Int16 | Int32 | Int64 | Int8 | UInt128 | UInt16 | UInt32 | UInt64 | UInt8).class
{5588 - 5588}: Tuple(Crystal::ModuleType).class
{5589 - 5589}: Tuple(String, Crystal::Type, String, Crystal::ASTNode, String).class
{5590 - 5590}: Tuple(Array(Crystal::ASTNode)).class
{5591 - 5591}: Tuple(String, Crystal::ASTNode, String, Crystal::ASTNode | Crystal::Type, String).class
{5592 - 5592}: Tuple(String, Crystal::ASTNode, String, String).class
{5593 - 5593}: Tuple(String, Crystal::Type | Nil).class
{5594 - 5594}: Tuple(Array(Crystal::ASTNode), Array(Crystal::ASTNode)).class
{5595 - 5595}: Tuple(Crystal::Const, String).class
{5596 - 5596}: Tuple(String, Crystal::NonGenericModuleType, String, Crystal::ASTNode).class
{5597 - 5597}: Tuple(String, Crystal::Type, String, Crystal::ASTNode).class
{5598 - 5598}: Tuple(String, Crystal::AutocastType, String, Crystal::ASTNode).class
{5599 - 5599}: Tuple(String, Crystal::GenericInstanceType, String, Crystal::ASTNode).class
{5600 - 5600}: Tuple(String, String, String, Crystal::ModuleType, String, String, String, Int32, String).class
{5601 - 5601}: Tuple(String, Crystal::ProcInstanceType, String, Crystal::ASTNode).class
{5602 - 5602}: Tuple(String, Crystal::TupleInstanceType, String, Crystal::ASTNode).class
{5603 - 5603}: Tuple(Crystal::Type, Crystal::ASTNode).class
{5604 - 5604}: Tuple(Crystal::ASTNode, Crystal::Type).class
{5605 - 5605}: Tuple(String, Crystal::NamedTupleInstanceType, String, Crystal::ASTNode).class
{5606 - 5606}: Tuple(String, Crystal::VirtualType, String, Crystal::ASTNode).class
{5607 - 5607}: Tuple(Hash::Entry(String, Crystal::TypeFilter), Int32).class
{5608 - 5608}: Tuple(Crystal::Path, String, String).class
{5609 - 5609}: Tuple(String, String, String, Int32, String, String, String).class
{5610 - 5610}: Tuple(String, String, String, Crystal::Type).class
{5611 - 5611}: Tuple(String, String, String, Crystal::Type, String, String, String, String, String).class
{5612 - 5612}: Tuple(String, Crystal::ASTNode.class).class
{5613 - 5613}: Tuple(String, Crystal::MetaVar, String, Crystal::Location | Nil, String).class
{5614 - 5614}: Tuple(Crystal::InstanceVar).class
{5615 - 5615}: Tuple(String, String, String, Crystal::Type, String).class
{5616 - 5616}: Tuple(String, Array(Crystal::ASTNode), Array(Crystal::NamedArgument) | Nil).class
{5617 - 5617}: Tuple(Hash::Entry(String, Array(Crystal::Macro)), Int32).class
{5618 - 5618}: Tuple(String, String, String, Crystal::Path).class
{5619 - 5619}: Tuple(String, String, String, String, String, Int32, String, Int32, String).class
{5620 - 5620}: Tuple(String, String, String, Int32, String).class
{5621 - 5621}: Tuple(Char, Char, Char, Char, Char).class
{5622 - 5622}: Tuple(Char, Char, Char).class
{5623 - 5623}: Tuple(String, Crystal::NumberKind, String).class
{5624 - 5624}: Tuple(String, String, Int64.class | UInt64.class).class
{5625 - 5625}: Tuple(String, String, Int64.class, String, String).class
{5626 - 5626}: Tuple(String, String, Crystal::VirtualFile | String, String, Int32).class
{5627 - 5627}: Tuple(Crystal::VirtualFile | String | Nil).class
{5628 - 5628}: Tuple(Crystal::VirtualFile | String | Nil, String, Int32, String, Int32).class
{5629 - 5629}: Tuple(String, String, Int32, String, Int32).class
{5630 - 5630}: Tuple(String, String, Int32 | Nil, String, Int32 | Nil).class
{5631 - 5631}: Tuple(Array(String), Int32).class
{5632 - 5632}: Tuple(String, UInt32, String, UInt32, String).class
{5633 - 5633}: Tuple(Bool, UInt32).class
{5634 - 5634}: Tuple(Int32, UInt64).class
{5635 - 5635}: Tuple(UInt64, UInt64, UInt64).class
{5636 - 5636}: Tuple(String, Char, String).class
{5637 - 5637}: Tuple(String, String, UInt64.class, String, String).class
{5638 - 5638}: Tuple(String, String, Int64.class | UInt64.class, String, String).class
{5639 - 5639}: Tuple(Char, Char, Char, Char, Char, Char).class
{5640 - 5640}: Tuple(Char, Char, Char, Char, Char, Char, Char).class
{5641 - 5641}: Tuple(Char, Char, Char, Char, Char, Char, Char, Char, Char).class
{5642 - 5642}: Tuple(String, Char | String, String).class
{5643 - 5643}: Tuple(Char | String, Char | String, Char, Char, Char, Char, Char).class
{5644 - 5644}: Tuple(Crystal::Token::Kind, Crystal::Token::Kind, Crystal::Token::Kind, Crystal::Token::Kind, Crystal::Token::Kind, Crystal::Token::Kind).class
{5645 - 5645}: Tuple(String, Crystal::Token::Kind, String, Crystal::Token, String).class
{5646 - 5646}: Tuple(String, String, String, Crystal::Token).class
{5647 - 5647}: Tuple(Crystal::Token::DelimiterState, Crystal::StringInterpolation).class
{5648 - 5648}: Tuple(String, Crystal::Token::Kind, String, Crystal::Token).class
{5649 - 5649}: Tuple(String, Crystal::Token, String).class
{5650 - 5650}: Tuple(String, Crystal::Keyword, String, Crystal::Token, String).class
{5651 - 5651}: Tuple(String, Crystal::Token).class
{5652 - 5652}: Tuple(Crystal::ASTNode, Crystal::Location).class
{5653 - 5653}: Tuple(Crystal::ASTNode, Crystal::Location | Nil).class
{5654 - 5654}: Tuple(String, String, String, Crystal::Token::Kind, String).class
{5655 - 5655}: Tuple(String, Crystal::Token::Kind).class
{5656 - 5656}: Tuple(Crystal::Var, Bool, Array(Crystal::ASTNode) | Nil).class
{5657 - 5657}: Tuple(Array(Crystal::Var), Int32 | Nil, Hash(Int32, Crystal::Expressions) | Nil).class
{5658 - 5658}: Tuple(String, Crystal::ASTNode, String, Crystal::ASTNode.class, String).class
{5659 - 5659}: Tuple(Crystal::ExceptionHandler, Crystal::Location).class
{5660 - 5660}: Tuple(String, Crystal::ASTNode, String).class
{5661 - 5661}: Tuple(Bool, Crystal::Location).class
{5662 - 5662}: Tuple(Crystal::NumberLiteral).class
{5663 - 5663}: Tuple(Crystal::Keyword, Crystal::Keyword, Crystal::Keyword, Crystal::Keyword, Crystal::Keyword).class
{5664 - 5664}: Tuple(String, Char | Crystal::Keyword | String | Nil, String).class
{5665 - 5665}: Tuple(String, String | Nil, Bool | Nil, Bool | Nil).class
{5666 - 5666}: Tuple(Array(String) | Nil, Int32 | Nil).class
{5667 - 5667}: Tuple(Crystal::Keyword, Crystal::Keyword, Crystal::Keyword).class
{5668 - 5668}: Tuple(String, Crystal::TupleLiteral, String).class
{5669 - 5669}: Tuple(String, String, String, String, String, Crystal::ASTNode, String).class
{5670 - 5670}: Tuple(Bool, Bool, Bool, Bool).class
{5671 - 5671}: Tuple(Crystal::ASTNode).class
{5672 - 5672}: Tuple(String, Crystal::Token::Kind, String, String, String).class
{5673 - 5673}: Tuple(Crystal::Token::DelimiterState, Bool, Regex::Options, Crystal::Location).class
{5674 - 5674}: Tuple(Crystal::StringInterpolation).class
{5675 - 5675}: Tuple(Crystal::Token::Kind).class
{5676 - 5676}: Tuple(String, String, String, Crystal::Token::Kind, String, Char | Crystal::Keyword | String | Nil, String, Crystal::Location).class
{5677 - 5677}: Tuple(Char, String).class
{5678 - 5678}: Tuple(Hash(Char, String), Char).class
{5679 - 5679}: Tuple(Hash::Entry(Char, String), Int32).class
{5680 - 5680}: Tuple(Crystal::ASTNode, Int32).class
{5681 - 5681}: Tuple(Crystal::Keyword).class
{5682 - 5682}: Tuple(Crystal::Keyword, Crystal::Keyword).class
{5683 - 5683}: Tuple(Crystal::Token::DelimiterState, Crystal::Formatter::HeredocInfo).class
{5684 - 5684}: Tuple(Array(Crystal::Formatter::AlignInfo), Crystal::Formatter::AlignInfo | Nil).class
{5685 - 5685}: Tuple(Nil, Crystal::Formatter::AlignInfo | Nil).class
{5686 - 5686}: Tuple(Array(Crystal::Formatter::AlignInfo) | Nil, Crystal::Formatter::AlignInfo | Nil).class
{5687 - 5687}: Tuple(Bool, Bool, Int32).class
{5688 - 5688}: Tuple(Crystal::Token::Kind, Crystal::Token::Kind).class
{5689 - 5689}: Tuple(Crystal::Formatter::AlignInfo, Int32).class
{5690 - 5690}: Tuple(Hash::Entry(Int32, Nil), Int32).class
{5691 - 5691}: Tuple(Crystal::Formatter, String).class
{5692 - 5692}: Tuple(Crystal::SymbolLiteral).class
{5693 - 5693}: Tuple(String, Crystal::Location | Nil, String, Crystal::ASTNode.class).class
{5694 - 5694}: Tuple(Bool | Nil, Bool, Int32).class
{5695 - 5695}: Tuple(String, Crystal::Location | Nil).class
{5696 - 5696}: Tuple(String, Crystal::ASTNode.class, String, Crystal::Location | Nil).class
{5697 - 5697}: Tuple(IO::FileDescriptor, IO::FileDescriptor).class
{5698 - 5698}: Tuple(String, IO::FileDescriptor).class
{5699 - 5699}: Tuple(Crystal::Type | Nil, String).class
{5700 - 5700}: Tuple(String, String, String, Crystal::VirtualFile | String | Nil, String, Int32 | Nil, String).class
{5701 - 5701}: Tuple(Fiber).class
{5702 - 5702}: Tuple(Process::Redirect, IO::FileDescriptor).class
{5703 - 5703}: Tuple(String::Builder, IO::FileDescriptor).class
{5704 - 5704}: Tuple(Channel::DeliveryState, Exception | Nil).class
{5705 - 5705}: Tuple(Channel::DeliveryState, Channel::UseDefault).class
{5706 - 5706}: Tuple(Channel::DeliveryState, Channel::UseDefault | Exception | Nil).class
{5707 - 5707}: Tuple(Channel::DeliveryState, Int32).class
{5708 - 5708}: Tuple(Channel::DeliveryState, Channel::UseDefault | Int32).class
{5709 - 5709}: Tuple(String, String, String, String | Nil).class
{5710 - 5710}: Tuple(String, String, String, Process::Status).class
{5711 - 5711}: Tuple(String, String, String, Process::Status, String, String, String).class
{5712 - 5712}: Tuple(Int32 | Nil, Int32 | Nil).class
{5713 - 5713}: Tuple(String, Colorize::Object(String), String).class
{5714 - 5714}: Tuple(Hash::Entry(Crystal::SyntaxHighlighter::TokenType, Colorize::Color256 | Colorize::ColorANSI | Colorize::ColorRGB), Int32).class
{5715 - 5715}: Tuple(String, Symbol).class
{5716 - 5716}: Tuple(Crystal::Assign).class
{5717 - 5717}: Tuple(String, Crystal::Expressions).class
{5718 - 5718}: Tuple(Crystal::Call).class
{5719 - 5719}: Tuple(String | Nil, String).class
{5720 - 5720}: Tuple(Float64).class
{5721 - 5721}: Tuple(UInt32, Bool).class
{5722 - 5722}: Tuple(Int32 | Int64, Int32).class
{5723 - 5723}: Tuple(String, Int32, String, Int32, String, String | Nil, String, String | Nil, String).class
{5724 - 5724}: Tuple(String, String, String, Crystal::EnumType).class
{5725 - 5725}: Tuple(String, String, String, Crystal::EnumType | Crystal::Type).class
{5726 - 5726}: Tuple(String, String, String, Crystal::EnumType | Crystal::NamedType).class
{5727 - 5727}: Tuple(Crystal::ModuleType, String, Crystal::NamedType | Nil).class
{5728 - 5728}: Tuple(String, String, String, Crystal::Type, String, Crystal::IntegerType).class
{5729 - 5729}: Tuple(String, String, String, String, Crystal::Type, String, Crystal::Type, String, Crystal::IntegerType).class
{5730 - 5730}: Tuple(String, Crystal::Type, String, Crystal::IntegerType).class
{5731 - 5731}: Tuple(String, Crystal::ClassType, String, Crystal::NonGenericClassType, String, Crystal::Type | Nil, String).class
{5732 - 5732}: Tuple(String, String, String, Crystal::Path, String, String, String, Crystal::NonGenericClassType, String).class
{5733 - 5733}: Tuple(String, Crystal::NonGenericClassType).class
{5734 - 5734}: Tuple(Hash::Entry(Crystal::AnnotationType, Array(Crystal::Annotation)), Int32).class
{5735 - 5735}: Tuple(String, Hash(Int32, Array(Crystal::Lexer::LocPopPragma | Crystal::Lexer::LocPushPragma | Crystal::Lexer::LocSetPragma)) | Nil).class
{5736 - 5736}: Tuple(Crystal::NamedType, String, String).class
{5737 - 5737}: Tuple(String, Crystal::Path, String).class
{5738 - 5738}: Tuple(String, Crystal::Path, String, String).class
{5739 - 5739}: Tuple(String | Nil, String, String).class
{5740 - 5740}: Tuple(String, String, String, Int32, String, Int32, String).class
{5741 - 5741}: Tuple(Crystal::Arg, String).class
{5742 - 5742}: Tuple(Tuple(Crystal::Arg, String), Tuple(Crystal::Arg, String)).class
{5743 - 5743}: Tuple(String, Tuple(Crystal::Arg, String), String, Tuple(Crystal::Arg, String), String).class
{5744 - 5744}: Tuple(String, Crystal::LibType).class
{5745 - 5745}: Tuple(String, Crystal::GenericClassInstanceMetaclassType).class
{5746 - 5746}: Tuple(String, Crystal::GenericModuleInstanceMetaclassType).class
{5747 - 5747}: Tuple(Array(Crystal::Arg)).class
{5748 - 5748}: Tuple(Crystal::Arg, Crystal::Arg).class
{5749 - 5749}: Tuple(String, String, String, Crystal::Type, String, Crystal::NilType).class
{5750 - 5750}: Tuple(String, Crystal::Type, String, Crystal::NilType).class
{5751 - 5751}: Tuple(Crystal::Def).class
{5752 - 5752}: Tuple(String, String, Crystal::Location).class
{5753 - 5753}: Tuple(Crystal::Type, String, String).class
{5754 - 5754}: Tuple(String, Crystal::Type, String).class
{5755 - 5755}: Tuple(String, Crystal::HookKind, String).class
{5756 - 5756}: Tuple(String, Crystal::Type).class
{5757 - 5757}: Tuple(Crystal::MacroId, Crystal::ASTNode).class
{5758 - 5758}: Tuple(Crystal::MacroId, Crystal::TypeNode).class
{5759 - 5759}: Tuple(String, String, String, Crystal::ASTNode).class
{5760 - 5760}: Tuple(String, Crystal::EnumType, String, String, String).class
{5761 - 5761}: Tuple(String, Crystal::Arg, String, Crystal::IntegerType).class
{5762 - 5762}: Tuple(Array(Crystal::ASTNode), Array(Crystal::NamedArgument) | Nil).class
{5763 - 5763}: Tuple(String, Char, String, Char).class
{5764 - 5764}: Tuple(Hash(Char, Char), Char).class
{5765 - 5765}: Tuple(Hash::Entry(Char, Char), Int32).class
{5766 - 5766}: Tuple(String, String, Char, String).class
{5767 - 5767}: Tuple(String, String, String, String, String, String).class
{5768 - 5768}: Tuple(String, String, String, String, String, String, String, String).class
{5769 - 5769}: Tuple(String, String, Time::Span, String | Nil).class
{5770 - 5770}: Tuple(Crystal::Var).class
{5771 - 5771}: Tuple(String, Array(Crystal::Def), Bool).class
{5772 - 5772}: Tuple(Hash::Entry(String, Crystal::External), Int32).class
{5773 - 5773}: Tuple(String, Crystal::External, String, Crystal::Location | Nil, String).class
{5774 - 5774}: Tuple(String, String, Crystal::NonGenericClassType, String, String, String).class
{5775 - 5775}: Tuple(String, Crystal::ModuleType).class
{5776 - 5776}: Tuple(Hash::Entry(Crystal::Type, Hash(String, Crystal::TypeDeclarationProcessor::TypeDeclarationWithLocation)), Int32).class
{5777 - 5777}: Tuple(String, String, String, Crystal::ModuleType, String).class
{5778 - 5778}: Tuple(Hash::Entry(Crystal::ClassVarContainer, Hash(String, Crystal::TypeDeclarationProcessor::TypeDeclarationWithLocation)), Int32).class
{5779 - 5779}: Tuple(String, Crystal::ClassVarContainer).class
{5780 - 5780}: Tuple(Hash::Entry(Crystal::Type, Hash(String, Crystal::TypeDeclarationProcessor::Error)), Int32).class
{5781 - 5781}: Tuple(Hash::Entry(Crystal::Type, Array(String)), Int32).class
{5782 - 5782}: Tuple(String, String, String, Crystal::ClassVarContainer, String).class
{5783 - 5783}: Tuple(Hash::Entry(String, Crystal::Arg), Int32).class
{5784 - 5784}: Tuple(Hash::Entry(String, Crystal::TypeDeclarationProcessor::TypeDeclarationWithLocation), Int32).class
{5785 - 5785}: Tuple(Hash::Entry(Crystal::Type, Hash(String, Crystal::TypeDeclarationProcessor::InstanceVarTypeInfo)), Int32).class
{5786 - 5786}: Tuple(Hash::Entry(String, Crystal::TypeDeclarationProcessor::InstanceVarTypeInfo), Int32).class
{5787 - 5787}: Tuple(String, Crystal::Generic | Crystal::Path, String, String).class
{5788 - 5788}: Tuple(Crystal::CallSignature, Crystal::VirtualMetaclassType).class
{5789 - 5789}: Tuple(Crystal::CallSignature, Crystal::VirtualMetaclassType, Crystal::Type, Nil).class
{5790 - 5790}: Tuple(Crystal::CallSignature, Crystal::VirtualMetaclassType, Crystal::Type, Array(Crystal::Match) | Nil).class
{5791 - 5791}: Tuple(Crystal::CallSignature, Crystal::Type, Crystal::Type, Nil).class
{5792 - 5792}: Tuple(Crystal::CallSignature, Crystal::VirtualType).class
{5793 - 5793}: Tuple(Crystal::CallSignature, Crystal::VirtualType, Crystal::Type, Nil).class
{5794 - 5794}: Tuple(Crystal::CallSignature, Crystal::VirtualType, Crystal::Type, Array(Crystal::Match) | Nil).class
{5795 - 5795}: Tuple(Crystal::CallSignature, Crystal::Type, Crystal::Type).class
{5796 - 5796}: Tuple(Crystal::CallSignature, Crystal::Type, Crystal::Type, Array(Crystal::Match) | Nil).class
{5797 - 5797}: Tuple(Hash(Crystal::Type, Crystal::Matches), Crystal::Type).class
{5798 - 5798}: Tuple(Crystal::Type, Crystal::Matches).class
{5799 - 5799}: Tuple(Hash::Entry(Crystal::Type, Crystal::Matches), Int32).class
{5800 - 5800}: Tuple(Crystal::CallSignature).class
{5801 - 5801}: Tuple(Array(Crystal::Type) | Nil, Array(Crystal::Type) | Nil).class
{5802 - 5802}: Tuple(Hash::Entry(Crystal::ClassVarContainer, Hash(String, Crystal::TypeGuessVisitor::TypeInfo)), Int32).class
{5803 - 5803}: Tuple(Hash::Entry(String, Crystal::TypeGuessVisitor::TypeInfo), Int32).class
{5804 - 5804}: Tuple(Hash::Entry(String, Crystal::TypeDeclarationProcessor::Error), Int32).class
{5805 - 5805}: Tuple(Hash::Entry(Crystal::Type, Array(Crystal::TypeDeclarationProcessor::InitializeInfo)), Int32).class
{5806 - 5806}: Tuple(Crystal::Type, Crystal::NilType).class
{5807 - 5807}: Tuple(Int32, Int32, String).class
{5808 - 5808}: Tuple(Crystal::Type, Tuple(Int32, Int32, String)).class
{5809 - 5809}: Tuple(Tuple(Crystal::Type, Tuple(Int32, Int32, String)), Tuple(Crystal::Type, Tuple(Int32, Int32, String))).class
{5810 - 5810}: Tuple(String, Tuple(Crystal::Type, Tuple(Int32, Int32, String)), String, Tuple(Crystal::Type, Tuple(Int32, Int32, String)), String).class
{5811 - 5811}: Tuple(Hash(Crystal::Type, Crystal::Type), Crystal::Type).class
{5812 - 5812}: Tuple(Hash::Entry(Crystal::Type, Crystal::Type), Int32).class
{5813 - 5813}: Tuple(Hash::Entry(Crystal::Type, Hash(String, Crystal::TypeDeclarationProcessor::InitializeInfo)), Int32).class
{5814 - 5814}: Tuple(Array(String), String | Nil).class
{5815 - 5815}: Tuple(Nil, String | Nil).class
{5816 - 5816}: Tuple(Array(String) | Nil, String | Nil).class
{5817 - 5817}: Tuple(Hash::Entry(String, String), Int32).class
{5818 - 5818}: Tuple(String, Crystal::GenericModuleType | Crystal::NonGenericModuleType, String, Crystal::Type, String).class
{5819 - 5819}: Tuple(String, String, String, Crystal::Type, String, Crystal::Type, String, Crystal::Type, String, Crystal::Type, String, Crystal::Type, String, Crystal::Type, String).class
{5820 - 5820}: Tuple(String, String, String, Crystal::NonGenericClassType, String).class
{5821 - 5821}: Tuple(String, Crystal::NonGenericModuleType).class
{5822 - 5822}: Tuple(String, String, String, Crystal::GenericClassType, String).class
{5823 - 5823}: Tuple(String, Crystal::GenericModuleType).class
{5824 - 5824}: Tuple(String, String, String, Crystal::Type, String, Crystal::GenericClassType | Crystal::GenericModuleType | Crystal::NonGenericClassType | Crystal::NonGenericModuleType, String, Crystal::Type, String, Crystal::Type, String, Crystal::GenericClassType | Crystal::GenericModuleType | Crystal::NonGenericClassType | Crystal::NonGenericModuleType, String, Crystal::Type, String).class
{5825 - 5825}: Tuple(String, String, String, Crystal::Type, String, String, String, String, String, String, String, Crystal::Type, String).class
{5826 - 5826}: Tuple(String, String, String, Crystal::Type, String, Crystal::Type, String, Crystal::Type, String).class
{5827 - 5827}: Tuple(String, Crystal::Type, String, String, String).class
{5828 - 5828}: Tuple(String, Crystal::Type, String, String, String, Crystal::Type, String).class
{5829 - 5829}: Tuple(Hash(Crystal::ClassVarContainer, Hash(String, Crystal::TypeDeclarationProcessor::TypeDeclarationWithLocation)), Hash(Crystal::ClassVarContainer, Hash(String, Crystal::TypeGuessVisitor::TypeInfo))).class
{5830 - 5830}: Tuple(String, String, String, Crystal::ClassVarContainer, String, Crystal::Type, String, Crystal::EnumType | Crystal::GenericClassType | Crystal::GenericModuleType | Crystal::MetaclassType | Crystal::NonGenericClassType | Crystal::NonGenericModuleType | Crystal::PrimitiveType | Crystal::VirtualMetaclassType | Crystal::VirtualType).class
{5831 - 5831}: Tuple(Crystal::ASTNode, Crystal::TypeDeclarationProcessor).class
{5832 - 5832}: Tuple(Int32, Range(Int32, Int32)).class
{5833 - 5833}: Tuple(String, String, String, Crystal::Type, String, Colorize::Object(String), String).class
{5834 - 5834}: Tuple(String, Crystal::Type, String, String, String, Crystal::Type).class
{5835 - 5835}: Tuple(String, String, String, String, String, String, String).class
{5836 - 5836}: Tuple(Hash::Entry(Crystal::Def, Crystal::Def), Int32).class
{5837 - 5837}: Tuple(String, Crystal::ClassType, String).class
{5838 - 5838}: Tuple(Hash::Entry(Crystal::ClassVarContainer, Hash(String, Tuple(Crystal::ASTNode, Crystal::ASTNode))), Int32).class
{5839 - 5839}: Tuple(Hash::Entry(String, Tuple(Crystal::ASTNode, Crystal::ASTNode)), Int32).class
{5840 - 5840}: Tuple(Array(Crystal::ClassVarInitializer), Array(Crystal::ClassVarInitializer)).class
{5841 - 5841}: Tuple(String, String, String, Crystal::ClassVarContainer, String, Crystal::Type, String).class
{5842 - 5842}: Tuple(String, String, String, Crystal::Type, String, Crystal::NoReturnType).class
{5843 - 5843}: Tuple(String, Crystal::AnnotationType).class
{5844 - 5844}: Tuple(String, Crystal::Path, String, Crystal::Location | Nil, String).class
{5845 - 5845}: Tuple(String, Crystal::Generic, String, Crystal::Location | Nil, String).class
{5846 - 5846}: Tuple(Array(Crystal::Const), Crystal::Const | Nil).class
{5847 - 5847}: Tuple(Nil, Crystal::Const | Nil).class
{5848 - 5848}: Tuple(Array(Crystal::Const) | Nil, Crystal::Const | Nil).class
{5849 - 5849}: Tuple(Hash::Entry(Bool, Array(Crystal::ExhaustivenessChecker::Target)), Int32).class
{5850 - 5850}: Tuple(Array(Crystal::ExhaustivenessChecker::Target), Crystal::ExhaustivenessChecker::Target | Nil).class
{5851 - 5851}: Tuple(Nil, Crystal::ExhaustivenessChecker::Target | Nil).class
{5852 - 5852}: Tuple(Array(Crystal::ExhaustivenessChecker::Target) | Nil, Crystal::ExhaustivenessChecker::Target | Nil).class
{5853 - 5853}: Tuple(Bool, Array(String)).class
{5854 - 5854}: Tuple(Hash(Bool, Array(String)), Bool).class
{5855 - 5855}: Tuple(Hash::Entry(Bool, Array(String)), Int32).class
{5856 - 5856}: Tuple(Bool, String, String).class
{5857 - 5857}: Tuple(Crystal::Const, Array(String)).class
{5858 - 5858}: Tuple(Hash(Crystal::Const, Array(String)), Crystal::Const).class
{5859 - 5859}: Tuple(Hash::Entry(Crystal::Const, Array(String)), Int32).class
{5860 - 5860}: Tuple(Crystal::Const, String, String).class
{5861 - 5861}: Tuple(Crystal::StringLiteral).class
{5862 - 5862}: Tuple(String, Crystal::UnionType, String, Int32, String).class
{5863 - 5863}: Tuple(String, Crystal::Type, String, Int32, String).class
{5864 - 5864}: Tuple(String, Crystal::Const, String).class
{5865 - 5865}: Tuple(String, Crystal::Call, String).class
{5866 - 5866}: Tuple(String, Crystal::NamedArgument, String).class
{5867 - 5867}: Tuple(String, String, Crystal::ASTNode | Nil, String).class
{5868 - 5868}: Tuple(Int32, String, Crystal::Call).class
{5869 - 5869}: Tuple(String, Crystal::Call).class
{5870 - 5870}: Tuple(Array(Crystal::ASTNode), Crystal::ASTNode | Nil).class
{5871 - 5871}: Tuple(Nil, Crystal::ASTNode | Nil).class
{5872 - 5872}: Tuple(Array(Crystal::ASTNode) | Nil, Crystal::ASTNode | Nil).class
{5873 - 5873}: Tuple(String, Crystal::NamedType, String).class
{5874 - 5874}: Tuple(String, Crystal::NamedType, String, String | Nil, String, String, String, Crystal::NamedType, String).class
{5875 - 5875}: Tuple(String, Crystal::AliasType, String, String | Nil, String, String, String, Crystal::AliasType, String).class
{5876 - 5876}: Tuple(String, Crystal::Type, String, String | Nil, String, String, String, Crystal::Type, String).class
{5877 - 5877}: Tuple(Hash::Entry(Crystal::Repl::LocalVars::Key, Crystal::Type), Int32).class
{5878 - 5878}: Tuple(String, LLVM::TargetMachine).class
{5879 - 5879}: Tuple(Hash::Entry(Crystal::Type, LLVM::Type), Int32).class
{5880 - 5880}: Tuple(Hash::Entry(String, LLVM::Type), Int32).class
{5881 - 5881}: Tuple(String, UInt64, String, UInt64, String).class
{5882 - 5882}: Tuple(Bool, UInt64).class
{5883 - 5883}: Tuple(Hash::Entry(Crystal::Type, Int32), Int32).class
{5884 - 5884}: Tuple(String, Crystal::Type, String, Crystal::MixedUnionType, String, Crystal::Type.class, String, Crystal::MixedUnionType.class, String).class
{5885 - 5885}: Tuple(String, String, String, Crystal::Type, String, Crystal::Type, String).class
{5886 - 5886}: Tuple(Crystal::MetaVar).class
{5887 - 5887}: Tuple(Hash(String, Tuple(Int32, Crystal::Type)), Int32).class
{5888 - 5888}: Tuple(Hash::Entry(Crystal::Repl::LocalVars::Key, Int32), Int32).class
{5889 - 5889}: Tuple(Hash::Entry(String, Int32), Int32).class
{5890 - 5890}: Tuple(String, Crystal::TupleLiteral, String, Crystal::Location | Nil, String).class
{5891 - 5891}: Tuple(Crystal::TupleInstanceType).class
{5892 - 5892}: Tuple(String, Crystal::NamedTupleLiteral, String, Crystal::Location | Nil, String).class
{5893 - 5893}: Tuple(Crystal::NamedTupleInstanceType).class
{5894 - 5894}: Tuple(String, Crystal::ExceptionHandler, String, Crystal::Location | Nil, String).class
{5895 - 5895}: Tuple(Crystal::MixedUnionType).class
{5896 - 5896}: Tuple(Crystal::NamedTupleInstanceType | Crystal::TupleInstanceType).class
{5897 - 5897}: Tuple(Crystal::GenericClassInstanceType).class
{5898 - 5898}: Tuple(String, Crystal::GenericClassInstanceType, String, Crystal::Type, String, Crystal::GenericClassInstanceType.class, String, Crystal::Type.class, String).class
{5899 - 5899}: Tuple(Crystal::NilableReferenceUnionType | Crystal::NilableType).class
{5900 - 5900}: Tuple(String, Crystal::Type, String, Crystal::Type, String, Crystal::Type.class, String, Crystal::Type.class, String).class
{5901 - 5901}: Tuple(Hash::Entry(String, Tuple(Int32, Crystal::Type)), Int32).class
{5902 - 5902}: Tuple(Crystal::MetaTypeVar).class
{5903 - 5903}: Tuple(Tuple(Crystal::Type, Int32), Tuple(Crystal::Type, Int32)).class
{5904 - 5904}: Tuple(String, Tuple(Crystal::Type, Int32), String, Tuple(Crystal::Type, Int32), String).class
{5905 - 5905}: Tuple(String, Crystal::ReferenceUnionType, String, Crystal::Type, String, Crystal::ReferenceUnionType.class, String, Crystal::Type.class, String).class
{5906 - 5906}: Tuple(String, Crystal::VirtualMetaclassType, String, Crystal::Type, String, Crystal::VirtualMetaclassType.class, String, Crystal::Type.class, String).class
{5907 - 5907}: Tuple(Int32, Crystal::Repl::CompiledDef | Nil).class
{5908 - 5908}: Tuple(Hash::Entry(Crystal::Repl::ClassVars::Key, Crystal::Repl::ClassVars::Value), Int32).class
{5909 - 5909}: Tuple(Int32, Crystal::Repl::CompiledDef).class
{5910 - 5910}: Tuple(Hash::Entry(Crystal::Const, Crystal::Repl::Constants::Value), Int32).class
{5911 - 5911}: Tuple(String, Crystal::Assign.class, String, Crystal::ASTNode.class).class
{5912 - 5912}: Tuple(String, Crystal::MixedUnionType, String, Crystal::MixedUnionType).class
{5913 - 5913}: Tuple(Crystal::EnumType | Crystal::GenericClassInstanceMetaclassType | Crystal::GenericClassInstanceType | Crystal::MetaclassType | Crystal::NilableProcType | Crystal::NilableReferenceUnionType | Crystal::NilableType | Crystal::NonGenericClassType | Crystal::PrimitiveType | Crystal::ReferenceUnionType | Crystal::VirtualMetaclassType | Crystal::VirtualType).class
{5914 - 5914}: Tuple(Crystal::NilableReferenceUnionType).class
{5915 - 5915}: Tuple(String, Crystal::If, String, Crystal::Location | Nil, String).class
{5916 - 5916}: Tuple(Crystal::CharType | Crystal::EnumType | Crystal::FloatType | Crystal::GenericClassInstanceMetaclassType | Crystal::GenericClassInstanceType | Crystal::GenericModuleInstanceMetaclassType | Crystal::GenericModuleInstanceType | Crystal::IntegerType | Crystal::MetaclassType | Crystal::NonGenericClassType | Crystal::NonGenericModuleType | Crystal::ReferenceUnionType | Crystal::SymbolType | Crystal::VirtualMetaclassType | Crystal::VirtualType).class
{5917 - 5917}: Tuple(String, Crystal::Type, String, Crystal::Type.class, String).class
{5918 - 5918}: Tuple(String, Crystal::While, String, Crystal::Location | Nil, String).class
{5919 - 5919}: Tuple(Crystal::NilType).class
{5920 - 5920}: Tuple(String, Crystal::NilType, String, Crystal::Type, String, Crystal::NilType.class, String, Crystal::Type.class, String).class
{5921 - 5921}: Tuple(Crystal::While).class
{5922 - 5922}: Tuple(Crystal::Type | Nil).class
{5923 - 5923}: Tuple(String, Crystal::TypeOf, String, Crystal::Location | Nil, String).class
{5924 - 5924}: Tuple(Crystal::Var).class
{5925 - 5925}: Tuple(Hash(Int32, Crystal::Type), Int32).class
{5926 - 5926}: Tuple(Hash::Entry(Int32, Crystal::Type), Int32).class
{5927 - 5927}: Tuple(String, String, String, Crystal::LibType).class
{5928 - 5928}: Tuple(String, Crystal::GenericClassType, String).class
{5929 - 5929}: Tuple(Hash::Entry(String, Array(Crystal::ASTNode)), Int32).class
{5930 - 5930}: Tuple(Hash::Entry(Crystal::Def, Nil), Int32).class
{5931 - 5931}: Tuple(Hash(String, Array(Crystal::ASTNode)) | Nil, Array(Crystal::ASTNode) | Nil).class
{5932 - 5932}: Tuple(String, Crystal::ProcPointer).class
{5933 - 5933}: Tuple(String, Crystal::Type, String, Crystal::Type | Nil).class
{5934 - 5934}: Tuple(String, Crystal::Type, String, Crystal::Type, String, String, String).class
{5935 - 5935}: Tuple(String, String, String, Crystal::Type, String, Crystal::Type, String, Crystal::Type | Nil).class
{5936 - 5936}: Tuple(String, Crystal::Type, String, Crystal::Type, String, Crystal::Type | Nil).class
{5937 - 5937}: Tuple(String, String, String, String, String, Crystal::NonGenericClassType, String, Crystal::Type, String, Crystal::Type).class
{5938 - 5938}: Tuple(String, String, String, Crystal::GenericClassType | Crystal::GenericModuleType).class
{5939 - 5939}: Tuple(String, Float32 | Float64 | Int128 | Int16 | Int32 | Int64 | Int8 | UInt128 | UInt16 | UInt32 | UInt64 | UInt8, String, Int32, String).class
{5940 - 5940}: Tuple(UInt32, Int32).class
{5941 - 5941}: Tuple(String, Crystal::GenericClassInstanceType | Crystal::GenericClassType | Crystal::GenericModuleInstanceType | Crystal::GenericModuleType | Crystal::NonGenericClassType | Crystal::NonGenericModuleType | Crystal::VirtualType, String).class
{5942 - 5942}: Tuple(String, Crystal::GenericClassInstanceType | Crystal::GenericClassType | Crystal::GenericModuleInstanceType | Crystal::GenericModuleType | Crystal::NonGenericClassType | Crystal::NonGenericModuleType | Crystal::VirtualType, String, String).class
{5943 - 5943}: Tuple(String, Crystal::Type | Nil, String).class
{5944 - 5944}: Tuple(Crystal::NonGenericClassType).class
{5945 - 5945}: Tuple(Crystal::StringLiteral, Crystal::Call).class
{5946 - 5946}: Tuple(Crystal::ASTNode, Crystal::Call).class
{5947 - 5947}: Tuple(Array(Crystal::Var | Nil) | Nil, Int32).class
{5948 - 5948}: Tuple(Crystal::NumberLiteral, Crystal::ASTNode).class
{5949 - 5949}: Tuple(Crystal::ASTNode, Crystal::ASTNode, Crystal::BoolLiteral).class
{5950 - 5950}: Tuple(Crystal::TupleLiteral).class
{5951 - 5951}: Tuple(String, Crystal::SymbolLiteral, String, Crystal::EnumType, String).class
{5952 - 5952}: Tuple(String, String, String, Crystal::MacroLiteral | Crystal::OpAssign | Crystal::Unless | Crystal::Until | Crystal::When, String, Crystal::Location | Nil, String).class
{5953 - 5953}: Tuple(String, String, String, Crystal::ImplicitObj, String, Crystal::Location | Nil, String).class
{5954 - 5954}: Tuple(String, String, String, Crystal::When, String, Crystal::Location | Nil, String).class
{5955 - 5955}: Tuple(Hash::Entry(Crystal::Repl::Context::MultidispatchKey, Crystal::Def), Int32).class
{5956 - 5956}: Tuple(String, Crystal::Primitive, String, Crystal::Location | Nil, String).class
{5957 - 5957}: Tuple(String, Crystal::FloatType | Crystal::IntegerType, String, Crystal::Call, String).class
{5958 - 5958}: Tuple(String, Crystal::IntegerType, String, Crystal::Call, String).class
{5959 - 5959}: Tuple(Crystal::IntegerType).class
{5960 - 5960}: Tuple(String, Crystal::Type, String, Crystal::IntegerType, String, Crystal::Type.class, String, Crystal::IntegerType.class, String).class
{5961 - 5961}: Tuple(String, String, String, Crystal::IntegerType, String, Crystal::IntegerType).class
{5962 - 5962}: Tuple(String, String, String, Crystal::NumberKind).class
{5963 - 5963}: Tuple(Crystal::FloatType).class
{5964 - 5964}: Tuple(String, Crystal::Type, String, Crystal::FloatType, String, Crystal::Type.class, String, Crystal::FloatType.class, String).class
{5965 - 5965}: Tuple(Crystal::PointerInstanceType).class
{5966 - 5966}: Tuple(Crystal::VirtualMetaclassType).class
{5967 - 5967}: Tuple(String, Crystal::Type, String, Crystal::VirtualMetaclassType, String, Crystal::Type.class, String, Crystal::VirtualMetaclassType.class, String).class
{5968 - 5968}: Tuple(Hash::Entry(Crystal::Type, Array(Crystal::Repl::CompiledDef)), Int32).class
{5969 - 5969}: Tuple(String, Crystal::Type, String, Crystal::TupleInstanceType, String, Crystal::Type.class, String, Crystal::TupleInstanceType.class, String).class
{5970 - 5970}: Tuple(String, Crystal::Type, String, Crystal::NamedTupleInstanceType, String, Crystal::Type.class, String, Crystal::NamedTupleInstanceType.class, String).class
{5971 - 5971}: Tuple(Path).class
{5972 - 5972}: Tuple(String, OptionParser::FlagValue).class
{5973 - 5973}: Tuple(Hash::Entry(String, OptionParser::Handler), Int32).class
{5974 - 5974}: Tuple(String, Path).class
{5975 - 5975}: Tuple(String, Crystal::IntegerType, String, Crystal::IntegerType.class, String).class
{5976 - 5976}: Tuple(String, Crystal::FloatType, String, Crystal::FloatType.class, String).class
{5977 - 5977}: Tuple(String, Crystal::LibFFI::Status).class
{5978 - 5978}: Tuple(String, Crystal::FloatType, String, Crystal::Call, String).class
{5979 - 5979}: Tuple(Hash::Entry(Crystal::External, Crystal::Repl::LibFunction), Int32).class
{5980 - 5980}: Tuple(String, Crystal::FloatType | Crystal::IntegerType, String, Crystal::ASTNode, String).class
{5981 - 5981}: Tuple(Hash::Entry(Crystal::Def, Crystal::Repl::CompiledDef), Int32).class
{5982 - 5982}: Tuple(String, Crystal::Block, String, Crystal::Location | Nil, String).class
{5983 - 5983}: Tuple(Crystal::Block).class
{5984 - 5984}: Tuple(String, Crystal::NamedArgument.class).class
{5985 - 5985}: Tuple(String, Crystal::Block.class).class
{5986 - 5986}: Tuple(Crystal::Call, Crystal::TypeDeclarationProcessor).class
{5987 - 5987}: Tuple(String, Crystal::NilableCast, String, Crystal::Location | Nil, String).class
{5988 - 5988}: Tuple(String, Crystal::Out, String, Crystal::Location | Nil, String).class
{5989 - 5989}: Tuple(Crystal::Arg).class
{5990 - 5990}: Tuple(String, Crystal::ProcLiteral).class
{5991 - 5991}: Tuple(Crystal::Yield).class
{5992 - 5992}: Tuple(String, Crystal::AsmOperand.class).class
{5993 - 5993}: Tuple(String, Crystal::Arg.class).class
{5994 - 5994}: Tuple(String, Crystal::Rescue.class).class
{5995 - 5995}: Tuple(String, Crystal::When.class).class
{5996 - 5996}: Tuple(Hash::Entry(Int32, Crystal::ASTNode), Int32).class
{5997 - 5997}: Tuple(String, String, String, Int32, String, Int32, String, Crystal::Type, String, String, String).class
{5998 - 5998}: Tuple(String, Crystal::Location, String, Crystal::Type, String, String, String).class
{5999 - 5999}: Tuple(Colorize::Object(Int32)).class
{6000 - 6000}: Tuple(UInt8 | Nil, UInt8 | Nil).class
{6001 - 6001}: Tuple(String::Builder, Int32).class
{6002 - 6002}: Tuple(Pointer(UInt8), Int32).class
{6003 - 6003}: Tuple(Crystal::Repl::LocalVars).class
{6004 - 6004}: Tuple(Crystal::Repl::OpCode, Int32).class
{6005 - 6005}: Tuple(Int128, Int32).class
{6006 - 6006}: Tuple(Crystal::Repl::Compiler::FloatPredicate, Int32).class
{6007 - 6007}: Tuple(Crystal::Var, String, Int32).class
{6008 - 6008}: Tuple(Crystal::ASTNode, String, Int32).class
{6009 - 6009}: Tuple(Crystal::Repl::CompiledDef, Int32).class
{6010 - 6010}: Tuple(Crystal::Repl::CompiledBlock, Int32).class
{6011 - 6011}: Tuple(Crystal::Repl::LibFunction, Int32).class
{6012 - 6012}: Tuple(Crystal::FFI::CallInterface, Int32).class
{6013 - 6013}: Tuple(String, Crystal::IntegerType).class
{6014 - 6014}: Tuple(String, Crystal::FloatType).class
{6015 - 6015}: Tuple(Crystal::Repl::EscapingException).class
{6016 - 6016}: Tuple(Crystal::CodeError).class
{6017 - 6017}: Tuple(Hash::Entry(Tuple(UInt64, UInt64), Crystal::Repl::FFIClosureContext), Int32).class
{6018 - 6018}: Tuple(Hash::Entry(Pointer(Void), Crystal::Repl::CompiledDef), Int32).class
{6019 - 6019}: Tuple(UInt8, Bool).class
{6020 - 6020}: Tuple(Int16, Bool).class
{6021 - 6021}: Tuple(Int64, Bool).class
{6022 - 6022}: Tuple(String, String, Int32, String, Int32, String, Crystal::VirtualFile | String | Nil).class
{6023 - 6023}: Tuple(Crystal::Expressions).class
{6024 - 6024}: Tuple(String, Crystal::Expressions, String, Crystal::Location | Nil, String).class
{6025 - 6025}: Tuple(IO::FileDescriptor, IO::FileDescriptor).class
{6026 - 6026}: Tuple(Hash::Entry(Signal, Proc(Signal, Nil)), Int32).class
{6027 - 6027}: Tuple(String, Int64, String, Slice(UInt8)).class
{6028 - 6028}: Tuple(String, String, String, String, String, Int32, String, String, String).class
{6029 - 6029}: Tuple(Hash::Entry(String, Crystal::Program::CompiledMacroRun), Int32).class
{6030 - 6030}: Tuple(Path | Nil).class
{6031 - 6031}: Tuple(String, Int32 | Int64).class
{6032 - 6032}: Tuple(String, Int32 | Int64, String, Int32 | Int64, String).class
{6033 - 6033}: Tuple(Bool, Int32 | Int64).class
{6034 - 6034}: Tuple(Int32, Int32 | Int64).class
{6035 - 6035}: Tuple(String, Int32 | UInt64, String, Int32 | UInt64, String).class
{6036 - 6036}: Tuple(String, UInt64, String, Int32 | UInt64, String).class
{6037 - 6037}: Tuple(Bool, Int32 | UInt64).class
{6038 - 6038}: Tuple(Int32, Int32 | UInt64).class
{6039 - 6039}: Tuple(String, String, UNIXServer, String).class
{6040 - 6040}: Tuple(String, String, IPSocket, String).class
{6041 - 6041}: Tuple(String, JSON::Token).class
{6042 - 6042}: Tuple(String, JSON::Token::Kind).class
{6043 - 6043}: Tuple(String, JSON::PullParser::Kind, String, JSON::PullParser::Kind).class
{6044 - 6044}: Tuple(String, JSON::Builder::DocumentEndState.class | JSON::Builder::StartState.class).class
{6045 - 6045}: Tuple(String, (String | Nil).class, String, String).class
{6046 - 6046}: Tuple(String | Nil, String, Int32, String, Int32).class
{6047 - 6047}: Tuple(Crystal::Program::RequireWithTimestamp, String).class
{6048 - 6048}: Tuple(Tuple(Crystal::Program::RequireWithTimestamp, String), Tuple(Crystal::Program::RequireWithTimestamp, String)).class
{6049 - 6049}: Tuple(String, Tuple(Crystal::Program::RequireWithTimestamp, String), String, Tuple(Crystal::Program::RequireWithTimestamp, String), String).class
{6050 - 6050}: Tuple(String, String, String, Crystal::Type, String, Crystal::TypeParameter).class
{6051 - 6051}: Tuple(String, String, String, String, Crystal::Type, String, Crystal::Type, String, Crystal::TypeParameter).class
{6052 - 6052}: Tuple(String, Crystal::Type, String, Crystal::TypeParameter).class
{6053 - 6053}: Tuple(String, Time::DayOfWeek.class, String, Int32).class
{6054 - 6054}: Tuple(UInt32, String, UInt32, String, UInt32).class
{6055 - 6055}: Tuple(Hash::Entry(Tuple(LLVM::Module, String), LLVM::Type), Int32).class
{6056 - 6056}: Tuple(Hash::Entry(LLVM::Module, Crystal::CodeGenVisitor::DIBuilder), Int32).class
{6057 - 6057}: Tuple(String, Crystal::VirtualFile.class | Nil.class).class
{6058 - 6058}: Tuple(Hash::Entry(Tuple(String, String), LibLLVM::MetadataRef), Int32).class
{6059 - 6059}: Tuple(Hash::Entry(LLVM::Function, Array(Crystal::CodeGenVisitor::FunMetadata)), Int32).class
{6060 - 6060}: Tuple(LibLLVM::MetadataRef, LLVM::Context).class
{6061 - 6061}: Tuple(LLVM::BasicBlock, LLVM::BasicBlock).class
{6062 - 6062}: Tuple(LLVM::BasicBlock).class
{6063 - 6063}: Tuple(Hash::Entry(Crystal::CodeGenVisitor::StringKey, LLVM::Value), Int32).class
{6064 - 6064}: Tuple(Hash::Entry(Crystal::Type, Tuple(Int32, Int32)), Int32).class
{6065 - 6065}: Tuple(String, Crystal::VirtualMetaclassType | Crystal::VirtualType, String, Crystal::Type.class, String).class
{6066 - 6066}: Tuple(Crystal::PrimitiveType).class
{6067 - 6067}: Tuple(String, Crystal::PrimitiveType).class
{6068 - 6068}: Tuple(Hash::Entry(Crystal::Type, Crystal::CodeGenVisitor::ModuleInfo), Int32).class
{6069 - 6069}: Tuple(Hash::Entry(String, Crystal::CodeGenVisitor::ModuleInfo), Int32).class
{6070 - 6070}: Tuple(LLVM::ABI::ArgType, Int32, Int32).class
{6071 - 6071}: Tuple(String, LLVM::Type::Kind).class
{6072 - 6072}: Tuple(LLVM::Type::Kind, LLVM::Type::Kind).class
{6073 - 6073}: Tuple(String, LLVM::ABI::X86_64::RegClass).class
{6074 - 6074}: Tuple(LLVM::ABI::X86_64::RegClass, LLVM::ABI::X86_64::RegClass, LLVM::ABI::X86_64::RegClass).class
{6075 - 6075}: Tuple(LLVM::Type, UInt64).class
{6076 - 6076}: Tuple(Hash::Entry(LLVM::Attribute, UInt32), Int32).class
{6077 - 6077}: Tuple(Hash::Entry(LLVM::Module, Hash(Crystal::Type, LibLLVM::MetadataRef | Nil)), Int32).class
{6078 - 6078}: Tuple(Hash::Entry(Crystal::Type, LibLLVM::MetadataRef | Nil), Int32).class
{6079 - 6079}: Tuple(Crystal::GenericClassInstanceType | Crystal::GenericClassType | Crystal::GenericModuleInstanceType | Crystal::GenericModuleType | Crystal::NonGenericClassType | Crystal::NonGenericModuleType | Crystal::VirtualType).class
{6080 - 6080}: Tuple(Crystal::NilableReferenceUnionType | Crystal::ReferenceUnionType).class
{6081 - 6081}: Tuple(String, Crystal::UnionType).class
{6082 - 6082}: Tuple(String, LLVM::Type, String, LLVM::Type::Kind, String).class
{6083 - 6083}: Tuple(LLVM::Type, LLVM::Value, LLVM::Value, LLVM::Value, String).class
{6084 - 6084}: Tuple(LLVM::Type, LLVM::Value, String).class
{6085 - 6085}: Tuple(LLVM::Type, LLVM::Value).class
{6086 - 6086}: Tuple(Hash::Entry(String, Crystal::CodeGenVisitor::LLVMVar), Int32).class
{6087 - 6087}: Tuple(LLVM::Type, String).class
{6088 - 6088}: Tuple(Hash::Entry(LLVM::Module, Hash(Crystal::VirtualFile | String | Nil, LibLLVM::MetadataRef)), Int32).class
{6089 - 6089}: Tuple(Hash::Entry(Crystal::VirtualFile | String | Nil, LibLLVM::MetadataRef), Int32).class
{6090 - 6090}: Tuple(LLVM::Type, LLVM::Function, Array(LLVM::Value)).class
{6091 - 6091}: Tuple(LLVM::Value, LLVM::Value).class
{6092 - 6092}: Tuple(Crystal::NilableType).class
{6093 - 6093}: Tuple(Crystal::NilableProcType).class
{6094 - 6094}: Tuple(String, Crystal::Type, String, Crystal::Type.class, String, Crystal::NilType, String, Crystal::NilType.class, String).class
{6095 - 6095}: Tuple(LLVM::Value, LLVM::Type).class
{6096 - 6096}: Tuple(String, Crystal::Type, String, Crystal::Type.class, String, Crystal::NilableProcType, String, Crystal::NilableProcType.class, String).class
{6097 - 6097}: Tuple(LLVM::IntPredicate, LLVM::Value, LLVM::Value).class
{6098 - 6098}: Tuple(LLVM::Value, LLVM::BasicBlock, LLVM::BasicBlock).class
{6099 - 6099}: Tuple(String, Crystal::NilableProcType, String, Crystal::NilableProcType.class, String, Crystal::Type, String, Crystal::Type.class, String).class
{6100 - 6100}: Tuple(LLVM::Value, LLVM::Value, LLVM::Value).class
{6101 - 6101}: Tuple(LLVM::BasicBlock, LLVM::BasicBlock, LLVM::BasicBlock).class
{6102 - 6102}: Tuple(LLVM::Type, LLVM::PhiTable).class
{6103 - 6103}: Tuple(LLVM::Value, Int32).class
{6104 - 6104}: Tuple(Crystal::ProcInstanceType).class
{6105 - 6105}: Tuple(String, Crystal::Type, String, Crystal::Type.class, String, Crystal::Type, String, Crystal::Type.class, String).class
{6106 - 6106}: Tuple(String, Crystal::Type, String, Crystal::Type.class, String, Crystal::GenericClassInstanceType, String, Crystal::GenericClassInstanceType.class, String).class
{6107 - 6107}: Tuple(String, Array(LLVM::Value)).class
{6108 - 6108}: Tuple(String, String, String, String, String, String, String, Int32, String, String, String).class
{6109 - 6109}: Tuple(String, Crystal::Type, String, Crystal::Type.class, String, Crystal::MixedUnionType, String, Crystal::MixedUnionType.class, String).class
{6110 - 6110}: Tuple(String, Crystal::GenericClassInstanceType, String, Crystal::GenericClassInstanceType.class, String, Crystal::Type, String, Crystal::Type.class, String).class
{6111 - 6111}: Tuple(Crystal::IntegerType, LLVM::Value, LLVM::Value).class
{6112 - 6112}: Tuple(LLVM::Type, LLVM::Function, Array(LLVM::Value), LLVM::BasicBlock, LLVM::BasicBlock).class
{6113 - 6113}: Tuple(Float32, Float32).class
{6114 - 6114}: Tuple(Float64, Float64).class
{6115 - 6115}: Tuple(Float32 | Float64, Float32 | Float64).class
{6116 - 6116}: Tuple(LLVM::RealPredicate, LLVM::Value, LLVM::Value).class
{6117 - 6117}: Tuple(Crystal::Type, LLVM::Value).class
{6118 - 6118}: Tuple(String, Crystal::ClassVar, String, Crystal::Location | Nil, String).class
{6119 - 6119}: Tuple(String, Crystal::PointerOf).class
{6120 - 6120}: Tuple(String, Crystal::Type, String, String, String, Int32).class
{6121 - 6121}: Tuple(String, Crystal::BoolType, String, String, String, Crystal::BoolType).class
{6122 - 6122}: Tuple(String, Crystal::CharType, String, String, String, Crystal::CharType).class
{6123 - 6123}: Tuple(String, Crystal::SymbolType, String, String, String, Crystal::SymbolType).class
{6124 - 6124}: Tuple(Crystal::IntegerType, Crystal::IntegerType).class
{6125 - 6125}: Tuple(String, String, String, Int32).class
{6126 - 6126}: Tuple(String, Crystal::IntegerType, String, String, String, Crystal::IntegerType).class
{6127 - 6127}: Tuple(String, Crystal::FloatType, String, String, String, Crystal::FloatType).class
{6128 - 6128}: Tuple(LLVM::Type, LLVM::Value, LLVM::Value, String).class
{6129 - 6129}: Tuple(String, Crystal::UnionType | Crystal::VirtualMetaclassType | Crystal::VirtualType, String).class
{6130 - 6130}: Tuple(Crystal::ASTNode, Crystal::Arg).class
{6131 - 6131}: Tuple(String, Crystal::BoolLiteral, String, Crystal::Location | Nil, String).class
{6132 - 6132}: Tuple(String, Crystal::CharLiteral, String, Crystal::Location | Nil, String).class
{6133 - 6133}: Tuple(String, Crystal::NilLiteral, String, Crystal::Location | Nil, String).class
{6134 - 6134}: Tuple(String, Crystal::Nop, String, Crystal::Location | Nil, String).class
{6135 - 6135}: Tuple(String, Crystal::StringLiteral, String, Crystal::Location | Nil, String).class
{6136 - 6136}: Tuple(String, Crystal::InstanceVar, String, Crystal::Location | Nil, String).class
{6137 - 6137}: Tuple(Tuple(Int32, Int32), Int32).class
{6138 - 6138}: Tuple(Tuple(Tuple(Int32, Int32), Int32), Tuple(Tuple(Int32, Int32), Int32)).class
{6139 - 6139}: Tuple(String, Tuple(Tuple(Int32, Int32), Int32), String, Tuple(Tuple(Int32, Int32), Int32), String).class
{6140 - 6140}: Tuple(Hash(LLVM::Value, LLVM::BasicBlock), LLVM::Value).class
{6141 - 6141}: Tuple(LLVM::Value, LLVM::BasicBlock).class
{6142 - 6142}: Tuple(LLVM::Value, LLVM::BasicBlock, Hash(LLVM::Value, LLVM::BasicBlock)).class
{6143 - 6143}: Tuple(LLVM::Value, LLVM::Type, Array(LLVM::Value)).class
{6144 - 6144}: Tuple(LLVM::Value, LLVM::Value, LLVM::Value, LLVM::AtomicOrdering, LLVM::AtomicOrdering).class
{6145 - 6145}: Tuple(LLVM::AtomicRMWBinOp, LLVM::Value, LLVM::Value, LLVM::AtomicOrdering, Bool).class
{6146 - 6146}: Tuple(LLVM::AtomicOrdering, Bool).class
{6147 - 6147}: Tuple(String, Crystal::ProcLiteral, String, Crystal::Location | Nil, String).class
{6148 - 6148}: Tuple(LLVM::Function, LLVM::Value).class
{6149 - 6149}: Tuple(String, Crystal::ProcPointer, String, Crystal::Location | Nil, String).class
{6150 - 6150}: Tuple(Hash::Entry(Crystal::ASTNode, Crystal::CodeGenVisitor::Handler), Int32).class
{6151 - 6151}: Tuple(String, Crystal::Var).class
{6152 - 6152}: Tuple(LLVM::Value).class
{6153 - 6153}: Tuple(String, Crystal::UninitializedVar, String, Crystal::Location | Nil, String).class
{6154 - 6154}: Tuple(String, Crystal::Cast, String, Crystal::Location | Nil, String).class
{6155 - 6155}: Tuple(String, Crystal::Location | Nil, String, Int32).class
{6156 - 6156}: Tuple(String, Crystal::Yield, String, Crystal::Location | Nil, String).class
{6157 - 6157}: Tuple(LLVM::Value, Crystal::Type).class
{6158 - 6158}: Tuple(String, Crystal::AlignOf | Crystal::And | Crystal::ArrayLiteral | Crystal::Case | Crystal::Global | Crystal::HashLiteral | Crystal::InstanceAlignOf | Crystal::InstanceSizeOf | Crystal::MacroExpression | Crystal::MacroFor | Crystal::MacroIf | Crystal::MacroVerbatim | Crystal::MultiAssign | Crystal::OffsetOf | Crystal::Or | Crystal::RangeLiteral | Crystal::RegexLiteral | Crystal::Require | Crystal::Select | Crystal::SizeOf | Crystal::StringInterpolation, String, Crystal::ASTNode.class, String, Crystal::Location | Nil, String).class
{6159 - 6159}: Tuple(LLVM::Value, LLVM::BasicBlock, Int32).class
{6160 - 6160}: Tuple(LLVM::Value, Array(LLVM::Value)).class
{6161 - 6161}: Tuple(String, Crystal::Rescue, String, Crystal::Location | Nil, String).class
{6162 - 6162}: Tuple(Crystal::NoReturnType).class
{6163 - 6163}: Tuple(String, Crystal::PointerOf, String, Crystal::Location | Nil, String).class
{6164 - 6164}: Tuple(String, Crystal::ReadInstanceVar, String, Crystal::Location | Nil, String).class
{6165 - 6165}: Tuple(String, Crystal::Type, String, Crystal::Type.class, String, Crystal::UnionType, String, Crystal::UnionType.class, String).class
{6166 - 6166}: Tuple(String, Crystal::EnumType, String, String).class
{6167 - 6167}: Tuple(Tuple(Crystal::Type, Tuple(Int32, Int32)), Tuple(Int32, Int32)).class
{6168 - 6168}: Tuple(Crystal::Type | Int32, Int32 | Tuple(Int32, Int32)).class
{6169 - 6169}: Tuple(Tuple(Tuple(Crystal::Type, Tuple(Int32, Int32)), Tuple(Int32, Int32)), Tuple(Tuple(Crystal::Type, Tuple(Int32, Int32)), Tuple(Int32, Int32))).class
{6170 - 6170}: Tuple(String, Tuple(Tuple(Crystal::Type, Tuple(Int32, Int32)), Tuple(Int32, Int32)), String, Tuple(Tuple(Crystal::Type, Tuple(Int32, Int32)), Tuple(Int32, Int32)), String).class
{6171 - 6171}: Tuple(String, String, Int32, String, Int32, String, String).class
{6172 - 6172}: Tuple(Crystal::Codegen::Target, String, String | Nil, String, String | Nil, String, String | Nil, String, LLVM::CodeModel).class
{6173 - 6173}: Tuple(String, Crystal::Compiler::OptimizationMode, String).class
{6174 - 6174}: Tuple(IO::Memory, IO::FileDescriptor).class
{6175 - 6175}: Tuple(String, String, String, IO::Memory).class
{6176 - 6176}: Tuple(String, String, String, Exception).class
{6177 - 6177}: Tuple(String, String, Nil).class
{6178 - 6178}: Tuple(String, String, Array(String)).class
{6179 - 6179}: Tuple(String, String, String, String, String, String, String, String, String).class
{6180 - 6180}: Tuple(String, String, Array(String) | Nil).class
{6181 - 6181}: Tuple(Int32, IO::FileDescriptor, IO::FileDescriptor).class
{6182 - 6182}: Tuple(Int32, IO::FileDescriptor, IO::FileDescriptor).class
{6183 - 6183}: Tuple(Channel::DeliveryState, Nil).class
{6184 - 6184}: Tuple(Channel::DeliveryState, Channel::UseDefault | Nil).class
{6185 - 6185}: Tuple(Channel::DeliveryState, String).class
{6186 - 6186}: Tuple(Channel::DeliveryState, Channel::UseDefault | String).class
{6187 - 6187}: Tuple(String, JSON::Token, String).class
{6188 - 6188}: Tuple(Hash::Entry(String, JSON::Any), Int32).class
{6189 - 6189}: Tuple(String, Array(JSON::Any).class | Bool.class | Float64.class | Int64.class | Nil.class | String.class).class
{6190 - 6190}: Tuple(JSON::Any).class
{6191 - 6191}: Tuple(String, Colorize::Object(String)).class
{6192 - 6192}: Tuple(String, Int32, String, Int32).class
{6193 - 6193}: Tuple(String, Process::Status, String, String).class
{6194 - 6194}: Tuple(String, Time).class
{6195 - 6195}: Tuple(Tuple(String, Time), Tuple(String, Time)).class
{6196 - 6196}: Tuple(String, Tuple(String, Time), String, Tuple(String, Time), String).class
{6197 - 6197}: Tuple(String, Time::Span, String).class
{6198 - 6198}: Tuple(Time::Span).class
{6199 - 6199}: Tuple(String, Process::Status, String, String, String).class
{6200 - 6200}: Tuple(Hash::Entry(Crystal::MacroInterpreter::MacroVarKey, String), Int32).class
{6201 - 6201}: Tuple(String, String, String, Crystal::Type, String, String, String).class
{6202 - 6202}: Tuple(String, String, String, String, String, Int32, String, Range(Int32, Int32), String).class
{6203 - 6203}: Tuple(Hash(Int32 | String, String | Nil), Int32 | String).class
{6204 - 6204}: Tuple(Int32 | String, String | Nil).class
{6205 - 6205}: Tuple(Hash(Int32, String), Int32).class
{6206 - 6206}: Tuple(Hash::Entry(Int32, String), Int32).class
{6207 - 6207}: Tuple(Hash::Entry(Int32 | String, String | Nil), Int32).class
{6208 - 6208}: Tuple(Char, Bool).class
{6209 - 6209}: Tuple(Crystal::AnnotationType).class
{6210 - 6210}: Tuple(String, Crystal::Generic | Crystal::Metaclass | Crystal::ProcNotation, String, String).class
{6211 - 6211}: Tuple(String, Crystal::ASTNode, String, String, String).class
{6212 - 6212}: Tuple(String, Crystal::ASTNode, String, Crystal::ASTNode).class
{6213 - 6213}: Tuple(String, Crystal::ASTNode, String, Crystal::ASTNode, String).class
{6214 - 6214}: Tuple(Crystal::ASTNode, InterpretCompareWrapper).class
{6215 - 6215}: Tuple(Tuple(Crystal::ASTNode, InterpretCompareWrapper), Tuple(Crystal::ASTNode, InterpretCompareWrapper)).class
{6216 - 6216}: Tuple(String, Tuple(Crystal::ASTNode, InterpretCompareWrapper), String, Tuple(Crystal::ASTNode, InterpretCompareWrapper), String).class
{6217 - 6217}: Tuple(String, Crystal::TupleLiteral.class, String, String, String, Crystal::ASTNode).class
{6218 - 6218}: Tuple(String, String, Crystal::ASTNode).class
{6219 - 6219}: Tuple(Crystal::ASTNode, String, Crystal::ASTNode).class
{6220 - 6220}: Tuple(String, Crystal::ArrayLiteral.class, String, String, String, Crystal::ASTNode).class
{6221 - 6221}: Tuple(String, Crystal::NumberLiteral).class
{6222 - 6222}: Tuple(String, String, String, Crystal::NumberLiteral).class
{6223 - 6223}: Tuple(Hash::Entry(String, Crystal::MacroType), Int32).class
{6224 - 6224}: Tuple(Array(Crystal::MacroType), Crystal::MacroType | Nil).class
{6225 - 6225}: Tuple(Nil, Crystal::MacroType | Nil).class
{6226 - 6226}: Tuple(Array(Crystal::MacroType) | Nil, Crystal::MacroType | Nil).class
{6227 - 6227}: Tuple(Hash(Crystal::MacroType, Crystal::MacroType), Crystal::MacroType).class
{6228 - 6228}: Tuple(Crystal::MacroType, Crystal::MacroType).class
{6229 - 6229}: Tuple(Hash::Entry(Crystal::MacroType, Crystal::MacroType), Int32).class
{6230 - 6230}: Tuple(String, Crystal::Type, String, Crystal::Type, String).class
{6231 - 6231}: Tuple(String, Crystal::NonGenericClassType, String, String, String, Crystal::NonGenericClassType, String).class
{6232 - 6232}: Tuple(String, Int128.class | Int16.class | Int32.class | Int64.class | Int8.class | UInt128.class | UInt16.class | UInt32.class | UInt64.class | UInt8.class).class
{6233 - 6233}: Tuple(String, Crystal::Generic).class
{6234 - 6234}: Tuple(String, String, String, Crystal::GenericClassType | Crystal::GenericModuleType, String, Int32, String, String, String).class
{6235 - 6235}: Tuple(String, String, String, Crystal::GenericClassType | Crystal::GenericModuleType, String, Int32, String, Int32, String).class
{6236 - 6236}: Tuple(String, Crystal::AlignOf | Crystal::InstanceAlignOf | Crystal::InstanceSizeOf | Crystal::OffsetOf | Crystal::SizeOf, String).class
{6237 - 6237}: Tuple(String, Crystal::AliasType).class
{6238 - 6238}: Tuple(String, Crystal::DoubleSplat, String, Crystal::Location | Nil, String).class
{6239 - 6239}: Tuple(Int32, Crystal::NamedArgument).class
{6240 - 6240}: Tuple(Tuple(Int32, Crystal::NamedArgument), Int32).class
{6241 - 6241}: Tuple(Tuple(Tuple(Int32, Crystal::NamedArgument), Int32), Tuple(Tuple(Int32, Crystal::NamedArgument), Int32)).class
{6242 - 6242}: Tuple(String, Tuple(Tuple(Int32, Crystal::NamedArgument), Int32), String, Tuple(Tuple(Int32, Crystal::NamedArgument), Int32), String).class
{6243 - 6243}: Tuple(Crystal::LibType, String, String).class
{6244 - 6244}: Tuple(String, String, String, String, String, Crystal::Type, String, Crystal::Type).class
{6245 - 6245}: Tuple(String, String, String, String, String, Crystal::Type, String, Crystal::Type, String, Crystal::Type, String, Crystal::Type, String).class
{6246 - 6246}: Tuple(String, Int32, String, String, String, Crystal::Type, String).class
{6247 - 6247}: Tuple(String, Crystal::UnionType, String).class
{6248 - 6248}: Tuple(Crystal::CallSignature, Crystal::FileModule, Crystal::Type, Array(Crystal::Match) | Nil).class
{6249 - 6249}: Tuple(Crystal::CallSignature, Crystal::Program, Crystal::Type, Array(Crystal::Match) | Nil).class
{6250 - 6250}: Tuple(String, Array(Crystal::Arg), Nil).class
{6251 - 6251}: Tuple(Crystal::CallSignature, Crystal::ModuleType, Crystal::Type, Array(Crystal::Match) | Nil).class
{6252 - 6252}: Tuple(Crystal::CallSignature, Crystal::Call).class
{6253 - 6253}: Tuple(Crystal::CallSignature, Crystal::GenericClassType, Crystal::Type, Array(Crystal::Match) | Nil).class
{6254 - 6254}: Tuple(Crystal::CallSignature, Crystal::GenericModuleType, Crystal::Type, Array(Crystal::Match) | Nil).class
{6255 - 6255}: Tuple(String, Int32, Crystal::Block | Nil).class
{6256 - 6256}: Tuple(String, Crystal::Type | Nil, String, String, String).class
{6257 - 6257}: Tuple(Array(Crystal::Call::ArgumentsAlreadySpecified | Crystal::Call::ArgumentsTypeMismatch | Crystal::Call::BlockMismatch | Crystal::Call::ExtraNamedArguments | Crystal::Call::MissingNamedArguments | Crystal::Call::WrongNumberOfArguments | Nil), Crystal::Call::ArgumentsAlreadySpecified | Crystal::Call::ArgumentsTypeMismatch | Crystal::Call::BlockMismatch | Crystal::Call::ExtraNamedArguments | Crystal::Call::MissingNamedArguments | Crystal::Call::WrongNumberOfArguments | Nil).class
{6258 - 6258}: Tuple(Nil, Crystal::Call::ArgumentsAlreadySpecified | Crystal::Call::ArgumentsTypeMismatch | Crystal::Call::BlockMismatch | Crystal::Call::ExtraNamedArguments | Crystal::Call::MissingNamedArguments | Crystal::Call::WrongNumberOfArguments | Nil).class
{6259 - 6259}: Tuple(Array(Crystal::Call::ArgumentsAlreadySpecified | Crystal::Call::ArgumentsTypeMismatch | Crystal::Call::BlockMismatch | Crystal::Call::ExtraNamedArguments | Crystal::Call::MissingNamedArguments | Crystal::Call::WrongNumberOfArguments | Nil) | Nil, Crystal::Call::ArgumentsAlreadySpecified | Crystal::Call::ArgumentsTypeMismatch | Crystal::Call::BlockMismatch | Crystal::Call::ExtraNamedArguments | Crystal::Call::MissingNamedArguments | Crystal::Call::WrongNumberOfArguments | Nil).class
{6260 - 6260}: Tuple(Array(Int32), Int32 | Nil).class
{6261 - 6261}: Tuple(Nil, Int32 | Nil).class
{6262 - 6262}: Tuple(Array(Int32) | Nil, Int32 | Nil).class
{6263 - 6263}: Tuple(Hash::Entry(Int32, Int32), Int32).class
{6264 - 6264}: Tuple(Array(Crystal::Call::ArgumentTypeMismatch), Crystal::Call::ArgumentTypeMismatch | Nil).class
{6265 - 6265}: Tuple(Nil, Crystal::Call::ArgumentTypeMismatch | Nil).class
{6266 - 6266}: Tuple(Array(Crystal::Call::ArgumentTypeMismatch) | Nil, Crystal::Call::ArgumentTypeMismatch | Nil).class
{6267 - 6267}: Tuple(Array(Crystal::ASTNode | Crystal::Type), Crystal::ASTNode | Crystal::Type | Nil).class
{6268 - 6268}: Tuple(Nil, Crystal::ASTNode | Crystal::Type | Nil).class
{6269 - 6269}: Tuple(Array(Crystal::ASTNode | Crystal::Type) | Nil, Crystal::ASTNode | Crystal::Type | Nil).class
{6270 - 6270}: Tuple(Hash(Crystal::ASTNode | Crystal::Type, Crystal::ASTNode | Crystal::Type), Crystal::ASTNode | Crystal::Type).class
{6271 - 6271}: Tuple(Crystal::ASTNode | Crystal::Type, Crystal::ASTNode | Crystal::Type).class
{6272 - 6272}: Tuple(Hash::Entry(Crystal::ASTNode | Crystal::Type, Crystal::ASTNode | Crystal::Type), Int32).class
{6273 - 6273}: Tuple(Hash(Crystal::ASTNode | Crystal::Type, Nil), Crystal::ASTNode | Crystal::Type).class
{6274 - 6274}: Tuple(Crystal::ASTNode | Crystal::Type, Nil).class
{6275 - 6275}: Tuple(Crystal::ASTNode | Crystal::Type, String).class
{6276 - 6276}: Tuple(Tuple(Crystal::ASTNode | Crystal::Type, String), Tuple(Crystal::ASTNode | Crystal::Type, String)).class
{6277 - 6277}: Tuple(String, Tuple(Crystal::ASTNode | Crystal::Type, String), String, Tuple(Crystal::ASTNode | Crystal::Type, String), String).class
{6278 - 6278}: Tuple(String, String, String, String, String, Crystal::EnumType, String).class
{6279 - 6279}: Tuple(Array(Int32 | String), Int32 | String | Nil).class
{6280 - 6280}: Tuple(Nil, Int32 | String | Nil).class
{6281 - 6281}: Tuple(Array(Int32 | String) | Nil, Int32 | String | Nil).class
{6282 - 6282}: Tuple(Hash(Int32 | String, Int32 | String), Int32 | String).class
{6283 - 6283}: Tuple(Int32 | String, Int32 | String).class
{6284 - 6284}: Tuple(Hash::Entry(Int32 | String, Int32 | String), Int32).class
{6285 - 6285}: Tuple(BitArray, Array(Array(Crystal::Type) | Crystal::Type | Nil)).class
{6286 - 6286}: Tuple(Array(Array(String)), Array(String) | Nil).class
{6287 - 6287}: Tuple(Nil, Array(String) | Nil).class
{6288 - 6288}: Tuple(Array(Array(String)) | Nil, Array(String) | Nil).class
{6289 - 6289}: Tuple(Hash(Array(String), Array(String)), Array(String)).class
{6290 - 6290}: Tuple(Hash::Entry(Array(String), Array(String)), Int32).class
{6291 - 6291}: Tuple(String, String, Crystal::Type).class
{6292 - 6292}: Tuple(String, Crystal::ProcType, String).class
{6293 - 6293}: Tuple(String, Crystal::ASTNode | Crystal::Type, String, Crystal::Type).class
{6294 - 6294}: Tuple(String, String, String, Crystal::Type, String, Crystal::VoidType).class
{6295 - 6295}: Tuple(String, String, String, String, Crystal::Type, String, Crystal::Type, String, Crystal::VoidType).class
{6296 - 6296}: Tuple(String, Crystal::Type, String, Crystal::VoidType).class
{6297 - 6297}: Tuple(Array(Crystal::Var) | Nil, Crystal::Type | Nil).class
{6298 - 6298}: Tuple(Hash::Entry(Crystal::DefInstanceKey, Crystal::Def), Int32).class
{6299 - 6299}: Tuple(Crystal::Def, Hash(String, Crystal::MetaVar)).class
{6300 - 6300}: Tuple(Hash::Entry(Crystal::Def, Array(Crystal::Type)), Int32).class
{6301 - 6301}: Tuple(String, String, String, Crystal::Program, String).class
{6302 - 6302}: Tuple(String, String, String, Crystal::Program).class
{6303 - 6303}: Tuple(String, String, String, Crystal::Program, String, String, String, String, String).class
{6304 - 6304}: Tuple(Array(Crystal::Call), Crystal::Call | Nil).class
{6305 - 6305}: Tuple(Nil, Crystal::Call | Nil).class
{6306 - 6306}: Tuple(Array(Crystal::Call) | Nil, Crystal::Call | Nil).class
{6307 - 6307}: Tuple(String, Crystal::GenericModuleType, String).class
{6308 - 6308}: Tuple(String, Crystal::NumberLiteral, String).class
{6309 - 6309}: Tuple(String, Crystal::TupleInstanceType, String, Crystal::NumberLiteral, String, Int32, String, Int32, String).class
{6310 - 6310}: Tuple(Hash::Entry(Int32 | Range(Int32, Int32), Crystal::Def), Int32).class
{6311 - 6311}: Tuple(String, Crystal::Type, String, Crystal::NumberLiteral, String, Int32, String, Int32, String).class
{6312 - 6312}: Tuple(Hash::Entry(Int32, Crystal::Def), Int32).class
{6313 - 6313}: Tuple(String, String, String, Crystal::NamedTupleInstanceType).class
{6314 - 6314}: Tuple(String, Crystal::Block | Nil).class
{6315 - 6315}: Tuple(Crystal::GenericClassType | Crystal::GenericModuleInstanceType | Crystal::NonGenericModuleType).class
{6316 - 6316}: Tuple(String, String, String, Crystal::Path, String, String, String, Crystal::Type, String).class
{6317 - 6317}: Tuple(String, Crystal::ClassType, String, Crystal::Type, String, Crystal::Type | Nil, String).class
{6318 - 6318}: Tuple(Hash(Crystal::ASTNode, Crystal::ASTNode), Crystal::ASTNode).class
{6319 - 6319}: Tuple(Hash::Entry(Crystal::ASTNode, Crystal::ASTNode), Int32).class
{6320 - 6320}: Tuple(Crystal::GenericClassType | Crystal::GenericModuleType).class
{6321 - 6321}: Tuple(Int32, Pointer(Void)).class
{6322 - 6322}: Tuple(String, String, Int32, Int32).class
{6323 - 6323}: Tuple(Pointer(UInt8), Int64, Pointer(UInt8)).class
{6324 - 6324}: Tuple(String, Signal).class
{6325 - 6325}: Tuple(UInt8).class
{6326 - 6326}: Tuple(Channel::DeliveryState, Tuple(Log::Entry, Log::Backend)).class
{6327 - 6327}: Tuple(Channel::DeliveryState, Channel::UseDefault | Tuple(Log::Entry, Log::Backend)).class
{6328 - 6328}: Tuple(String, Log::Severity, String, Log::Severity, String).class
{6329 - 6329}: Tuple(Bool, Log::Severity).class
{6330 - 6330}: Tuple(String, Log::Severity.class, String, String).class
{6331 - 6331}: Tuple(OptionParser).class
{6332 - 6332}: Tuple(String, String, OptionParser, String).class
{6333 - 6333}: Tuple(Array(Crystal::Init::View), Array(Crystal::Init::View)).class
{6334 - 6334}: Tuple(IO::FileDescriptor | Process::Redirect, IO::FileDescriptor).class
{6335 - 6335}: Tuple(UInt8, Int32, Int32).class
{6336 - 6336}: Tuple(Nil, UInt8).class
{6337 - 6337}: Tuple(Hash::Entry(String, NamedTuple(time: Time, location: Time::Location)), Int32).class
{6338 - 6338}: Tuple(Int16, Int32).class
{6339 - 6339}: Tuple(String, Int16 | Int32).class
{6340 - 6340}: Tuple(Int16 | Int32, Int32).class
{6341 - 6341}: Tuple(String, Int16 | Int32, String, Int16 | Int32, String).class
{6342 - 6342}: Tuple(Bool, Int16 | Int32).class
{6343 - 6343}: Tuple(Int32, Int16 | Int32).class
{6344 - 6344}: Tuple(String, Int16).class
{6345 - 6345}: Tuple(String, Int16, String, Int16 | Int32, String).class
{6346 - 6346}: Tuple(String, Colorize::Object(String), String, Path).class
{6347 - 6347}: Tuple(String, Colorize::Object(String), String, String, String, Colorize::Object(String)).class
{6348 - 6348}: Tuple(String, Crystal::Init::Error).class
{6349 - 6349}: Tuple(String, String | Nil, String, String).class
{6350 - 6350}: Tuple(Hash::Entry(String, WeakRef(Log)), Int32).class
{6351 - 6351}: Tuple(String, String, Int32, String, Int32, String).class
{6352 - 6352}: Tuple(Hash::Entry(Int32, Crystal::Playground::Session), Int32).class
{6353 - 6353}: Tuple(String, String | Nil, String, Int32).class
{6354 - 6354}: Tuple(String, Int32, String, Int32, String, String).class
{6355 - 6355}: Tuple(String, String | Nil, String, Int32, String, Int32, String, Int32, String, Int32, String).class
{6356 - 6356}: Tuple(String, Int32, String, String, String).class
{6357 - 6357}: Tuple(String, Int32, String, Int32, String, String, String).class
{6358 - 6358}: Tuple(String, Char, String, Char, String).class
{6359 - 6359}: Tuple(String, String, TCPServer, String).class
{6360 - 6360}: Tuple(String, Socket::Type, String, Socket::Protocol, String).class
{6361 - 6361}: Tuple(String, Int32 | String, String, Socket::Type).class
{6362 - 6362}: Tuple(String, Socket::Family.class, String, Int32).class
{6363 - 6363}: Tuple(String, Socket::Type.class, String, Int32).class
{6364 - 6364}: Tuple(String, Socket::Protocol.class, String, Int32).class
{6365 - 6365}: Tuple(String, String, String | Nil).class
{6366 - 6366}: Tuple(String, Socket::Family, String, UInt8, String).class
{6367 - 6367}: Tuple(String, Socket::IPAddress).class
{6368 - 6368}: Tuple(String, String, TCPSocket, String).class
{6369 - 6369}: Tuple(String, String, UNIXSocket, String).class
{6370 - 6370}: Tuple(Char, Char, Char, Char, Char, Char, Char, Char, Char, Char, Char, Char, Char, Char, Char).class
{6371 - 6371}: Tuple(String, Char, String, Int32).class
{6372 - 6372}: Tuple(Hash(String, Hash(String, String)), String).class
{6373 - 6373}: Tuple(String, Hash(String, String)).class
{6374 - 6374}: Tuple(String, Char, String, Int32, String).class
{6375 - 6375}: Tuple(Char::Reader, String).class
{6376 - 6376}: Tuple(Hash::Entry(String, Hash(String, String)), Int32).class
{6377 - 6377}: Tuple(Hash::Entry(String, Array(String)), Int32).class
{6378 - 6378}: Tuple(Int32, String | Nil, Crystal::System::Dir::Entry | Nil).class
{6379 - 6379}: Tuple(Int32, Nil, Nil).class
{6380 - 6380}: Tuple(Int32, String, Nil).class
{6381 - 6381}: Tuple(Int32, String, Crystal::System::Dir::Entry).class
{6382 - 6382}: Tuple(Int32, String | Nil, Nil).class
{6383 - 6383}: Tuple(Hash(Markd::Node::Type, Markd::Rule::BlockQuote | Markd::Rule::CodeBlock | Markd::Rule::Document | Markd::Rule::HTMLBlock | Markd::Rule::Heading | Markd::Rule::Item | Markd::Rule::List | Markd::Rule::Paragraph | Markd::Rule::ThematicBreak), Markd::Node::Type).class
{6384 - 6384}: Tuple(Markd::Node::Type, Markd::Rule::BlockQuote | Markd::Rule::CodeBlock | Markd::Rule::Document | Markd::Rule::HTMLBlock | Markd::Rule::Heading | Markd::Rule::Item | Markd::Rule::List | Markd::Rule::Paragraph | Markd::Rule::ThematicBreak).class
{6385 - 6385}: Tuple(Hash::Entry(Markd::Node::Type, Markd::Rule::BlockQuote | Markd::Rule::CodeBlock | Markd::Rule::Document | Markd::Rule::HTMLBlock | Markd::Rule::Heading | Markd::Rule::Item | Markd::Rule::List | Markd::Rule::Paragraph | Markd::Rule::ThematicBreak), Int32).class
{6386 - 6386}: Tuple(Markd::Node::Type, Markd::Node::Type).class
{6387 - 6387}: Tuple(Hash::Entry(String, Hash(String, String) | String), Int32).class
{6388 - 6388}: Tuple(Hash::Entry(String, Bool | Int32 | String), Int32).class
{6389 - 6389}: Tuple(Char, Char, Char, Char, Char, Char, Char, Char, Char, Char).class
{6390 - 6390}: Tuple(String, String, Float64, String).class
{6391 - 6391}: Tuple(Markd::Node::Type, Markd::Node::Type, Markd::Node::Type, Markd::Node::Type, Markd::Node::Type, Markd::Node::Type, Markd::Node::Type, Markd::Node::Type, Markd::Node::Type, Markd::Node::Type, Markd::Node::Type, Markd::Node::Type).class
{6392 - 6392}: Tuple(Markd::Node, Bool).class
{6393 - 6393}: Tuple(Hash(Char, Markd::Parser::Inline::Delimiter | Nil), Char).class
{6394 - 6394}: Tuple(Char, Markd::Parser::Inline::Delimiter | Nil).class
{6395 - 6395}: Tuple(Hash::Entry(Char, Markd::Parser::Inline::Delimiter | Nil), Int32).class
{6396 - 6396}: Tuple(String, String, String, String, String, String, String, String, String, String, String, String, String).class
{6397 - 6397}: Tuple(Int32, String, Int32, String, Int32, String, Int32).class
{6398 - 6398}: Tuple(UInt32, UInt32, UInt32, UInt32).class
{6399 - 6399}: Tuple(String, Int32 | UInt64).class
{6400 - 6400}: Tuple(Int32 | UInt64, Int32).class
{6401 - 6401}: Tuple(String, Int64, String).class
{6402 - 6402}: Tuple(Char::Reader, Nil).class
{6403 - 6403}: Tuple(Char::Reader, String | Nil).class
{6404 - 6404}: Tuple(String, String, Int32, String, String).class
{6405 - 6405}: Tuple(Hash(String, Time::Location), String).class
{6406 - 6406}: Tuple(String, Time::Location).class
{6407 - 6407}: Tuple(Hash::Entry(String, Time::Location), Int32).class
{6408 - 6408}: Tuple(ArgumentError, String, Int32, String, String).class
{6409 - 6409}: Tuple(ArgumentError, String, String).class
{6410 - 6410}: Tuple(Hash::Entry(String, Set(String)), Int32).class
{6411 - 6411}: Tuple(Path, String).class
{6412 - 6412}: Tuple(String, Int64, String, Int64, String).class
{6413 - 6413}: Tuple(Bool, Int64).class
{6414 - 6414}: Tuple(String, Int64, String, Int64, String, Int64).class
{6415 - 6415}: Tuple(Float64, String).class
{6416 - 6416}: Tuple(Nil, Char, Char, Char, Char, Char, Char, Char, Char, Char, Char).class
{6417 - 6417}: Tuple(Tuple(Char, Char, Char, Char, Char, Char, Char, Char, Char, Char), Tuple(Nil, Char, Char, Char, Char, Char, Char, Char, Char, Char, Char)).class
{6418 - 6418}: Tuple(Int32, Char | Nil).class
{6419 - 6419}: Tuple(Int32, Float64).class
{6420 - 6420}: Tuple(Socket::Address | String, String, String, String, String, String, String, String, Int32, String, String, String).class
{6421 - 6421}: Tuple(Socket).class
{6422 - 6422}: Tuple(String, String, String, String, String, String, String, String, String, String, String).class
{6423 - 6423}: Tuple(Hash::Entry(Crystal::Type, Crystal::Doc::Type), Int32).class
{6424 - 6424}: Tuple(Crystal::Doc::Type, String).class
{6425 - 6425}: Tuple(Tuple(Crystal::Doc::Type, String), Tuple(Crystal::Doc::Type, String)).class
{6426 - 6426}: Tuple(String, Tuple(Crystal::Doc::Type, String), String, Tuple(Crystal::Doc::Type, String), String).class
{6427 - 6427}: Tuple(String::Builder).class
{6428 - 6428}: Tuple(Crystal::Doc::Method, Tuple(Int32, String)).class
{6429 - 6429}: Tuple(Tuple(Crystal::Doc::Method, Tuple(Int32, String)), Tuple(Crystal::Doc::Method, Tuple(Int32, String))).class
{6430 - 6430}: Tuple(String, Tuple(Crystal::Doc::Method, Tuple(Int32, String)), String, Tuple(Crystal::Doc::Method, Tuple(Int32, String)), String).class
{6431 - 6431}: Tuple(Hash(Crystal::Doc::Method, Nil), Crystal::Doc::Method).class
{6432 - 6432}: Tuple(Crystal::Doc::Method, Nil).class
{6433 - 6433}: Tuple(Hash::Entry(Crystal::Doc::Method, Nil), Int32).class
{6434 - 6434}: Tuple(Crystal::Doc::Macro, Tuple(Int32, String)).class
{6435 - 6435}: Tuple(Tuple(Crystal::Doc::Macro, Tuple(Int32, String)), Tuple(Crystal::Doc::Macro, Tuple(Int32, String))).class
{6436 - 6436}: Tuple(String, Tuple(Crystal::Doc::Macro, Tuple(Int32, String)), String, Tuple(Crystal::Doc::Macro, Tuple(Int32, String)), String).class
{6437 - 6437}: Tuple(Crystal::Doc::Constant, String).class
{6438 - 6438}: Tuple(Tuple(Crystal::Doc::Constant, String), Tuple(Crystal::Doc::Constant, String)).class
{6439 - 6439}: Tuple(String, Tuple(Crystal::Doc::Constant, String), String, Tuple(Crystal::Doc::Constant, String), String).class
{6440 - 6440}: Tuple(Crystal::Doc::Main).class
{6441 - 6441}: Tuple(NamedTuple(refname: String, path: String, filename: String, line: Int32)).class
{6442 - 6442}: Tuple(String, Crystal::Doc::RelativeLocation, String, Crystal::Doc::RelativeLocation, String).class
{6443 - 6443}: Tuple(Array(Crystal::Doc::Type), Crystal::Doc::Type | Nil).class
{6444 - 6444}: Tuple(Nil, Crystal::Doc::Type | Nil).class
{6445 - 6445}: Tuple(Array(Crystal::Doc::Type) | Nil, Crystal::Doc::Type | Nil).class
{6446 - 6446}: Tuple(Hash(Crystal::Doc::Type, Crystal::Doc::Type), Crystal::Doc::Type).class
{6447 - 6447}: Tuple(Crystal::Doc::Type, Crystal::Doc::Type).class
{6448 - 6448}: Tuple(Hash::Entry(Crystal::Doc::Type, Crystal::Doc::Type), Int32).class
{6449 - 6449}: Tuple(Hash(String, Array(Crystal::Doc::Method)), String).class
{6450 - 6450}: Tuple(String, Array(Crystal::Doc::Method)).class
{6451 - 6451}: Tuple(Hash::Entry(String, Array(Crystal::Doc::Method)), Int32).class
{6452 - 6452}: Tuple(Hash(String, Array(Crystal::Doc::Macro)), String).class
{6453 - 6453}: Tuple(String, Array(Crystal::Doc::Macro)).class
{6454 - 6454}: Tuple(Hash::Entry(String, Array(Crystal::Doc::Macro)), Int32).class
{6455 - 6455}: Tuple(String | Nil).class
{6456 - 6456}: Tuple(Process::Status, Time::Span).class
{6457 - 6457}: Tuple(String, Time::Span).class
{6458 - 6458}: Tuple(String, Signal, String, Int32, String).class
{6459 - 6459}: Tuple(String, String, String, String | Nil, String, String, String).class
{6460 - 6460}: Tuple(Crystal::NumberLiteral, Crystal::Var).class
{6461 - 6461}: Tuple(Hash::Entry(String, Array(Int32)), Int32).class
{6462 - 6462}: Tuple(String, Range(Int32, Int32)).class
{6463 - 6463}: Tuple(Crystal::Command::CompilerConfig, Crystal::Compiler::Result).class
{6464 - 6464}: Tuple(Int32, String, String, String).class
{6465 - 6465}: Tuple(Hash::Entry(String, Crystal::Type), Int32).class
{6466 - 6466}: Tuple(String, String, String, Int32, String, Int32, String, String | Nil).class
{6467 - 6467}: Tuple(Crystal::ASTNode | Nil, String, String).class
{6468 - 6468}: Tuple(Array(Array(NamedTuple(name: String, implementation: Crystal::ImplementationTrace)))).class
{6469 - 6469}: Tuple(String, Array(NamedTuple(name: String, implementation: Crystal::ImplementationTrace))).class
{6470 - 6470}: Tuple(Crystal::Type, UInt64 | Nil).class
{6471 - 6471}: Tuple(Hash(Crystal::MetaTypeVar, Tuple(Crystal::Type, UInt64 | Nil)), Crystal::MetaTypeVar).class
{6472 - 6472}: Tuple(Crystal::MetaTypeVar, Tuple(Crystal::Type, UInt64 | Nil)).class
{6473 - 6473}: Tuple(Hash::Entry(Crystal::MetaTypeVar, Tuple(Crystal::Type, UInt64 | Nil)), Int32).class
{6474 - 6474}: Tuple(String, Crystal::DependencyPrinter::Format.class, String, String).class
{6475 - 6475}: Tuple(String, String | Nil, String, String, String, Int32, String, Int32).class
{6476 - 6476}: Tuple(String, String, Crystal::Type | Nil).class
{6477 - 6477}: Tuple(Hash::Entry(Crystal::Location, Int32), Int32).class
{6478 - 6478}: Tuple(Tuple(Crystal::Def, Int32), Tuple(String, Int32, Int32)).class
{6479 - 6479}: Tuple(Tuple(Tuple(Crystal::Def, Int32), Tuple(String, Int32, Int32)), Tuple(Tuple(Crystal::Def, Int32), Tuple(String, Int32, Int32))).class
{6480 - 6480}: Tuple(String, Tuple(Tuple(Crystal::Def, Int32), Tuple(String, Int32, Int32)), String, Tuple(Tuple(Crystal::Def, Int32), Tuple(String, Int32, Int32)), String).class
{6481 - 6481}: Tuple(Hash(String, Hash(Int32, Int32)), String).class
{6482 - 6482}: Tuple(String, Hash(Int32, Int32)).class
{6483 - 6483}: Tuple(Hash::Entry(String, Hash(Int32, Int32)), Int32).class
{6484 - 6484}: Tuple(String, Process::Redirect.class).class
{6485 - 6485}: NamedTuple(T).class
{6486 - 6486}: NamedTuple(key: Symbol, value: Log::Metadata::Value).class
{6487 - 6487}: NamedTuple(name: String, implementation: Crystal::ImplementationTrace).class
{6488 - 6488}: NamedTuple(time: Time, location: Time::Location).class
{6489 - 6489}: NamedTuple(fore: Colorize::Color256 | Colorize::ColorANSI | Colorize::ColorRGB, back: Colorize::Color256 | Colorize::ColorANSI | Colorize::ColorRGB, mode: Colorize::Mode).class
{6490 - 6490}: NamedTuple().class
{6491 - 6491}: NamedTuple(size: UInt64, atomic: Int32).class
{6492 - 6492}: NamedTuple(size: UInt64).class
{6493 - 6493}: NamedTuple(op: String, fd: Int32, index: Int64).class
{6494 - 6494}: NamedTuple(op: String, fd: Int32).class
{6495 - 6495}: NamedTuple(fiber: Fiber).class
{6496 - 6496}: NamedTuple(file: String).class
{6497 - 6497}: NamedTuple(target: IO::FileDescriptor).class
{6498 - 6498}: NamedTuple(target: File).class
{6499 - 6499}: NamedTuple(target: IO::FileDescriptor).class
{6500 - 6500}: NamedTuple(blocking: Bool).class
{6501 - 6501}: NamedTuple(fd: UInt64, index: Int64, filter: Int16, flags: UInt16, fflags: UInt32).class
{6502 - 6502}: NamedTuple(target: Socket).class
{6503 - 6503}: NamedTuple(lookup_in_namespace: Bool, location: Crystal::Location | Nil).class
{6504 - 6504}: NamedTuple(include_private: Bool).class
{6505 - 6505}: NamedTuple(chomp: Bool).class
{6506 - 6506}: NamedTuple(prefix: Bool, upcase: Bool, precision: Int32 | Nil, alternative: Bool).class
{6507 - 6507}: NamedTuple(index: Int32, location: Crystal::Location).class
{6508 - 6508}: NamedTuple(lookup_in_namespace: Bool).class
{6509 - 6509}: NamedTuple(lookup_ancestors_for_new: Bool).class
{6510 - 6510}: NamedTuple(analyze_all: Bool).class
{6511 - 6511}: NamedTuple(target: UNIXServer).class
{6512 - 6512}: NamedTuple(target: IPSocket).class
{6513 - 6513}: NamedTuple(bundle: LLVM::OperandBundleDef, name: String).class
{6514 - 6514}: NamedTuple(" ": String, "'": String, "\"": String, "\\": String).class
{6515 - 6515}: NamedTuple(for: Time::Span).class
{6516 - 6516}: NamedTuple(file: String, other: String).class
{6517 - 6517}: NamedTuple(name: String, reused: Bool).class
{6518 - 6518}: NamedTuple(name: String, message: String | Nil, backtrace: Array(String)).class
{6519 - 6519}: NamedTuple(exception: NamedTuple(name: String, message: String | Nil, backtrace: Array(String))).class
{6520 - 6520}: NamedTuple(force_colon: Bool).class
{6521 - 6521}: NamedTuple(target: TCPServer).class
{6522 - 6522}: NamedTuple(domain: String).class
{6523 - 6523}: NamedTuple(domain: String, type: Socket::Type, protocol: Socket::Protocol, service: Int32 | String).class
{6524 - 6524}: NamedTuple(type: Socket::Type, protocol: Socket::Protocol, service: Int32 | String).class
{6525 - 6525}: NamedTuple(target: TCPSocket).class
{6526 - 6526}: NamedTuple(target: UNIXSocket).class
{6527 - 6527}: NamedTuple(num_delims: Int32, can_open: Bool, can_close: Bool).class
{6528 - 6528}: NamedTuple(refname: String, path: String, filename: String, line: Int32).class
{6529 - 6529}: StaticArray(T, N).class
{6530 - 6530}: StaticArray(UInt8, 56).class
{6531 - 6531}: StaticArray(UInt8, 40).class
{6532 - 6532}: StaticArray(UInt8, 8).class
{6533 - 6533}: StaticArray(UInt8, 16).class
{6534 - 6534}: StaticArray(Int32, 2).class
{6535 - 6535}: StaticArray(Int64, 2).class
{6536 - 6536}: StaticArray(LibC::Timespec, 2).class
{6537 - 6537}: StaticArray(UInt8, 20).class
{6538 - 6538}: StaticArray(UInt64, 9).class
{6539 - 6539}: StaticArray(UInt8, 256).class
{6540 - 6540}: StaticArray(UInt64, 2).class
{6541 - 6541}: StaticArray(UInt8, 14).class
{6542 - 6542}: StaticArray(UInt8, 6).class
{6543 - 6543}: StaticArray(UInt8, 112).class
{6544 - 6544}: StaticArray(UInt16, 8).class
{6545 - 6545}: StaticArray(UInt32, 4).class
{6546 - 6546}: StaticArray(UInt8, 104).class
{6547 - 6547}: StaticArray(UInt32, 5).class
{6548 - 6548}: StaticArray(UInt8, 48).class
{6549 - 6549}: StaticArray(UInt32, 2).class
{6550 - 6550}: StaticArray(UInt8, 64).class
{6551 - 6551}: StaticArray(UInt8, 2).class
{6552 - 6552}: StaticArray(UInt8, 4).class
{6553 - 6553}: StaticArray(UInt64, 62).class
{6554 - 6554}: StaticArray(UInt8, 129).class
{6555 - 6555}: StaticArray(UInt8, 1024).class
{6556 - 6556}: StaticArray(LibC::Kevent, 2).class
{6557 - 6557}: StaticArray(UInt8, 32768).class
{6558 - 6558}: StaticArray(UInt8, 1).class
{6559 - 6559}: StaticArray(Int8, 256).class
{6560 - 6560}: StaticArray(Char, 2).class
{6561 - 6561}: StaticArray(LibC::Kevent, 128).class
{6562 - 6562}: StaticArray(Pointer(Crystal::EventLoop::Polling::Event), 128).class
{6563 - 6563}: StaticArray(UInt8, 77).class
{6564 - 6564}: StaticArray(UInt8, 1076).class
{6565 - 6565}: StaticArray(UInt8, 773).class
{6566 - 6566}: StaticArray(UInt8, 17).class
{6567 - 6567}: StaticArray(Int32, 256).class
{6568 - 6568}: StaticArray(Pointer(Void), 100).class
{6569 - 6569}: StaticArray(String, 8).class
{6570 - 6570}: StaticArray(LLVM::Value, 2).class
{6571 - 6571}: StaticArray(UInt32, 16).class
{6572 - 6572}: StaticArray(UInt32, 80).class
{6573 - 6573}: Struct.class
{6574 - 6574}: Range(B, E).class
{6575 - 6575}: Range(UInt8, UInt8).class
{6576 - 6576}: Range(Int8, Int8).class
{6577 - 6577}: Range(Int16, Int16).class
{6578 - 6578}: Range(UInt16, UInt16).class
{6579 - 6579}: Range(Int32, Int32).class
{6580 - 6580}: Range(UInt32, UInt32).class
{6581 - 6581}: Range(Int64, Int64).class
{6582 - 6582}: Range(UInt64, UInt64).class
{6583 - 6583}: Range(Int128, Int128).class
{6584 - 6584}: Range(UInt128, UInt128).class
{6585 - 6585}: Range(Int, Int).class
{6586 - 6586}: Range(Float, Float).class
{6587 - 6587}: Range(Int32, Nil).class
{6588 - 6588}: Range(Char, Char).class
{6589 - 6589}: Range(LibPCRE2::Error, LibPCRE2::Error).class
{6590 - 6590}: Range(UInt8, Int32).class
{6591 - 6591}: Range(Int32, Int32 | Nil).class
{6592 - 6592}: Range(Nil, Int32).class
{6593 - 6593}: Range(Crystal::Token::Kind, Crystal::Token::Kind).class
{6594 - 6594}: Range(Int64, Nil).class
{6595 - 6595}: Range(Int32 | Nil, Int32 | Nil).class
{6596 - 6596}: Range(Int32, UInt16).class
{6597 - 6597}: Range(Nil, Nil).class
{6598 - 6598}: Slice(T).class
{6599 - 6599}: Slice(UInt8).class
{6600 - 6600}: Slice(UInt16).class
{6601 - 6601}: Slice(UInt64).class
{6602 - 6602}: Slice(Pointer(Crystal::EventLoop::Polling::Arena::Entry(Crystal::EventLoop::Polling::PollDescriptor))).class
{6603 - 6603}: Slice(Fiber::Stack).class
{6604 - 6604}: Slice(LibC::Kevent).class
{6605 - 6605}: Slice(Pointer(Crystal::EventLoop::Polling::Event)).class
{6606 - 6606}: Slice(Tuple(Crystal::Type, UInt64)).class
{6607 - 6607}: Slice(Tuple(Crystal::Type, String)).class
{6608 - 6608}: Slice(Tuple(Crystal::NamedArgumentType, String)).class
{6609 - 6609}: Slice(Int32).class
{6610 - 6610}: Slice(String).class
{6611 - 6611}: Slice(Tuple(Crystal::Arg, String)).class
{6612 - 6612}: Slice(Crystal::Type).class
{6613 - 6613}: Slice(Tuple(Crystal::Type, Tuple(Int32, Int32, String))).class
{6614 - 6614}: Slice(Tuple(Crystal::Type, Int32)).class
{6615 - 6615}: Slice(Tuple(String, Regex::Options)).class
{6616 - 6616}: Slice(Array(String) | Nil).class
{6617 - 6617}: Slice(Tuple(Crystal::Program::RequireWithTimestamp, String)).class
{6618 - 6618}: Slice(LLVM::ABI::X86_64::RegClass).class
{6619 - 6619}: Slice(Tuple(Tuple(Int32, Int32), Int32)).class
{6620 - 6620}: Slice(Tuple(Tuple(Crystal::Type, Tuple(Int32, Int32)), Tuple(Int32, Int32))).class
{6621 - 6621}: Slice(Tuple(String, Time)).class
{6622 - 6622}: Slice(Crystal::ASTNode).class
{6623 - 6623}: Slice(Tuple(Crystal::ASTNode, InterpretCompareWrapper)).class
{6624 - 6624}: Slice(Tuple(Tuple(Int32, Crystal::NamedArgument), Int32)).class
{6625 - 6625}: Slice(Tuple(Crystal::ASTNode | Crystal::Type, String)).class
{6626 - 6626}: Slice(Char).class
{6627 - 6627}: Slice(Tuple(Crystal::Doc::Type, String)).class
{6628 - 6628}: Slice(Tuple(Crystal::Doc::Method, Tuple(Int32, String))).class
{6629 - 6629}: Slice(Tuple(Crystal::Doc::Macro, Tuple(Int32, String))).class
{6630 - 6630}: Slice(Tuple(Crystal::Doc::Constant, String)).class
{6631 - 6631}: Slice(Crystal::Doc::RelativeLocation).class
{6632 - 6632}: Slice(Tuple(Tuple(Crystal::Def, Int32), Tuple(String, Int32, Int32))).class
{6633 - 6633}: Crystal::PointerLinkedList(T).class
{6634 - 6634}: Crystal::PointerLinkedList(Crystal::Once::Operation).class
{6635 - 6635}: Crystal::PointerLinkedList(Fiber::PointerLinkedListNode).class
{6636 - 6636}: Crystal::PointerLinkedList(Crystal::EventLoop::Polling::Event).class
{6637 - 6637}: Crystal::PointerLinkedList(Channel::Sender(Int32)).class
{6638 - 6638}: Crystal::PointerLinkedList(Channel::Sender(Exception | Nil)).class
{6639 - 6639}: Crystal::PointerLinkedList(Channel::Sender(Tuple(Log::Entry, Log::Backend))).class
{6640 - 6640}: Crystal::PointerLinkedList(Channel::Sender(Nil)).class
{6641 - 6641}: Crystal::PointerLinkedList(Channel::Receiver(Int32)).class
{6642 - 6642}: Crystal::PointerLinkedList(Channel::Receiver(Exception | Nil)).class
{6643 - 6643}: Crystal::PointerLinkedList(Channel::Receiver(Tuple(Log::Entry, Log::Backend))).class
{6644 - 6644}: Crystal::PointerLinkedList(Channel::Receiver(Nil)).class
{6645 - 6645}: Crystal::PointerLinkedList(Channel::Sender(String)).class
{6646 - 6646}: Crystal::PointerLinkedList(Channel::Receiver(String)).class
{6647 - 6647}: Crystal::SpinLock.class
{6648 - 6648}: Crystal::Once::Operation.class
{6649 - 6649}: LibC::DlInfo.class
{6650 - 6650}: LibC::PthreadAttrT.class
{6651 - 6651}: LibC::PthreadCondT.class
{6652 - 6652}: LibC::PthreadCondattrT.class
{6653 - 6653}: LibC::PthreadMutexT.class
{6654 - 6654}: LibC::PthreadMutexattrT.class
{6655 - 6655}: LibUnwind::Exception.class
{6656 - 6656}: Crystal::DWARF::Abbrev::Attribute.class
{6657 - 6657}: Crystal::DWARF::Abbrev.class
{6658 - 6658}: Crystal::DWARF::Info.class
{6659 - 6659}: Crystal::DWARF::LineNumbers::Register.class
{6660 - 6660}: Crystal::DWARF::LineNumbers::Row.class
{6661 - 6661}: Crystal::DWARF::LineNumbers::Sequence::FileEntry.class
{6662 - 6662}: Crystal::DWARF::LineNumbers::Sequence.class
{6663 - 6663}: Crystal::DWARF::LineNumbers::LNCTFormat.class
{6664 - 6664}: Crystal::DWARF::LineNumbers.class
{6665 - 6665}: Crystal::DWARF::Strings.class
{6666 - 6666}: Crystal::MachO::Segment64.class
{6667 - 6667}: Crystal::MachO::UUID.class
{6668 - 6668}: Crystal::MachO::Section64.class
{6669 - 6669}: Crystal::MachO::Symtab.class
{6670 - 6670}: Crystal::MachO::Nlist64::Type.class
{6671 - 6671}: Crystal::MachO::Nlist64.class
{6672 - 6672}: Crystal::MachO::StabEntry.class
{6673 - 6673}: Crystal::MachO.class
{6674 - 6674}: Exception::CallStack.class
{6675 - 6675}: Exception::CallStack::RepeatedFrame.class
{6676 - 6676}: Enumerable::Chunk::Drop.class
{6677 - 6677}: Enumerable::Chunk::Alone.class
{6678 - 6678}: Enumerable::Chunk::Accumulator(T, U).class
{6679 - 6679}: Enumerable::Reflect(X).class
{6680 - 6680}: Enumerable::Reflect(Int32).class
{6681 - 6681}: Iterator::EmptyIterator(T).class
{6682 - 6682}: Iterator::SingletonIterator(T).class
{6683 - 6683}: Iterator::SingletonProcIterator(T).class
{6684 - 6684}: Iterator::CompactMapIterator(I, T, U).class
{6685 - 6685}: Iterator::ConsIterator(I, T, N, V).class
{6686 - 6686}: Iterator::ConsTupleIterator(I, T).class
{6687 - 6687}: Iterator::ConsTupleIterator(Indexable::ItemIterator(Array(Crystal::Type), Crystal::Type), Crystal::Type).class
{6688 - 6688}: Iterator::CycleIterator(I, T).class
{6689 - 6689}: Iterator::FlattenIterator(I, T).class
{6690 - 6690}: Iterator::InGroupsOfIterator(I, T, N, U).class
{6691 - 6691}: Iterator::MapIterator(I, T, U).class
{6692 - 6692}: Iterator::RejectIterator(I, T, B).class
{6693 - 6693}: Iterator::SelectIterator(I, T, B).class
{6694 - 6694}: Iterator::SelectTypeIterator(I, T).class
{6695 - 6695}: Iterator::SliceIterator(I, T, N).class
{6696 - 6696}: Iterator::StepByIterator(I, T, N).class
{6697 - 6697}: Iterator::TapIterator(I, T).class
{6698 - 6698}: Iterator::UniqIterator(I, T, U).class
{6699 - 6699}: Iterator::WithObjectIterator(I, T, O).class
{6700 - 6700}: Iterator::ZipIterator(Is, Ts).class
{6701 - 6701}: Crystal::SmallDeque(T, N).class
{6702 - 6702}: Crystal::SmallDeque(Char, 2).class
{6703 - 6703}: Crystal::Iconv.class
{6704 - 6704}: Float::FastFloat::FromCharsResultT(UC).class
{6705 - 6705}: Float::FastFloat::FromCharsResultT(UInt8).class
{6706 - 6706}: Float::FastFloat::ParseOptionsT(UC).class
{6707 - 6707}: Float::FastFloat::ParseOptionsT(UInt8).class
{6708 - 6708}: Float::FastFloat::Value128.class
{6709 - 6709}: Float::FastFloat::AdjustedMantissa.class
{6710 - 6710}: Float::FastFloat::BinaryFormat_Float64.class
{6711 - 6711}: Float::FastFloat::BinaryFormat_Float32.class
{6712 - 6712}: Float::FastFloat::ParsedNumberStringT(UC).class
{6713 - 6713}: Float::FastFloat::ParsedNumberStringT(UInt8).class
{6714 - 6714}: Float::FastFloat::Stackvec(Size).class
{6715 - 6715}: Float::FastFloat::Stackvec(62).class
{6716 - 6716}: Float::FastFloat::Bigint.class
{6717 - 6717}: String::ToUnsignedInfo(T).class
{6718 - 6718}: String::ToUnsignedInfo(UInt32).class
{6719 - 6719}: String::ToUnsignedInfo(UInt8).class
{6720 - 6720}: String::ToUnsignedInfo(UInt16).class
{6721 - 6721}: String::ToUnsignedInfo(UInt64).class
{6722 - 6722}: String::ToUnsignedInfo(UInt128).class
{6723 - 6723}: IO::LineIterator(I, A, N).class
{6724 - 6724}: IO::CharIterator(I).class
{6725 - 6725}: IO::ByteIterator(I).class
{6726 - 6726}: IO::EncodingOptions.class
{6727 - 6727}: Crystal::EventLoop::Polling::Arena::Index.class
{6728 - 6728}: Crystal::EventLoop::Polling::Arena::Entry(T).class
{6729 - 6729}: Crystal::EventLoop::Polling::Arena::Entry(Crystal::EventLoop::Polling::PollDescriptor).class
{6730 - 6730}: Crystal::EventLoop::Polling::Event.class
{6731 - 6731}: Crystal::EventLoop::Polling::PollDescriptor.class
{6732 - 6732}: Crystal::EventLoop::Polling::Waiters.class
{6733 - 6733}: Crystal::EventLoop::Timers(T).class
{6734 - 6734}: Crystal::EventLoop::Timers(Crystal::EventLoop::Polling::Event).class
{6735 - 6735}: LibC::Tm.class
{6736 - 6736}: LibC::Timespec.class
{6737 - 6737}: LibC::Kevent.class
{6738 - 6738}: Crystal::System::Kqueue.class
{6739 - 6739}: LibC::Stat.class
{6740 - 6740}: LibC::Flock.class
{6741 - 6741}: LibC::Termios.class
{6742 - 6742}: String::Formatter::Flags.class
{6743 - 6743}: String::Formatter(A).class
{6744 - 6744}: String::Formatter(Tuple(Int32)).class
{6745 - 6745}: String::Formatter(Tuple(Float64)).class
{6746 - 6746}: String::Formatter(Tuple(Int32, Float64)).class
{6747 - 6747}: String::Formatter(Tuple(NamedTuple(refname: String, path: String, filename: String, line: Int32))).class
{6748 - 6748}: String::Formatter(Tuple(String)).class
{6749 - 6749}: String::Grapheme.class
{6750 - 6750}: Array::FlattenHelper(T).class
{6751 - 6751}: Array::FlattenHelper(String).class
{6752 - 6752}: Array::FlattenHelper(Crystal::Annotation).class
{6753 - 6753}: Atomic(T).class
{6754 - 6754}: Atomic(Int32).class
{6755 - 6755}: Atomic(Channel::SelectState).class
{6756 - 6756}: Atomic(Bool).class
{6757 - 6757}: Atomic::Flag.class
{6758 - 6758}: Char::Reader.class
{6759 - 6759}: Fiber::Context.class
{6760 - 6760}: Fiber::Stack.class
{6761 - 6761}: Channel::NotReady.class
{6762 - 6762}: Channel::UseDefault.class
{6763 - 6763}: Channel::Sender(T).class
{6764 - 6764}: Channel::Sender(Int32).class
{6765 - 6765}: Channel::Sender(Exception | Nil).class
{6766 - 6766}: Channel::Sender(Tuple(Log::Entry, Log::Backend)).class
{6767 - 6767}: Channel::Sender(Nil).class
{6768 - 6768}: Channel::Sender(String).class
{6769 - 6769}: Channel::Receiver(T).class
{6770 - 6770}: Channel::Receiver(Int32).class
{6771 - 6771}: Channel::Receiver(Exception | Nil).class
{6772 - 6772}: Channel::Receiver(Tuple(Log::Entry, Log::Backend)).class
{6773 - 6773}: Channel::Receiver(Nil).class
{6774 - 6774}: Channel::Receiver(String).class
{6775 - 6775}: LibC::SiginfoT.class
{6776 - 6776}: LibC::Sigaction.class
{6777 - 6777}: LibC::StackT.class
{6778 - 6778}: LibC::DivT.class
{6779 - 6779}: Crystal::System::Dir::Entry.class
{6780 - 6780}: LibC::Dirent.class
{6781 - 6781}: Dir::EntryIterator.class
{6782 - 6782}: Dir::ChildIterator.class
{6783 - 6783}: Dir::Globber::DirectoriesOnly.class
{6784 - 6784}: Dir::Globber::ConstantEntry.class
{6785 - 6785}: Dir::Globber::EntryMatch.class
{6786 - 6786}: Dir::Globber::RecursiveDirectories.class
{6787 - 6787}: Dir::Globber::ConstantDirectory.class
{6788 - 6788}: Dir::Globber::RootDirectory.class
{6789 - 6789}: Dir::Globber::DirectoryMatch.class
{6790 - 6790}: File::Info.class
{6791 - 6791}: Float::Printer::CachedPowers::Power.class
{6792 - 6792}: Float::Printer::DiyFP.class
{6793 - 6793}: Float::Printer::Dragonbox::WUInt::UInt128.class
{6794 - 6794}: GC::Stats.class
{6795 - 6795}: GC::ProfStats.class
{6796 - 6796}: LibGC::StackBase.class
{6797 - 6797}: LibGC::ProfStats.class
{6798 - 6798}: Crystal::Hasher.class
{6799 - 6799}: Hash::Entry(K, V).class
{6800 - 6800}: Hash::Entry(String, Crystal).class
{6801 - 6801}: Hash::Entry(String, Log::Metadata::Value).class
{6802 - 6802}: Hash::Entry(String, JSON::Any).class
{6803 - 6803}: Hash::Entry(String, Array(String) | String).class
{6804 - 6804}: Hash::Entry(String, String).class
{6805 - 6805}: Hash::Entry(String, Crystal::MetaVar).class
{6806 - 6806}: Hash::Entry(String, Nil).class
{6807 - 6807}: Hash::Entry(String, String | Nil).class
{6808 - 6808}: Hash::Entry(Int32, Tuple(Int32, Int32, Int32)).class
{6809 - 6809}: Hash::Entry(Int32, Tuple(Int32, Int32)).class
{6810 - 6810}: Hash::Entry(Int64, Int32).class
{6811 - 6811}: Hash::Entry(Crystal::AnnotationType, Array(Crystal::Annotation)).class
{6812 - 6812}: Hash::Entry(Int32, Crystal::Expressions).class
{6813 - 6813}: Hash::Entry(Int32, Array(Crystal::Lexer::LocPopPragma | Crystal::Lexer::LocPushPragma | Crystal::Lexer::LocSetPragma)).class
{6814 - 6814}: Hash::Entry(String, Array(Crystal::DefWithMetadata)).class
{6815 - 6815}: Hash::Entry(String, Array(Crystal::Macro)).class
{6816 - 6816}: Hash::Entry(String, Crystal::ASTNode).class
{6817 - 6817}: Hash::Entry(Crystal::Def, Array(Crystal::Type)).class
{6818 - 6818}: Hash::Entry(Bool, Array(Crystal::ExhaustivenessChecker::Target)).class
{6819 - 6819}: Hash::Entry(Crystal::Const, Array(Crystal::ExhaustivenessChecker::Target)).class
{6820 - 6820}: Hash::Entry(String, Array(Crystal::ASTNode)).class
{6821 - 6821}: Hash::Entry(String, Crystal::ASTNode | Crystal::Type).class
{6822 - 6822}: Hash::Entry(String, Crystal::Arg).class
{6823 - 6823}: Hash::Entry(Crystal::Def, Crystal::Def).class
{6824 - 6824}: Hash::Entry(String, Crystal::Type).class
{6825 - 6825}: Hash::Entry(String, Bool | Int32 | String).class
{6826 - 6826}: Hash::Entry(String, Int32).class
{6827 - 6827}: Hash::Entry(Crystal::Def, Int32).class
{6828 - 6828}: Hash::Entry(String, Tuple(Int32, Crystal::Type)).class
{6829 - 6829}: Hash::Entry(Int32, Crystal::ASTNode).class
{6830 - 6830}: Hash::Entry(Crystal::Def, Crystal::Repl::CompiledDef).class
{6831 - 6831}: Hash::Entry(Crystal::External, Crystal::Repl::LibFunction).class
{6832 - 6832}: Hash::Entry(Crystal::Repl::Context::MultidispatchKey, Crystal::Def).class
{6833 - 6833}: Hash::Entry(Pointer(Void), Crystal::Repl::CompiledDef).class
{6834 - 6834}: Hash::Entry(Crystal::SyntaxHighlighter::TokenType, Colorize::Color256 | Colorize::ColorANSI | Colorize::ColorRGB).class
{6835 - 6835}: Hash::Entry(String, Crystal::CodeGenVisitor::ModuleInfo).class
{6836 - 6836}: Hash::Entry(String, Crystal::CodeGenVisitor::LLVMVar).class
{6837 - 6837}: Hash::Entry(Tuple(LLVM::Module, String), LLVM::Type).class
{6838 - 6838}: Hash::Entry(Crystal::ASTNode, Crystal::CodeGenVisitor::Handler).class
{6839 - 6839}: Hash::Entry(Int32, Int32).class
{6840 - 6840}: Hash::Entry(Crystal::Type, LLVM::Type).class
{6841 - 6841}: Hash::Entry(Tuple(UInt64, Symbol), Nil).class
{6842 - 6842}: Hash::Entry(UInt64, UInt64).class
{6843 - 6843}: Hash::Entry(Signal, Proc(Signal, Nil)).class
{6844 - 6844}: Hash::Entry(Int32, Channel(Int32)).class
{6845 - 6845}: Hash::Entry(String, NamedTuple(time: Time, location: Time::Location)).class
{6846 - 6846}: Hash::Entry(Log::Backend, Log::Severity).class
{6847 - 6847}: Hash::Entry(String, WeakRef(Log)).class
{6848 - 6848}: Hash::Entry(LLVM::Attribute, UInt32).class
{6849 - 6849}: Hash::Entry(String, Crystal::NamedType).class
{6850 - 6850}: Hash::Entry(Crystal::DefInstanceKey, Crystal::Def).class
{6851 - 6851}: Hash::Entry(String, Crystal::MetaTypeVar).class
{6852 - 6852}: Hash::Entry(Array(Crystal::ASTNode | Crystal::Type), Crystal::Type).class
{6853 - 6853}: Hash::Entry(String, Crystal::TypeParameter).class
{6854 - 6854}: Hash::Entry(Int32 | Range(Int32, Int32), Crystal::Def).class
{6855 - 6855}: Hash::Entry(Array(Crystal::NamedArgumentType), Crystal::Type).class
{6856 - 6856}: Hash::Entry(Int32, Crystal::Def).class
{6857 - 6857}: Hash::Entry(String, Crystal::FileModule).class
{6858 - 6858}: Hash::Entry(Array(UInt64), Crystal::UnionType).class
{6859 - 6859}: Hash::Entry(String, OptionParser::Handler).class
{6860 - 6860}: Hash::Entry(String, Array(Int32)).class
{6861 - 6861}: Hash::Entry(String, Tuple(Crystal::ASTNode, Crystal::ASTNode)).class
{6862 - 6862}: Hash::Entry(Crystal::ClassVarContainer, Hash(String, Tuple(Crystal::ASTNode, Crystal::ASTNode))).class
{6863 - 6863}: Hash::Entry(String, Crystal::TypeFilter).class
{6864 - 6864}: Hash::Entry(String, Crystal::TypeDeclarationProcessor::TypeDeclarationWithLocation).class
{6865 - 6865}: Hash::Entry(Crystal::Type, Hash(String, Crystal::TypeDeclarationProcessor::TypeDeclarationWithLocation)).class
{6866 - 6866}: Hash::Entry(String, Crystal::TypeDeclarationProcessor::InstanceVarTypeInfo).class
{6867 - 6867}: Hash::Entry(Crystal::Type, Hash(String, Crystal::TypeDeclarationProcessor::InstanceVarTypeInfo)).class
{6868 - 6868}: Hash::Entry(Crystal::Type, Array(Crystal::TypeDeclarationProcessor::InitializeInfo)).class
{6869 - 6869}: Hash::Entry(Crystal::Type, Array(String)).class
{6870 - 6870}: Hash::Entry(String, Crystal::TypeDeclarationProcessor::InitializeInfo).class
{6871 - 6871}: Hash::Entry(Crystal::Type, Hash(String, Crystal::TypeDeclarationProcessor::InitializeInfo)).class
{6872 - 6872}: Hash::Entry(String, Crystal::TypeDeclarationProcessor::Error).class
{6873 - 6873}: Hash::Entry(Crystal::Type, Hash(String, Crystal::TypeDeclarationProcessor::Error)).class
{6874 - 6874}: Hash::Entry(String, Crystal::TypeGuessVisitor::TypeInfo).class
{6875 - 6875}: Hash::Entry(Crystal::ClassVarContainer, Hash(String, Crystal::TypeGuessVisitor::TypeInfo)).class
{6876 - 6876}: Hash::Entry(Crystal::ClassVarContainer, Hash(String, Crystal::TypeDeclarationProcessor::TypeDeclarationWithLocation)).class
{6877 - 6877}: Hash::Entry(String, Crystal::External).class
{6878 - 6878}: Hash::Entry(String, Array(String)).class
{6879 - 6879}: Hash::Entry(String, Hash(String, String) | String).class
{6880 - 6880}: Hash::Entry(Crystal::Type, Crystal::Doc::Type).class
{6881 - 6881}: Hash::Entry(String, Set(String)).class
{6882 - 6882}: Hash::Entry(HTTP::Headers::Key, Array(String) | String).class
{6883 - 6883}: Hash::Entry(String, HTTP::Cookie).class
{6884 - 6884}: Hash::Entry(Int32, Crystal::Playground::Session).class
{6885 - 6885}: Hash::Entry(Crystal::Location, Int32).class
{6886 - 6886}: Hash::Entry(Crystal::Repl::ClassVars::Key, Crystal::Repl::ClassVars::Value).class
{6887 - 6887}: Hash::Entry(Crystal::Const, Crystal::Repl::Constants::Value).class
{6888 - 6888}: Hash::Entry(Tuple(UInt64, UInt64), Crystal::Repl::FFIClosureContext).class
{6889 - 6889}: Hash::Entry(Crystal::Type, Array(Crystal::Repl::CompiledDef)).class
{6890 - 6890}: Hash::Entry(Crystal::Type, Int32).class
{6891 - 6891}: Hash::Entry(Crystal::Repl::LocalVars::Key, Crystal::Type).class
{6892 - 6892}: Hash::Entry(Crystal::Repl::LocalVars::Key, Int32).class
{6893 - 6893}: Hash::Entry(Crystal::MacroInterpreter::MacroVarKey, String).class
{6894 - 6894}: Hash::Entry(String, Crystal::Program::CompiledMacroRun).class
{6895 - 6895}: Hash::Entry(String, Crystal::MacroType).class
{6896 - 6896}: Hash::Entry(Crystal::Type, Crystal::CodeGenVisitor::ModuleInfo).class
{6897 - 6897}: Hash::Entry(Crystal::CodeGenVisitor::StringKey, LLVM::Value).class
{6898 - 6898}: Hash::Entry(Crystal::VirtualFile | String | Nil, LibLLVM::MetadataRef).class
{6899 - 6899}: Hash::Entry(LLVM::Module, Hash(Crystal::VirtualFile | String | Nil, LibLLVM::MetadataRef)).class
{6900 - 6900}: Hash::Entry(Crystal::Type, LibLLVM::MetadataRef | Nil).class
{6901 - 6901}: Hash::Entry(LLVM::Module, Hash(Crystal::Type, LibLLVM::MetadataRef | Nil)).class
{6902 - 6902}: Hash::Entry(LLVM::Module, Crystal::CodeGenVisitor::DIBuilder).class
{6903 - 6903}: Hash::Entry(LLVM::Function, Array(Crystal::CodeGenVisitor::FunMetadata)).class
{6904 - 6904}: Hash::Entry(Tuple(String, String), LibLLVM::MetadataRef).class
{6905 - 6905}: Hash::Entry(Crystal::Type, Tuple(Int32, Int32)).class
{6906 - 6906}: Hash::Entry(String, LLVM::Type).class
{6907 - 6907}: Hash::Entry(Thread, Pointer(LibPCRE2::JITStack)).class
{6908 - 6908}: Hash::Entry(Thread, Pointer(LibPCRE2::MatchData)).class
{6909 - 6909}: Hash::Entry(Crystal::Type, Nil).class
{6910 - 6910}: Hash::Entry(Crystal::Def, Nil).class
{6911 - 6911}: Hash::Entry(Crystal::ASTNode, Nil).class
{6912 - 6912}: Hash::Entry(Int32, Nil).class
{6913 - 6913}: Hash::Entry(Int64, Array(Crystal::DWARF::Abbrev)).class
{6914 - 6914}: Hash::Entry(Char, String).class
{6915 - 6915}: Hash::Entry(Char, Char).class
{6916 - 6916}: Hash::Entry(Crystal::Type, Crystal::Matches).class
{6917 - 6917}: Hash::Entry(Crystal::Type, Crystal::Type).class
{6918 - 6918}: Hash::Entry(Bool, Array(String)).class
{6919 - 6919}: Hash::Entry(Crystal::Const, Array(String)).class
{6920 - 6920}: Hash::Entry(Int32, Crystal::Type).class
{6921 - 6921}: Hash::Entry(LLVM::Value, LLVM::BasicBlock).class
{6922 - 6922}: Hash::Entry(Int32 | String, String | Nil).class
{6923 - 6923}: Hash::Entry(Int32, String).class
{6924 - 6924}: Hash::Entry(Crystal::MacroType, Crystal::MacroType).class
{6925 - 6925}: Hash::Entry(Crystal::ASTNode | Crystal::Type, Crystal::ASTNode | Crystal::Type).class
{6926 - 6926}: Hash::Entry(Crystal::ASTNode | Crystal::Type, Nil).class
{6927 - 6927}: Hash::Entry(Int32 | String, Int32 | String).class
{6928 - 6928}: Hash::Entry(Array(String), Array(String)).class
{6929 - 6929}: Hash::Entry(Crystal::ASTNode, Crystal::ASTNode).class
{6930 - 6930}: Hash::Entry(String, Hash(String, String)).class
{6931 - 6931}: Hash::Entry(Markd::Node::Type, Markd::Rule::BlockQuote | Markd::Rule::CodeBlock | Markd::Rule::Document | Markd::Rule::HTMLBlock | Markd::Rule::Heading | Markd::Rule::Item | Markd::Rule::List | Markd::Rule::Paragraph | Markd::Rule::ThematicBreak).class
{6932 - 6932}: Hash::Entry(Char, Markd::Parser::Inline::Delimiter | Nil).class
{6933 - 6933}: Hash::Entry(String, Time::Location).class
{6934 - 6934}: Hash::Entry(Crystal::Doc::Method, Nil).class
{6935 - 6935}: Hash::Entry(Crystal::Doc::Type, Crystal::Doc::Type).class
{6936 - 6936}: Hash::Entry(String, Array(Crystal::Doc::Method)).class
{6937 - 6937}: Hash::Entry(String, Array(Crystal::Doc::Macro)).class
{6938 - 6938}: Hash::Entry(Crystal::MetaTypeVar, Tuple(Crystal::Type, UInt64 | Nil)).class
{6939 - 6939}: Hash::Entry(String, Hash(Int32, Int32)).class
{6940 - 6940}: Fiber::PointerLinkedListNode.class
{6941 - 6941}: LibC::Passwd.class
{6942 - 6942}: Path.class
{6943 - 6943}: Pointer::Appender(T).class
{6944 - 6944}: Pointer::Appender(UInt8).class
{6945 - 6945}: Pointer::Appender(Crystal::ASTNode).class
{6946 - 6946}: Pointer::Appender(String).class
{6947 - 6947}: Pointer::Appender(UInt16).class
{6948 - 6948}: Process::Tms.class
{6949 - 6949}: Crystal::System::Process.class
{6950 - 6950}: LibC::Rlimit.class
{6951 - 6951}: LibC::RUsage.class
{6952 - 6952}: Crystal::RWLock.class
{6953 - 6953}: LEBReader.class
{6954 - 6954}: Crystal::ThreadLocalValue(T).class
{6955 - 6955}: Crystal::ThreadLocalValue(Pointer(LibPCRE2::JITStack)).class
{6956 - 6956}: Crystal::ThreadLocalValue(Pointer(LibPCRE2::MatchData)).class
{6957 - 6957}: Regex::MatchData.class
{6958 - 6958}: Set(T).class
{6959 - 6959}: Set(Crystal::Type).class
{6960 - 6960}: Set(String).class
{6961 - 6961}: Set(Crystal::Def).class
{6962 - 6962}: Set(Crystal::ASTNode).class
{6963 - 6963}: Set(Int32).class
{6964 - 6964}: Set(Crystal::ASTNode | Crystal::Type).class
{6965 - 6965}: Set(Crystal::Doc::Method).class
{6966 - 6966}: Proc(Int32, Pointer(LibC::SiginfoT), Pointer(Void), Nil).class
{6967 - 6967}: Crystal::System::Sigset.class
{6968 - 6968}: LibC::Timeval.class
{6969 - 6969}: LibC::Timezone.class
{6970 - 6970}: LibC::MachTimebaseInfo.class
{6971 - 6971}: Time.class
{6972 - 6972}: Time::Format.class
{6973 - 6973}: Time::Format::Formatter.class
{6974 - 6974}: Time::Format::Parser.class
{6975 - 6975}: Time::Location::Zone.class
{6976 - 6976}: Time::Location::ZoneTransition.class
{6977 - 6977}: Time::Span.class
{6978 - 6978}: Time::MonthSpan.class
{6979 - 6979}: VaList.class
{6980 - 6980}: Log::Builder::Binding.class
{6981 - 6981}: Log::Metadata::Value.class
{6982 - 6982}: Log::Entry.class
{6983 - 6983}: Log::ProcFormatter.class
{6984 - 6984}: Log::StaticFormatter.class
{6985 - 6985}: Log::ShortFormat.class
{6986 - 6986}: Log::Context.class
{6987 - 6987}: Log::Emitter.class
{6988 - 6988}: LLVM::ABI::ArgType.class
{6989 - 6989}: LLVM::BasicBlock.class
{6990 - 6990}: LLVM::BasicBlockCollection.class
{6991 - 6991}: LibLLVM::MCJITCompilerOptions.class
{6992 - 6992}: LLVM::DIBuilder.class
{6993 - 6993}: LLVM::Type.class
{6994 - 6994}: LLVM::Value.class
{6995 - 6995}: LLVM::Metadata.class
{6996 - 6996}: LLVM::Function.class
{6997 - 6997}: LLVM::FunctionCollection.class
{6998 - 6998}: LLVM::FunctionPassManager::Runner.class
{6999 - 6999}: LLVM::GlobalCollection.class
{7000 - 7000}: LLVM::InstructionCollection.class
{7001 - 7001}: LLVM::OperandBundleDef.class
{7002 - 7002}: LLVM::ParameterCollection.class
{7003 - 7003}: LLVM::PassRegistry.class
{7004 - 7004}: LLVM::PhiTable.class
{7005 - 7005}: LLVM::Target.class
{7006 - 7006}: LLVM::TargetData.class
{7007 - 7007}: JSON::Any.class
{7008 - 7008}: JSON::Builder::StartState.class
{7009 - 7009}: JSON::Builder::DocumentStartState.class
{7010 - 7010}: JSON::Builder::ArrayState.class
{7011 - 7011}: JSON::Builder::ObjectState.class
{7012 - 7012}: JSON::Builder::DocumentEndState.class
{7013 - 7013}: JSON::ArrayConverter::WithInstance(T).class
{7014 - 7014}: JSON::ArrayConverter::WithInstance(Crystal::PrettyTypeNameJsonConverter.class).class
{7015 - 7015}: JSON::HashValueConverter::WithInstance(T).class
{7016 - 7016}: Crystal::HashLiteral::Entry.class
{7017 - 7017}: Crystal::NamedTupleLiteral::Entry.class
{7018 - 7018}: Crystal::Type::DefInMacroLookup.class
{7019 - 7019}: Crystal::DefWithMetadata.class
{7020 - 7020}: Crystal::Hook.class
{7021 - 7021}: Crystal::DefInstanceKey.class
{7022 - 7022}: Crystal::Program::ConstSliceInfo.class
{7023 - 7023}: Crystal::Program::RecordedRequire.class
{7024 - 7024}: OptionParser::Handler.class
{7025 - 7025}: Colorize::Color256.class
{7026 - 7026}: Colorize::ColorRGB.class
{7027 - 7027}: Colorize::Object(T).class
{7028 - 7028}: Colorize::Object(String).class
{7029 - 7029}: Colorize::Object(Int32).class
{7030 - 7030}: Colorize::Object(IO::Error).class
{7031 - 7031}: Colorize::Object(Nil).class
{7032 - 7032}: Crystal::Compiler::Source.class
{7033 - 7033}: Crystal::Compiler::Result.class
{7034 - 7034}: Crystal::SmallNodeList.class
{7035 - 7035}: Levenshtein::Finder::Entry.class
{7036 - 7036}: Crystal::Type::TypeLookup.class
{7037 - 7037}: Crystal::Call::WrongNumberOfArguments.class
{7038 - 7038}: Crystal::Call::MissingNamedArguments.class
{7039 - 7039}: Crystal::Call::BlockMismatch.class
{7040 - 7040}: Crystal::Call::ExtraNamedArguments.class
{7041 - 7041}: Crystal::Call::ArgumentsAlreadySpecified.class
{7042 - 7042}: Crystal::Call::ArgumentsTypeMismatch.class
{7043 - 7043}: Crystal::Call::ArgumentTypeMismatch.class
{7044 - 7044}: BitArray.class
{7045 - 7045}: Crystal::Cover.class
{7046 - 7046}: Crystal::ExhaustivenessChecker::TypePattern.class
{7047 - 7047}: Crystal::ExhaustivenessChecker::EnumMemberPattern.class
{7048 - 7048}: Crystal::ExhaustivenessChecker::EnumMemberNamePattern.class
{7049 - 7049}: Crystal::ExhaustivenessChecker::BoolPattern.class
{7050 - 7050}: Crystal::ExhaustivenessChecker::UnderscorePattern.class
{7051 - 7051}: Crystal::ExhaustivenessChecker.class
{7052 - 7052}: Crystal::TypeFilters.class
{7053 - 7053}: Crystal::Program::FinishedHook.class
{7054 - 7054}: Crystal::InstanceVarsInitializerVisitor::Initializer.class
{7055 - 7055}: Crystal::Matches.class
{7056 - 7056}: Crystal::MathInterpreter.class
{7057 - 7057}: Crystal::NamedArgumentType.class
{7058 - 7058}: Crystal::CallSignature.class
{7059 - 7059}: Crystal::VirtualTypeLookup::Change.class
{7060 - 7060}: Crystal::TopLevelVisitor::FinishedHook.class
{7061 - 7061}: Crystal::TypeDeclarationProcessor::TypeDeclarationWithLocation.class
{7062 - 7062}: Crystal::TypeDeclarationProcessor::Error.class
{7063 - 7063}: Crystal::TypeDeclarationProcessor::NilableInstanceVar.class
{7064 - 7064}: Crystal::TypeDeclarationProcessor.class
{7065 - 7065}: Crystal::TypeToRestriction.class
{7066 - 7066}: Crystal::DeprecatedAnnotation.class
{7067 - 7067}: Crystal::TablePrint::Separator.class
{7068 - 7068}: Markd::Rule::BlockQuote.class
{7069 - 7069}: Markd::Rule::CodeBlock.class
{7070 - 7070}: Markd::Rule::Document.class
{7071 - 7071}: Markd::Rule::Heading.class
{7072 - 7072}: Markd::Rule::HTMLBlock.class
{7073 - 7073}: Markd::Rule::Item.class
{7074 - 7074}: Markd::Rule::List.class
{7075 - 7075}: Markd::Rule::Paragraph.class
{7076 - 7076}: Markd::Rule::ThematicBreak.class
{7077 - 7077}: URI::Parser.class
{7078 - 7078}: URI::Params.class
{7079 - 7079}: Crystal::Token::MacroState.class
{7080 - 7080}: Crystal::Token::DelimiterState.class
{7081 - 7081}: Crystal::Lexer::LocSetPragma.class
{7082 - 7082}: Crystal::Lexer::LocPushPragma.class
{7083 - 7083}: Crystal::Lexer::LocPopPragma.class
{7084 - 7084}: Crystal::Parser::Unclosed.class
{7085 - 7085}: Crystal::Parser::Piece.class
{7086 - 7086}: Crystal::Parser::ArgExtras.class
{7087 - 7087}: Crystal::Parser::CallArgs.class
{7088 - 7088}: Crystal::Doc::Main.class
{7089 - 7089}: Crystal::Doc::Method::DocInfo.class
{7090 - 7090}: Crystal::Doc::TypeTemplate.class
{7091 - 7091}: Crystal::Doc::ListItemsTemplate.class
{7092 - 7092}: Crystal::Doc::MethodSummaryTemplate.class
{7093 - 7093}: Crystal::Doc::MethodDetailTemplate.class
{7094 - 7094}: Crystal::Doc::MethodsInheritedTemplate.class
{7095 - 7095}: Crystal::Doc::MacrosInheritedTemplate.class
{7096 - 7096}: Crystal::Doc::OtherTypesTemplate.class
{7097 - 7097}: Crystal::Doc::MainTemplate.class
{7098 - 7098}: Crystal::Doc::HeadTemplate.class
{7099 - 7099}: Crystal::Doc::SidebarTemplate.class
{7100 - 7100}: Crystal::Doc::Error404Template.class
{7101 - 7101}: Crystal::Doc::JsTypeTemplate.class
{7102 - 7102}: Crystal::Doc::JsSearchTemplate.class
{7103 - 7103}: Crystal::Doc::JsNavigatorTemplate.class
{7104 - 7104}: Crystal::Doc::JsVersionsTemplate.class
{7105 - 7105}: Crystal::Doc::JsUsageModal.class
{7106 - 7106}: Crystal::Doc::StyleTemplate.class
{7107 - 7107}: Crystal::Doc::SitemapTemplate.class
{7108 - 7108}: Crystal::ExpandResult::Expansion.class
{7109 - 7109}: Crystal::ExpandResult.class
{7110 - 7110}: Crystal::Formatter::AlignInfo.class
{7111 - 7111}: Crystal::Formatter::HeredocFix.class
{7112 - 7112}: Crystal::Formatter::HeredocInfo.class
{7113 - 7113}: LibC::Sockaddr.class
{7114 - 7114}: LibC::SockaddrStorage.class
{7115 - 7115}: LibC::Linger.class
{7116 - 7116}: LibC::InAddr.class
{7117 - 7117}: LibC::In6AddrU6Addr.class
{7118 - 7118}: LibC::In6Addr.class
{7119 - 7119}: LibC::SockaddrIn.class
{7120 - 7120}: LibC::SockaddrIn6.class
{7121 - 7121}: LibC::IpMreq.class
{7122 - 7122}: LibC::Ipv6Mreq.class
{7123 - 7123}: LibC::Addrinfo.class
{7124 - 7124}: LibC::SockaddrUn.class
{7125 - 7125}: Socket::Address.class
{7126 - 7126}: Socket::IPAddress.class
{7127 - 7127}: Socket::UNIXAddress.class
{7128 - 7128}: Socket::Addrinfo.class
{7129 - 7129}: MIME::MediaType.class
{7130 - 7130}: HTTP::EndOfRequest.class
{7131 - 7131}: HTTP::HeaderLine.class
{7132 - 7132}: HTTP::Request::RequestLine.class
{7133 - 7133}: HTTP::Headers::Key.class
{7134 - 7134}: HTTP::Headers.class
{7135 - 7135}: HTTP::FormData::Part.class
{7136 - 7136}: HTTP::FormData::FileMetadata.class
{7137 - 7137}: HTTP::StaticFileHandler::DirectoryListing.class
{7138 - 7138}: HTTP::WebSocket::Protocol::PacketInfo.class
{7139 - 7139}: Crystal::Playground::WorkbookIndexPage::Item.class
{7140 - 7140}: CSV::Row.class
{7141 - 7141}: CSV::Builder::Row.class
{7142 - 7142}: CSV::Parser::RowIterator.class
{7143 - 7143}: CSV::Token.class
{7144 - 7144}: Crystal::UnreachablePresenter.class
{7145 - 7145}: Crystal::Command::CompilerConfig.class
{7146 - 7146}: Crystal::CrystalPath.class
{7147 - 7147}: Crystal::Repl::EvalResult.class
{7148 - 7148}: Crystal::Repl::Value.class
{7149 - 7149}: Crystal::Repl::Compiler::CompilingBlock.class
{7150 - 7150}: Crystal::Repl::Compiler::LocalVar.class
{7151 - 7151}: Crystal::Repl::Compiler::ClosuredVar.class
{7152 - 7152}: Crystal::Repl::ClassVars::Key.class
{7153 - 7153}: Crystal::Repl::ClassVars::Value.class
{7154 - 7154}: Crystal::Repl::CompiledInstructions::ExceptionHandler.class
{7155 - 7155}: Crystal::Repl::Constants::Value.class
{7156 - 7156}: Crystal::Repl::Context::MultidispatchKey.class
{7157 - 7157}: Crystal::Repl::Context::InstanceVarInitializer.class
{7158 - 7158}: Crystal::LibFFI::Cif.class
{7159 - 7159}: Crystal::LibFFI::Type.class
{7160 - 7160}: Crystal::FFI::Type.class
{7161 - 7161}: Crystal::FFI::CallInterface.class
{7162 - 7162}: Crystal::FFI::Closure.class
{7163 - 7163}: Crystal::Repl::Interpreter::CallFrame.class
{7164 - 7164}: Crystal::Repl::Interpreter::SmallReturnedValue.class
{7165 - 7165}: Crystal::Repl::Interpreter::BigReturnedValue.class
{7166 - 7166}: Crystal::Repl::Interpreter::RaisedException.class
{7167 - 7167}: Crystal::Repl::LocalVars::Key.class
{7168 - 7168}: LibC::Winsize.class
{7169 - 7169}: Reply::CharReader.class
{7170 - 7170}: Reply::Search::SearchResult.class
{7171 - 7171}: Crystal::MacroInterpreter::MacroVarKey.class
{7172 - 7172}: Crystal::Program::CompiledMacroRun.class
{7173 - 7173}: Crystal::Program::MacroRunResult.class
{7174 - 7174}: Crystal::Program::RequireWithTimestamp.class
{7175 - 7175}: SemanticVersion::Prerelease.class
{7176 - 7176}: SemanticVersion.class
{7177 - 7177}: InterpretCompareWrapper.class
{7178 - 7178}: Crystal::LLVMTypedFunction.class
{7179 - 7179}: Crystal::CodeGenVisitor::Handler.class
{7180 - 7180}: Crystal::CodeGenVisitor::StringKey.class
{7181 - 7181}: Crystal::CodeGenVisitor::ModuleInfo.class
{7182 - 7182}: Crystal::CodeGenVisitor::FunMetadata.class
{7183 - 7183}: Crystal::ExperimentalAnnotation.class
{7184 - 7184}: Crystal::LinkAnnotation.class
{7185 - 7185}: Proc(Pointer(Void), Pointer(Void), LibUnwind::ReasonCode).class
{7186 - 7186}: Proc(Pointer(Void), Pointer(Void)).class
{7187 - 7187}: Proc(Int32, Nil).class
{7188 - 7188}: Proc(Pointer(Void), Pointer(Void), Nil).class
{7189 - 7189}: Proc(Nil).class
{7190 - 7190}: Proc(UInt64, Nil).class
{7191 - 7191}: Proc(LibGC::EventType, Nil).class
{7192 - 7192}: Proc(LibGC::EventType, Pointer(Void), Nil).class
{7193 - 7193}: Proc(Pointer(UInt8), UInt64, Nil).class
{7194 - 7194}: Proc(Pointer(Void), Pointer(LibPCRE2::JITStack)).class
{7195 - 7195}: Proc(Signal, Nil).class
{7196 - 7196}: Proc(Pointer(Void), Pointer(Void), Int32).class
{7197 - 7197}: Proc(String, Nil).class
{7198 - 7198}: Proc(IO, Nil).class
{7199 - 7199}: Proc(HTTP::Server::Context, Nil).class
{7200 - 7200}: Proc(Pointer(Crystal::LibFFI::Cif), Pointer(Void), Pointer(Pointer(Void)), Pointer(Void), Nil).class
{7201 - 7201}: Proc(Int32, Bool, String).class
{7202 - 7202}: Proc(IO, Int32, Int32).class
{7203 - 7203}: Proc(Nil).class
{7204 - 7204}: Proc(Thread, Nil).class
{7205 - 7205}: Proc(Int32, (Exception | Nil), Nil).class
{7206 - 7206}: Proc(Log::Entry, IO, Nil).class
{7207 - 7207}: Proc(Array(String), Array(String), Nil).class
{7208 - 7208}: Proc(HTTP::Request, Nil).class
{7209 - 7209}: Proc(Slice(UInt8), Nil).class
{7210 - 7210}: Proc(HTTP::WebSocket::CloseCode, String, Nil).class
{7211 - 7211}: Proc(HTTP::WebSocket, HTTP::Server::Context, Nil).class
{7212 - 7212}: Proc(String, String).class
{7213 - 7213}: Proc(String, String, Tuple(String, Array(String))).class
{7214 - 7214}: Proc(IO, String, Nil).class
{7215 - 7215}: Proc(IO, String, String, Nil).class
{7216 - 7216}: Proc(Hash(String, Crystal), String, Crystal).class
{7217 - 7217}: Proc(Hash(String, Log::Metadata::Value), String, Log::Metadata::Value).class
{7218 - 7218}: Proc(Hash(String, JSON::Any), String, JSON::Any).class
{7219 - 7219}: Proc(Hash(String, Array(String) | String), String, (Array(String) | String)).class
{7220 - 7220}: Proc(Hash(String, String), String, String).class
{7221 - 7221}: Proc(Hash(String, Crystal::MetaVar), String, Crystal::MetaVar).class
{7222 - 7222}: Proc(Hash(String, Nil), String, Nil).class
{7223 - 7223}: Proc(Hash(String, String | Nil), String, (String | Nil)).class
{7224 - 7224}: Proc(Hash(Int32, Tuple(Int32, Int32, Int32)), Int32, Tuple(Int32, Int32, Int32)).class
{7225 - 7225}: Proc(Hash(Int32, Tuple(Int32, Int32)), Int32, Tuple(Int32, Int32)).class
{7226 - 7226}: Proc(Hash(Int64, Int32), Int64, Int32).class
{7227 - 7227}: Proc(Hash(Crystal::AnnotationType, Array(Crystal::Annotation)), Crystal::AnnotationType, Array(Crystal::Annotation)).class
{7228 - 7228}: Proc(Hash(Int32, Crystal::Expressions), Int32, Crystal::Expressions).class
{7229 - 7229}: Proc(Hash(Int32, Array(Crystal::Lexer::LocPopPragma | Crystal::Lexer::LocPushPragma | Crystal::Lexer::LocSetPragma)), Int32, Array(Crystal::Lexer::LocPopPragma | Crystal::Lexer::LocPushPragma | Crystal::Lexer::LocSetPragma)).class
{7230 - 7230}: Proc(Hash(String, Array(Crystal::DefWithMetadata)), String, Array(Crystal::DefWithMetadata)).class
{7231 - 7231}: Proc(Hash(String, Array(Crystal::Macro)), String, Array(Crystal::Macro)).class
{7232 - 7232}: Proc(Hash(String, Crystal::ASTNode), String, Crystal::ASTNode).class
{7233 - 7233}: Proc(Hash(Crystal::Def, Array(Crystal::Type)), Crystal::Def, Array(Crystal::Type)).class
{7234 - 7234}: Proc(Hash(Bool, Array(Crystal::ExhaustivenessChecker::Target)), Bool, Array(Crystal::ExhaustivenessChecker::Target)).class
{7235 - 7235}: Proc(Hash(Crystal::Const, Array(Crystal::ExhaustivenessChecker::Target)), Crystal::Const, Array(Crystal::ExhaustivenessChecker::Target)).class
{7236 - 7236}: Proc(Hash(String, Array(Crystal::ASTNode)), String, Array(Crystal::ASTNode)).class
{7237 - 7237}: Proc(Hash(String, Crystal::ASTNode | Crystal::Type), String, (Crystal::ASTNode | Crystal::Type)).class
{7238 - 7238}: Proc(Hash(String, Crystal::Arg), String, Crystal::Arg).class
{7239 - 7239}: Proc(Hash(Crystal::Def, Crystal::Def), Crystal::Def, Crystal::Def).class
{7240 - 7240}: Proc(Hash(String, Crystal::Type), String, Crystal::Type).class
{7241 - 7241}: Proc(Hash(String, Bool | Int32 | String), String, (Bool | Int32 | String)).class
{7242 - 7242}: Proc(Hash(String, Int32), String, Int32).class
{7243 - 7243}: Proc(Hash(Crystal::Def, Int32), Crystal::Def, Int32).class
{7244 - 7244}: Proc(Hash(String, Tuple(Int32, Crystal::Type)), String, Tuple(Int32, Crystal::Type)).class
{7245 - 7245}: Proc(Hash(Int32, Crystal::ASTNode), Int32, Crystal::ASTNode).class
{7246 - 7246}: Proc(Hash(Crystal::Def, Crystal::Repl::CompiledDef), Crystal::Def, Crystal::Repl::CompiledDef).class
{7247 - 7247}: Proc(Hash(Crystal::External, Crystal::Repl::LibFunction), Crystal::External, Crystal::Repl::LibFunction).class
{7248 - 7248}: Proc(Hash(Crystal::Repl::Context::MultidispatchKey, Crystal::Def), Crystal::Repl::Context::MultidispatchKey, Crystal::Def).class
{7249 - 7249}: Proc(Hash(Pointer(Void), Crystal::Repl::CompiledDef), Pointer(Void), Crystal::Repl::CompiledDef).class
{7250 - 7250}: Proc(Hash(Crystal::SyntaxHighlighter::TokenType, Colorize::Color256 | Colorize::ColorANSI | Colorize::ColorRGB), Crystal::SyntaxHighlighter::TokenType, (Colorize::Color256 | Colorize::ColorANSI | Colorize::ColorRGB)).class
{7251 - 7251}: Proc(Hash(String, Crystal::CodeGenVisitor::ModuleInfo), String, Crystal::CodeGenVisitor::ModuleInfo).class
{7252 - 7252}: Proc(Hash(String, Crystal::CodeGenVisitor::LLVMVar), String, Crystal::CodeGenVisitor::LLVMVar).class
{7253 - 7253}: Proc(Hash(Tuple(LLVM::Module, String), LLVM::Type), Tuple(LLVM::Module, String), LLVM::Type).class
{7254 - 7254}: Proc(Hash(Crystal::ASTNode, Crystal::CodeGenVisitor::Handler), Crystal::ASTNode, Crystal::CodeGenVisitor::Handler).class
{7255 - 7255}: Proc(Hash(Int32, Int32), Int32, Int32).class
{7256 - 7256}: Proc(Hash(Crystal::Type, LLVM::Type), Crystal::Type, LLVM::Type).class
{7257 - 7257}: Proc(Hash(Tuple(UInt64, Symbol), Nil), Tuple(UInt64, Symbol), Nil).class
{7258 - 7258}: Proc(Hash(UInt64, UInt64), UInt64, UInt64).class
{7259 - 7259}: Proc(Hash(Signal, Proc(Signal, Nil)), Signal, Proc(Signal, Nil)).class
{7260 - 7260}: Proc(Hash(Int32, Channel(Int32)), Int32, Channel(Int32)).class
{7261 - 7261}: Proc(Hash(String, NamedTuple(time: Time, location: Time::Location)), String, NamedTuple(time: Time, location: Time::Location)).class
{7262 - 7262}: Proc(Hash(Log::Backend, Log::Severity), Log::Backend, Log::Severity).class
{7263 - 7263}: Proc(Hash(String, WeakRef(Log)), String, WeakRef(Log)).class
{7264 - 7264}: Proc(Hash(LLVM::Attribute, UInt32), LLVM::Attribute, UInt32).class
{7265 - 7265}: Proc(Hash(String, Crystal::NamedType), String, Crystal::NamedType).class
{7266 - 7266}: Proc(Hash(Crystal::DefInstanceKey, Crystal::Def), Crystal::DefInstanceKey, Crystal::Def).class
{7267 - 7267}: Proc(Hash(String, Crystal::MetaTypeVar), String, Crystal::MetaTypeVar).class
{7268 - 7268}: Proc(Hash(Array(Crystal::ASTNode | Crystal::Type), Crystal::Type), Array(Crystal::ASTNode | Crystal::Type), Crystal::Type).class
{7269 - 7269}: Proc(Hash(String, Crystal::TypeParameter), String, Crystal::TypeParameter).class
{7270 - 7270}: Proc(Hash(Int32 | Range(Int32, Int32), Crystal::Def), (Int32 | Range(Int32, Int32)), Crystal::Def).class
{7271 - 7271}: Proc(Hash(Array(Crystal::NamedArgumentType), Crystal::Type), Array(Crystal::NamedArgumentType), Crystal::Type).class
{7272 - 7272}: Proc(Hash(Int32, Crystal::Def), Int32, Crystal::Def).class
{7273 - 7273}: Proc(Hash(String, Crystal::FileModule), String, Crystal::FileModule).class
{7274 - 7274}: Proc(Hash(Array(UInt64), Crystal::UnionType), Array(UInt64), Crystal::UnionType).class
{7275 - 7275}: Proc(Hash(String, OptionParser::Handler), String, OptionParser::Handler).class
{7276 - 7276}: Proc(Hash(String, Array(Int32)), String, Array(Int32)).class
{7277 - 7277}: Proc(Hash(String, Tuple(Crystal::ASTNode, Crystal::ASTNode)), String, Tuple(Crystal::ASTNode, Crystal::ASTNode)).class
{7278 - 7278}: Proc(Hash(Crystal::ClassVarContainer, Hash(String, Tuple(Crystal::ASTNode, Crystal::ASTNode))), Crystal::ClassVarContainer, Hash(String, Tuple(Crystal::ASTNode, Crystal::ASTNode))).class
{7279 - 7279}: Proc(Hash(String, Crystal::TypeFilter), String, Crystal::TypeFilter).class
{7280 - 7280}: Proc(Hash(String, Crystal::TypeDeclarationProcessor::TypeDeclarationWithLocation), String, Crystal::TypeDeclarationProcessor::TypeDeclarationWithLocation).class
{7281 - 7281}: Proc(Hash(Crystal::Type, Hash(String, Crystal::TypeDeclarationProcessor::TypeDeclarationWithLocation)), Crystal::Type, Hash(String, Crystal::TypeDeclarationProcessor::TypeDeclarationWithLocation)).class
{7282 - 7282}: Proc(Hash(String, Crystal::TypeDeclarationProcessor::InstanceVarTypeInfo), String, Crystal::TypeDeclarationProcessor::InstanceVarTypeInfo).class
{7283 - 7283}: Proc(Hash(Crystal::Type, Hash(String, Crystal::TypeDeclarationProcessor::InstanceVarTypeInfo)), Crystal::Type, Hash(String, Crystal::TypeDeclarationProcessor::InstanceVarTypeInfo)).class
{7284 - 7284}: Proc(Hash(Crystal::Type, Array(Crystal::TypeDeclarationProcessor::InitializeInfo)), Crystal::Type, Array(Crystal::TypeDeclarationProcessor::InitializeInfo)).class
{7285 - 7285}: Proc(Hash(Crystal::Type, Array(String)), Crystal::Type, Array(String)).class
{7286 - 7286}: Proc(Hash(String, Crystal::TypeDeclarationProcessor::InitializeInfo), String, Crystal::TypeDeclarationProcessor::InitializeInfo).class
{7287 - 7287}: Proc(Hash(Crystal::Type, Hash(String, Crystal::TypeDeclarationProcessor::InitializeInfo)), Crystal::Type, Hash(String, Crystal::TypeDeclarationProcessor::InitializeInfo)).class
{7288 - 7288}: Proc(Hash(String, Crystal::TypeDeclarationProcessor::Error), String, Crystal::TypeDeclarationProcessor::Error).class
{7289 - 7289}: Proc(Hash(Crystal::Type, Hash(String, Crystal::TypeDeclarationProcessor::Error)), Crystal::Type, Hash(String, Crystal::TypeDeclarationProcessor::Error)).class
{7290 - 7290}: Proc(Hash(String, Crystal::TypeGuessVisitor::TypeInfo), String, Crystal::TypeGuessVisitor::TypeInfo).class
{7291 - 7291}: Proc(Hash(Crystal::ClassVarContainer, Hash(String, Crystal::TypeGuessVisitor::TypeInfo)), Crystal::ClassVarContainer, Hash(String, Crystal::TypeGuessVisitor::TypeInfo)).class
{7292 - 7292}: Proc(Hash(Crystal::ClassVarContainer, Hash(String, Crystal::TypeDeclarationProcessor::TypeDeclarationWithLocation)), Crystal::ClassVarContainer, Hash(String, Crystal::TypeDeclarationProcessor::TypeDeclarationWithLocation)).class
{7293 - 7293}: Proc(Hash(String, Crystal::External), String, Crystal::External).class
{7294 - 7294}: Proc(Hash(String, Array(String)), String, Array(String)).class
{7295 - 7295}: Proc(Hash(String, Hash(String, String) | String), String, (Hash(String, String) | String)).class
{7296 - 7296}: Proc(Hash(Crystal::Type, Crystal::Doc::Type), Crystal::Type, Crystal::Doc::Type).class
{7297 - 7297}: Proc(Hash(String, Set(String)), String, Set(String)).class
{7298 - 7298}: Proc(Hash(HTTP::Headers::Key, Array(String) | String), HTTP::Headers::Key, (Array(String) | String)).class
{7299 - 7299}: Proc(Hash(String, HTTP::Cookie), String, HTTP::Cookie).class
{7300 - 7300}: Proc(Hash(Int32, Crystal::Playground::Session), Int32, Crystal::Playground::Session).class
{7301 - 7301}: Proc(Hash(Crystal::Location, Int32), Crystal::Location, Int32).class
{7302 - 7302}: Proc(Hash(Crystal::Repl::ClassVars::Key, Crystal::Repl::ClassVars::Value), Crystal::Repl::ClassVars::Key, Crystal::Repl::ClassVars::Value).class
{7303 - 7303}: Proc(Hash(Crystal::Const, Crystal::Repl::Constants::Value), Crystal::Const, Crystal::Repl::Constants::Value).class
{7304 - 7304}: Proc(Hash(Tuple(UInt64, UInt64), Crystal::Repl::FFIClosureContext), Tuple(UInt64, UInt64), Crystal::Repl::FFIClosureContext).class
{7305 - 7305}: Proc(Hash(Crystal::Type, Array(Crystal::Repl::CompiledDef)), Crystal::Type, Array(Crystal::Repl::CompiledDef)).class
{7306 - 7306}: Proc(Hash(Crystal::Type, Int32), Crystal::Type, Int32).class
{7307 - 7307}: Proc(Hash(Crystal::Repl::LocalVars::Key, Crystal::Type), Crystal::Repl::LocalVars::Key, Crystal::Type).class
{7308 - 7308}: Proc(Hash(Crystal::Repl::LocalVars::Key, Int32), Crystal::Repl::LocalVars::Key, Int32).class
{7309 - 7309}: Proc(Hash(Crystal::MacroInterpreter::MacroVarKey, String), Crystal::MacroInterpreter::MacroVarKey, String).class
{7310 - 7310}: Proc(Hash(String, Crystal::Program::CompiledMacroRun), String, Crystal::Program::CompiledMacroRun).class
{7311 - 7311}: Proc(Hash(String, Crystal::MacroType), String, Crystal::MacroType).class
{7312 - 7312}: Proc(Hash(Crystal::Type, Crystal::CodeGenVisitor::ModuleInfo), Crystal::Type, Crystal::CodeGenVisitor::ModuleInfo).class
{7313 - 7313}: Proc(Hash(Crystal::CodeGenVisitor::StringKey, LLVM::Value), Crystal::CodeGenVisitor::StringKey, LLVM::Value).class
{7314 - 7314}: Proc(Hash(Crystal::VirtualFile | String | Nil, LibLLVM::MetadataRef), (Crystal::VirtualFile | String | Nil), LibLLVM::MetadataRef).class
{7315 - 7315}: Proc(Hash(LLVM::Module, Hash(Crystal::VirtualFile | String | Nil, LibLLVM::MetadataRef)), LLVM::Module, Hash(Crystal::VirtualFile | String | Nil, LibLLVM::MetadataRef)).class
{7316 - 7316}: Proc(Hash(Crystal::Type, LibLLVM::MetadataRef | Nil), Crystal::Type, (LibLLVM::MetadataRef | Nil)).class
{7317 - 7317}: Proc(Hash(LLVM::Module, Hash(Crystal::Type, LibLLVM::MetadataRef | Nil)), LLVM::Module, Hash(Crystal::Type, LibLLVM::MetadataRef | Nil)).class
{7318 - 7318}: Proc(Hash(LLVM::Module, Crystal::CodeGenVisitor::DIBuilder), LLVM::Module, Crystal::CodeGenVisitor::DIBuilder).class
{7319 - 7319}: Proc(Hash(LLVM::Function, Array(Crystal::CodeGenVisitor::FunMetadata)), LLVM::Function, Array(Crystal::CodeGenVisitor::FunMetadata)).class
{7320 - 7320}: Proc(Hash(Tuple(String, String), LibLLVM::MetadataRef), Tuple(String, String), LibLLVM::MetadataRef).class
{7321 - 7321}: Proc(Hash(Crystal::Type, Tuple(Int32, Int32)), Crystal::Type, Tuple(Int32, Int32)).class
{7322 - 7322}: Proc(Hash(String, LLVM::Type), String, LLVM::Type).class
{7323 - 7323}: Proc(Hash(Thread, Pointer(LibPCRE2::JITStack)), Thread, Pointer(LibPCRE2::JITStack)).class
{7324 - 7324}: Proc(Hash(Thread, Pointer(LibPCRE2::MatchData)), Thread, Pointer(LibPCRE2::MatchData)).class
{7325 - 7325}: Proc(Hash(Crystal::Type, Nil), Crystal::Type, Nil).class
{7326 - 7326}: Proc(Hash(Crystal::Def, Nil), Crystal::Def, Nil).class
{7327 - 7327}: Proc(Hash(Crystal::ASTNode, Nil), Crystal::ASTNode, Nil).class
{7328 - 7328}: Proc(Hash(Int32, Nil), Int32, Nil).class
{7329 - 7329}: Proc(Hash(Int64, Array(Crystal::DWARF::Abbrev)), Int64, Array(Crystal::DWARF::Abbrev)).class
{7330 - 7330}: Proc(Tuple(Crystal::Type, UInt64), Tuple(Crystal::Type, UInt64), Int32).class
{7331 - 7331}: Proc(Tuple(Crystal::Type, String), Tuple(Crystal::Type, String), Int32).class
{7332 - 7332}: Proc(Tuple(Crystal::NamedArgumentType, String), Tuple(Crystal::NamedArgumentType, String), Int32).class
{7333 - 7333}: Proc(Hash(Char, String), Char, String).class
{7334 - 7334}: Proc(Fiber, Nil).class
{7335 - 7335}: Proc(Hash(Int32, Channel(Int32))).class
{7336 - 7336}: Proc(UInt32).class
{7337 - 7337}: Proc(IO, String, IO).class
{7338 - 7338}: Proc(IO, String, String, IO).class
{7339 - 7339}: Proc(Tuple(Crystal::Arg, String), Tuple(Crystal::Arg, String), Int32).class
{7340 - 7340}: Proc(Hash(Char, Char), Char, Char).class
{7341 - 7341}: Proc(Hash(Crystal::Type, Crystal::Matches), Crystal::Type, Crystal::Matches).class
{7342 - 7342}: Proc(Tuple(Crystal::Type, Tuple(Int32, Int32, String)), Tuple(Crystal::Type, Tuple(Int32, Int32, String)), Int32).class
{7343 - 7343}: Proc(Hash(Crystal::Type, Crystal::Type), Crystal::Type, Crystal::Type).class
{7344 - 7344}: Proc(Hash(Bool, Array(String)), Bool, Array(String)).class
{7345 - 7345}: Proc(Hash(Crystal::Const, Array(String)), Crystal::Const, Array(String)).class
{7346 - 7346}: Proc(Tuple(Crystal::Type, Int32), Tuple(Crystal::Type, Int32), Int32).class
{7347 - 7347}: Proc(Hash(Int32, Crystal::Type), Int32, Crystal::Type).class
{7348 - 7348}: Proc(String, NoReturn).class
{7349 - 7349}: Proc(Tuple(Crystal::Program::RequireWithTimestamp, String), Tuple(Crystal::Program::RequireWithTimestamp, String), Int32).class
{7350 - 7350}: Proc(Tuple(Tuple(Int32, Int32), Int32), Tuple(Tuple(Int32, Int32), Int32), Int32).class
{7351 - 7351}: Proc(Hash(LLVM::Value, LLVM::BasicBlock), LLVM::Value, LLVM::BasicBlock).class
{7352 - 7352}: Proc(Tuple(Tuple(Crystal::Type, Tuple(Int32, Int32)), Tuple(Int32, Int32)), Tuple(Tuple(Crystal::Type, Tuple(Int32, Int32)), Tuple(Int32, Int32)), Int32).class
{7353 - 7353}: Proc(Tuple(String, Time), Tuple(String, Time), Int32).class
{7354 - 7354}: Proc(Hash(Int32 | String, String | Nil), (Int32 | String), (String | Nil)).class
{7355 - 7355}: Proc(Hash(Int32, String), Int32, String).class
{7356 - 7356}: Proc(Crystal::ASTNode, Crystal::ASTNode, (Int32 | Nil)).class
{7357 - 7357}: Proc(Tuple(Crystal::ASTNode, InterpretCompareWrapper), Tuple(Crystal::ASTNode, InterpretCompareWrapper), (Int32 | Nil)).class
{7358 - 7358}: Proc(Hash(Crystal::MacroType, Crystal::MacroType), Crystal::MacroType, Crystal::MacroType).class
{7359 - 7359}: Proc(Tuple(Tuple(Int32, Crystal::NamedArgument), Int32), Tuple(Tuple(Int32, Crystal::NamedArgument), Int32), Int32).class
{7360 - 7360}: Proc(Hash(Crystal::ASTNode | Crystal::Type, Crystal::ASTNode | Crystal::Type), (Crystal::ASTNode | Crystal::Type), (Crystal::ASTNode | Crystal::Type)).class
{7361 - 7361}: Proc(Hash(Crystal::ASTNode | Crystal::Type, Nil), (Crystal::ASTNode | Crystal::Type), Nil).class
{7362 - 7362}: Proc(Tuple(Crystal::ASTNode | Crystal::Type, String), Tuple(Crystal::ASTNode | Crystal::Type, String), Int32).class
{7363 - 7363}: Proc(Hash(Int32 | String, Int32 | String), (Int32 | String), (Int32 | String)).class
{7364 - 7364}: Proc(Hash(Array(String), Array(String)), Array(String), Array(String)).class
{7365 - 7365}: Proc(Hash(Crystal::ASTNode, Crystal::ASTNode), Crystal::ASTNode, Crystal::ASTNode).class
{7366 - 7366}: Proc(NoReturn).class
{7367 - 7367}: Proc(Fiber).class
{7368 - 7368}: Proc(Hash(String, Hash(String, String)), String, Hash(String, String)).class
{7369 - 7369}: Proc(Hash(Markd::Node::Type, Markd::Rule::BlockQuote | Markd::Rule::CodeBlock | Markd::Rule::Document | Markd::Rule::HTMLBlock | Markd::Rule::Heading | Markd::Rule::Item | Markd::Rule::List | Markd::Rule::Paragraph | Markd::Rule::ThematicBreak), Markd::Node::Type, (Markd::Rule::BlockQuote | Markd::Rule::CodeBlock | Markd::Rule::Document | Markd::Rule::HTMLBlock | Markd::Rule::Heading | Markd::Rule::Item | Markd::Rule::List | Markd::Rule::Paragraph | Markd::Rule::ThematicBreak)).class
{7370 - 7370}: Proc(Hash(Char, Markd::Parser::Inline::Delimiter | Nil), Char, (Markd::Parser::Inline::Delimiter | Nil)).class
{7371 - 7371}: Proc(Hash(String, Time::Location), String, Time::Location).class
{7372 - 7372}: Proc(Socket, Fiber).class
{7373 - 7373}: Proc(Tuple(Crystal::Doc::Type, String), Tuple(Crystal::Doc::Type, String), Int32).class
{7374 - 7374}: Proc(Tuple(Crystal::Doc::Method, Tuple(Int32, String)), Tuple(Crystal::Doc::Method, Tuple(Int32, String)), Int32).class
{7375 - 7375}: Proc(Hash(Crystal::Doc::Method, Nil), Crystal::Doc::Method, Nil).class
{7376 - 7376}: Proc(Tuple(Crystal::Doc::Macro, Tuple(Int32, String)), Tuple(Crystal::Doc::Macro, Tuple(Int32, String)), Int32).class
{7377 - 7377}: Proc(Tuple(Crystal::Doc::Constant, String), Tuple(Crystal::Doc::Constant, String), Int32).class
{7378 - 7378}: Proc(Hash(Crystal::Doc::Type, Crystal::Doc::Type), Crystal::Doc::Type, Crystal::Doc::Type).class
{7379 - 7379}: Proc(Hash(String, Array(Crystal::Doc::Method)), String, Array(Crystal::Doc::Method)).class
{7380 - 7380}: Proc(Hash(String, Array(Crystal::Doc::Macro)), String, Array(Crystal::Doc::Macro)).class
{7381 - 7381}: Proc(Hash(Crystal::MetaTypeVar, Tuple(Crystal::Type, UInt64 | Nil)), Crystal::MetaTypeVar, Tuple(Crystal::Type, UInt64 | Nil)).class
{7382 - 7382}: Proc(Tuple(Tuple(Crystal::Def, Int32), Tuple(String, Int32, Int32)), Tuple(Tuple(Crystal::Def, Int32), Tuple(String, Int32, Int32)), Int32).class
{7383 - 7383}: Proc(Hash(String, Hash(Int32, Int32)), String, Hash(Int32, Int32)).class
{7384 - 7384}: Enum.class
{7385 - 7385}: Proc(*T, R).class
{7386 - 7386}: Union(*T).class
{7387 - 7387}: ReferenceStorage(T).class
{7388 - 7388}: GC:Module
{7389 - 7389}: Crystal:Module
{7390 - 7390}: Math:Module
{7391 - 7391}: LibIntrinsics
{7392 - 7392}: Indexable(T):Module
{7393 - 7393}: Crystal::System::Dir:Module
{7394 - 7394}: ENV:Module
{7395 - 7395}: Crystal::System::Env:Module
{7396 - 7396}: Crystal::System::File:Module
{7397 - 7397}: Errno.class
{7398 - 7398}: Unicode:Module
{7399 - 7399}: Errno
{7400 - 7400}: Path::Kind.class
{7401 - 7401}: File::Permissions.class
{7402 - 7402}: Crystal::System::Random:Module
{7403 - 7403}: Crystal::System::FileDescriptor:Module
{7404 - 7404}: Atomic::Ops:Module
{7405 - 7405}: Crystal::System::Thread:Module
{7406 - 7406}: Crystal::System::Fiber:Module
{7407 - 7407}: Crystal::System::Time:Module
{7408 - 7408}: Crystal::System:Module
{7409 - 7409}: IO::ByteFormat::LittleEndian:Module
{7410 - 7410}: Crystal::MachO::CpuType.class
{7411 - 7411}: IO::ByteFormat::BigEndian:Module
{7412 - 7412}: Crystal::MachO::FileType.class
{7413 - 7413}: Crystal::MachO::Flags.class
{7414 - 7414}: Crystal::MachO::LoadCommand.class
{7415 - 7415}: Crystal::DWARF:Module
{7416 - 7416}: Crystal::DWARF::LineNumbers::LNCT.class
{7417 - 7417}: Crystal::DWARF::FORM.class
{7418 - 7418}: Crystal::DWARF::LNE.class
{7419 - 7419}: Crystal::DWARF::LNS.class
{7420 - 7420}: Crystal::DWARF::TAG.class
{7421 - 7421}: Crystal::DWARF::AT.class
{7422 - 7422}: Intrinsics:Module
{7423 - 7423}: Iterator(T):Module
{7424 - 7424}: Crystal::AtExitHandlers:Module
{7425 - 7425}: Crystal::System::Signal:Module
{7426 - 7426}: Colorize::ColorANSI
{7427 - 7427}: Colorize:Module
{7428 - 7428}: Colorize::Mode.class
{7429 - 7429}: Regex::Options.class
{7430 - 7430}: Regex::Options
{7431 - 7431}: Regex::PCRE2:Module
{7432 - 7432}: LibPCRE2::Error.class
{7433 - 7433}: Regex::MatchOptions.class
{7434 - 7434}: Regex::MatchOptions
{7435 - 7435}: String::Formatter::Mode
{7436 - 7436}: HTTP:Module
{7437 - 7437}: Time::Format::HTTP_DATE:Module
{7438 - 7438}: Time::DayOfWeek.class
{7439 - 7439}: Random::Secure:Module
{7440 - 7440}: Float::Printer::RyuPrintf:Module
{7441 - 7441}: LibM
{7442 - 7442}: (UInt32 | Nil).class
{7443 - 7443}: Float::Printer::Hexfloat(Float64, UInt64).class
{7444 - 7444}: Float::Printer:Module
{7445 - 7445}: Float::Printer::IEEE:Module
{7446 - 7446}: Crystal::NumberKind.class
{7447 - 7447}: LLVM:Module
{7448 - 7448}: Float::FastFloat:Module
{7449 - 7449}: Float::FastFloat::Detail:Module
{7450 - 7450}: Enumerable(T):Module
{7451 - 7451}: /Users/sergey/Projects/Crystal/crystal/src/compiler/crystal/types.cr
{7452 - 7452}: Crystal::NumberKind
{7453 - 7453}: Levenshtein:Module
{7454 - 7454}: Crystal::Token::Kind
{7455 - 7455}: Crystal::Keyword
{7456 - 7456}: Crystal::Lexer::MacroKeywordState
{7457 - 7457}: Crystal::Visibility
{7458 - 7458}: Crystal::Keyword.class
{7459 - 7459}: Crystal::Config:Module
{7460 - 7460}: Signal.class
{7461 - 7461}: Crystal::System::SignalChildHandler:Module
{7462 - 7462}: Process::Redirect
{7463 - 7463}: WasiError
{7464 - 7464}: WinError
{7465 - 7465}: Signal
{7466 - 7466}: Reply::Term::Size:Module
{7467 - 7467}: Reply::Term::Cursor:Module
{7468 - 7468}: Crystal::TopLevelVisitor::PrimitiveType.class
{7469 - 7469}: Crystal::TopLevelVisitor::PrimitiveType
{7470 - 7470}: Crystal::Parser::ParseMode
{7471 - 7471}: LLVM::CallConvention.class
{7472 - 7472}: LLVM::CallConvention
{7473 - 7473}: Crystal::System::Path:Module
{7474 - 7474}: Float::Printer::Dragonbox:Module
{7475 - 7475}: Float::Printer::Dragonbox::ImplInfo_Float64:Module
{7476 - 7476}: Float::Printer::Dragonbox::Impl(Float64, Float::Printer::Dragonbox::ImplInfo_Float64).class
{7477 - 7477}: Float::Printer::Dragonbox::Log:Module
{7478 - 7478}: Float::Printer::Dragonbox::WUInt:Module
{7479 - 7479}: Float::Printer::Dragonbox::Div:Module
{7480 - 7480}: Crystal::Repl::Multidispatch:Module
{7481 - 7481}: Crystal::Conversions:Module
{7482 - 7482}: Float::Printer::Dragonbox::ImplInfo_Float32:Module
{7483 - 7483}: Float::Printer::Dragonbox::Impl(Float32, Float::Printer::Dragonbox::ImplInfo_Float32).class
{7484 - 7484}: Crystal::Repl::Compiler::MixedNumberKind
{7485 - 7485}: Crystal::Repl::Compiler::FloatPredicate.class
{7486 - 7486}: Crystal::Repl::Compiler::FloatPredicate
{7487 - 7487}: Crystal::CrystalLibraryPath:Module
{7488 - 7488}: Reply::CharReader::Sequence
{7489 - 7489}: Crystal::Repl::Disassembler:Module
{7490 - 7490}: Crystal::Repl::OpCode.class
{7491 - 7491}: Crystal::Repl::OpCode
{7492 - 7492}: Void.class
{7493 - 7493}: JSON::PullParser::Kind
{7494 - 7494}: JSON::PullParser::ObjectStackKind
{7495 - 7495}: (String | Nil).class
{7496 - 7496}: JSON:Module
{7497 - 7497}: Time::DayOfWeek
{7498 - 7498}: LLVM::Attribute
{7499 - 7499}: LLVM::ABI::X86_64::RegClass
{7500 - 7500}: LLVM::Attribute.class
{7501 - 7501}: LLVM::AtomicOrdering.class
{7502 - 7502}: LLVM::AtomicOrdering
{7503 - 7503}: LLVM::AtomicRMWBinOp.class
{7504 - 7504}: LLVM::AtomicRMWBinOp
{7505 - 7505}: FileUtils:Module
{7506 - 7506}: LibC::FlockOp.class
{7507 - 7507}: Log::DirectDispatcher:Module
{7508 - 7508}: Log::Dispatcher:Module
{7509 - 7509}: Time::Format::RFC_3339:Module
{7510 - 7510}: Log::Severity
{7511 - 7511}: Log::Severity.class
{7512 - 7512}: Crystal::Init:Module
{7513 - 7513}: Crystal::Git:Module
{7514 - 7514}: Crystal::FramePointers.class
{7515 - 7515}: Crystal::FramePointers
{7516 - 7516}: Crystal::Compiler::EmitTarget.class
{7517 - 7517}: Crystal::Compiler::EmitTarget
{7518 - 7518}: Crystal::Compiler::OptimizationMode.class
{7519 - 7519}: Crystal::Compiler::OptimizationMode
{7520 - 7520}: Crystal::System::Addrinfo:Module
{7521 - 7521}: Socket::Family.class
{7522 - 7522}: Socket::Family
{7523 - 7523}: Socket::Type.class
{7524 - 7524}: Socket::Type
{7525 - 7525}: Socket::Protocol.class
{7526 - 7526}: Socket::Protocol
{7527 - 7527}: Crystal::System::Socket:Module
{7528 - 7528}: HTTP::Status
{7529 - 7529}: File::MatchOptions.class
{7530 - 7530}: Dir::Globber:Module
{7531 - 7531}: Markd:Module
{7532 - 7532}: Markd::Parser:Module
{7533 - 7533}: Markd::Utils:Module
{7534 - 7534}: HTML:Module
{7535 - 7535}: Markd::HTMLEntities::Decoder:Module
{7536 - 7536}: Markd::Node::Type
{7537 - 7537}: Base64:Module
{7538 - 7538}: HTTP::WebSocket::Protocol::Opcode.class
{7539 - 7539}: HTTP::WebSocket::Protocol::Opcode
{7540 - 7540}: HTTP::WebSocket::CloseCode.class
{7541 - 7541}: HTTP::WebSocket::CloseCode
{7542 - 7542}: MIME:Module
{7543 - 7543}: Crystal::System::MIME:Module
{7544 - 7544}: MIME::Multipart:Module
{7545 - 7545}: Crystal::Doc::HTMLOption
{7546 - 7546}: Crystal::Doc:Module
{7547 - 7547}: JSON::ArrayConverter(Crystal::PrettyTypeNameJsonConverter).class
{7548 - 7548}: Crystal::DependencyPrinter::Format.class
{7549 - 7549}: Crystal::DependencyPrinter::Format
{7550 - 7550}: Process::Redirect.class
{7551 - 7551}: Crystal::Once:Module
{7552 - 7552}: LibUnwind::ReasonCode
